     3.04           OBSERVATION DATA    G                   RINEX VERSION / TYPE
GR50 V4.80          ICGC                20260227 235942 UTC PGM / RUN BY / DATE 
gfzrnx-1.12-7747    FILE PROCESSING     20260915 172147 UTC COMMENT             
EBRE00ESP                                                   MARKER NAME         
13410M001                                                   MARKER NUMBER       
ICGC Geodesy Team   ICGC                                    OBSERVER / AGENCY   
1831701             LEICA GR50          4.80/7.900          REC # / TYPE / VERS 
726359              LEIAR25.R4      NONE                    ANT # / TYPE        
        0.0770        0.0000        0.0000                  ANTENNA: DELTA H/E/N
  4833520.3640    41536.8300  4147461.2910                  APPROX POSITION XYZ 
G   16 C1C C2S C2W C5Q D1C D2S D2W D5Q L1C L2S L2W L5Q S1C  SYS / # / OBS TYPES 
       S2S S2W S5Q                                          SYS / # / OBS TYPES 
SNR is mapped to RINEX snr flag value [1-9]                 COMMENT             
LX:     < 12dBHz -> 1; 12-17dBHz -> 2; 18-23dBHz -> 3       COMMENT             
       24-29dBHz -> 4; 30-35dBHz -> 5; 36-41dBHz -> 6       COMMENT             
       42-47dBHz -> 7; 48-53dBHz -> 8; >= 54dBHz -> 9       COMMENT             
DBHZ                                                        SIGNAL STRENGTH UNIT
     0                                                      RCV CLOCK OFFS APPL 
G L1C                                                       SYS / PHASE SHIFT   
G L2S -0.25000                                              SYS / PHASE SHIFT   
G L2W                                                       SYS / PHASE SHIFT   
G L5Q -0.25000                                              SYS / PHASE SHIFT   
    18    18  1929     7                                    LEAP SECONDS        
     1                                                      # OF SATELLITES     
   G06   480   480   480   480   480   480   480   480   480PRN / # OF OBS      
         480   480   480   480   480   480   480            PRN / # OF OBS      
    30.000                                                  INTERVAL            
  2026     2    28    20     0    0.0000000     GPS         TIME OF FIRST OBS   
  2026     2    28    23    59   30.0000000     GPS         TIME OF LAST OBS    
                                                            END OF HEADER      
> 2026 02 28 20 00 00.0000000  0  1
G06  25207949.742    25207954.177    25207953.694    25207954.694        3129.988        2438.958        2438.957        2337.503   132468678.66407 103222380.54806 103222356.55506  98921420.16607        42.150          36.850          41.600          42.450
> 2026 02 28 20 00 30.0000000  0  1
G06  25190075.744    25190080.122    25190079.532    25190080.655        3130.898        2439.669        2439.668        2338.194   132374751.50906 103149190.74906 103149166.74506  98851279.95007        41.050          37.950          41.300          42.550
> 2026 02 28 20 01 00.0000000  0  1
G06  25172195.961    25172200.289    25172199.625    25172200.981        3132.461        2440.883        2440.883        2339.253   132280793.99706 103075977.24206 103075953.23406  98781117.07307        40.200          36.850          39.400          42.600
> 2026 02 28 20 01 30.0000000  0  1
G06  25154310.489    25154314.860    25154314.203    25154315.863        3133.177        2441.443        2441.445        2339.934   132186807.05706 103002740.80606 103002716.82506  98710932.22107        40.100          37.750          40.000          42.800
> 2026 02 28 20 02 00.0000000  0  1
G06  25136419.525    25136424.345    25136423.729    25136425.050        3134.146        2442.198        2442.198        2340.389   132092791.21006 102929481.86406 102929457.85706  98640725.77907        40.600          39.100          40.150          42.850
> 2026 02 28 20 02 30.0000000  0  1
G06  25118523.457    25118528.542    25118528.052    25118528.660        3135.233        2443.044        2443.043        2341.371   131998747.53306 102856201.25306 102856177.23906  98570498.53507        40.950          39.850          41.050          42.200
> 2026 02 28 20 03 00.0000000  0  1
G06  25100622.093    25100627.355    25100626.860    25100627.149        3135.828        2443.509        2443.511        2342.062   131904675.60306 102782898.60506 102782874.60806  98500250.19707        40.200          39.650          39.650          42.300
> 2026 02 28 20 03 30.0000000  0  1
G06  25082715.979    25082721.091    25082720.694    25082721.097        3137.391        2444.726        2444.726        2342.737   131810578.47106 102709576.32206 102709552.30806  98429983.04507        40.750          40.600          41.050          42.100
> 2026 02 28 20 04 00.0000000  0  1
G06  25064804.968    25064809.954    25064809.365    25064809.888        3138.098        2445.276        2445.276        2343.041   131716455.11906 102636233.58406 102636209.58306  98359696.30307        40.000          40.500          40.350          42.250
> 2026 02 28 20 04 30.0000000  0  1
G06  25046887.642    25046892.843    25046892.156    25046892.679        3138.101        2445.280        2445.281        2343.349   131622300.34006 102562866.40106 102562842.40106  98289386.09007        39.700          39.850          40.750          42.600
> 2026 02 28 20 05 00.0000000  0  1
G06  25028967.562    25028972.703    25028972.177    25028973.004        3139.264        2446.183        2446.186        2344.307   131528131.79806 102489488.48706 102489464.49106  98219065.64107        40.900          38.700          41.550          42.700
> 2026 02 28 20 05 30.0000000  0  1
G06  25011042.827    25011047.849    25011047.378    25011048.549        3139.749        2446.563        2446.563        2344.978   131433937.58606 102416090.53906 102416066.53706  98148725.96206        40.300          39.250          41.000          41.950
> 2026 02 28 20 06 00.0000000  0  1
G06  24993114.683    24993119.378    24993118.993    24993120.217        3140.562        2447.195        2447.195        2345.126   131339725.08606 102342678.40906 102342654.40606  98078372.70306        40.900          38.850          41.100          41.800
> 2026 02 28 20 06 30.0000000  0  1
G06  24975182.798    24975187.113    24975186.766    24975187.852        3141.665        2448.056        2448.056        2346.026   131245492.09606 102269250.25006 102269226.24706  98008004.07107        41.650          39.000          41.850          42.200
> 2026 02 28 20 07 00.0000000  0  1
G06  24957246.453    24957250.308    24957249.910    24957250.808        3142.680        2448.846        2448.846        2346.682   131151234.92307 102195803.26106 102195779.25307  97937617.39207        42.650          36.200          42.650          42.350
> 2026 02 28 20 07 30.0000000  0  1
G06  24939307.081    24939310.312    24939309.734    24939310.685        3143.344        2449.362        2449.363        2347.142   131056961.49607 102122343.60306 102122319.60007  97867218.59407        42.600          37.900          42.100          43.000
> 2026 02 28 20 08 00.0000000  0  1
G06  24921364.310    24921366.843    24921366.411    24921367.497        3143.306        2449.334        2449.334        2347.274   130962670.89707 102048870.55106 102048846.53107  97796806.95807        43.700          38.100          43.700          43.350
> 2026 02 28 20 08 30.0000000  0  1
G06  24903418.203    24903420.747    24903420.346    24903421.437        3143.618        2449.578        2449.579        2347.345   130868363.70307 101975384.57106 101975360.57307  97726382.98107        43.000          39.850          43.100          43.200
> 2026 02 28 20 09 00.0000000  0  1
G06  24885468.849    24885471.602    24885471.306    24885472.093        3144.328        2450.131        2450.131        2347.869   130774040.10507 101901885.83806 101901861.82907  97655946.69707        43.750          40.100          43.650          42.950
> 2026 02 28 20 09 30.0000000  0  1
G06  24867516.849    24867520.176    24867519.724    24867520.625        3144.652        2450.382        2450.383        2348.304   130679703.49307 101828376.92106 101828352.92507  97585500.67807        43.300          39.950          42.950          43.850
> 2026 02 28 20 10 00.0000000  0  1
G06  24849562.525    24849566.377    24849565.971    24849566.956        3145.136        2450.762        2450.761        2348.387   130585354.89107 101754858.69606 101754834.68407  97515045.73907        42.050          41.500          42.200          44.050
> 2026 02 28 20 10 30.0000000  0  1
G06  24831605.790    24831610.057    24831609.597    24831610.358        3145.058        2450.699        2450.700        2348.842   130490992.71407 101681329.87907 101681305.88107  97444580.64107        43.100          42.250          42.150          44.700
> 2026 02 28 20 11 00.0000000  0  1
G06  24813646.701    24813651.140    24813650.731    24813651.587        3145.718        2451.213        2451.213        2348.883   130396618.02907 101607791.30606 101607767.31307  97374106.21507        42.850          41.650          43.350          44.200
> 2026 02 28 20 11 30.0000000  0  1
G06  24795686.106    24795690.596    24795690.138    24795690.872        3146.439        2451.776        2451.776        2349.485   130302235.74107 101534246.84406 101534222.84306  97303626.12107        42.250          41.550          41.850          44.250
> 2026 02 28 20 12 00.0000000  0  1
G06  24777723.743    24777728.058    24777727.627    24777728.293        3146.411        2451.752        2451.753        2349.701   130207842.86907 101460694.07806 101460670.07907  97233138.08807        43.750          41.850          44.050          44.950
> 2026 02 28 20 12 30.0000000  0  1
G06  24759759.486    24759763.830    24759763.352    24759764.035        3146.719        2451.994        2451.993        2349.909   130113440.60307 101387134.01706 101387110.01307  97162643.05607        42.800          41.200          43.000          44.650
> 2026 02 28 20 13 00.0000000  0  1
G06  24741794.453    24741798.539    24741798.155    24741798.907        3146.906        2452.138        2452.139        2349.876   130019034.69207 101313571.10706 101313547.10907  97092145.30607        43.050          40.400          43.000          44.200
> 2026 02 28 20 13 30.0000000  0  1
G06  24723828.058    24723832.015    24723831.544    24723832.218        3147.493        2452.595        2452.595        2350.304   129924620.89907 101240002.04106 101239978.04307  97021641.65107        43.650          41.000          43.700          44.950
> 2026 02 28 20 14 00.0000000  0  1
G06  24705860.937    24705864.884    24705864.438    24705865.040        3147.372        2452.504        2452.505        2350.208   129830204.11407 101166430.65606 101166406.66607  96951135.79507        42.150          41.800          42.350          44.250
> 2026 02 28 20 14 30.0000000  0  1
G06  24687893.161    24687897.265    24687896.745    24687897.142        3147.362        2452.494        2452.494        2350.314   129735783.61907 101092856.40607 101092832.41407  96880627.13007        42.900          42.250          42.450          44.900
> 2026 02 28 20 15 00.0000000  0  1
G06  24669924.805    24669928.791    24669928.245    24669928.751        3147.705        2452.761        2452.761        2350.424   129641359.68407 101019279.45706 101019255.46307  96810115.94207        43.300          41.500          43.050          45.550
> 2026 02 28 20 15 30.0000000  0  1
G06  24651956.433    24651960.483    24651959.913    24651960.311        3147.748        2452.796        2452.795        2350.396   129546935.10707 100945702.00306 100945678.01007  96739604.26207        43.250          41.950          43.350          44.950
> 2026 02 28 20 16 00.0000000  0  1
G06  24633988.066    24633992.188    24633991.616    24633992.030        3147.141        2452.322        2452.322        2350.248   129452510.92407 100872124.87107 100872100.87606  96669092.84507        42.650          42.250          41.650          45.300
> 2026 02 28 20 16 30.0000000  0  1
G06  24616019.719    24616023.577    24616023.057    24616023.682        3147.342        2452.479        2452.479        2350.234   129358086.94007 100798547.88007 100798523.88907  96598581.61307        43.200          42.050          42.800          45.800
> 2026 02 28 20 17 00.0000000  0  1
G06  24598051.932    24598055.924    24598055.396    24598056.038        3147.066        2452.264        2452.264        2350.145   129263667.04407 100724974.07707 100724950.08407  96528073.42107        43.050          42.300          43.400          45.900
> 2026 02 28 20 17 30.0000000  0  1
G06  24580084.384    24580088.444    24580087.847    24580088.638        3146.965        2452.186        2452.184        2349.950   129169248.41207 100651401.29406 100651377.28407  96457566.17707        42.850          41.550          42.400          45.000
> 2026 02 28 20 18 00.0000000  0  1
G06  24562118.418    24562122.346    24562121.814    24562122.694        3147.116        2452.303        2452.303        2350.033   129074837.12207 100577834.17906 100577810.17807  96387064.39207        42.300          41.550          42.350          45.700
> 2026 02 28 20 18 30.0000000  0  1
G06  24544153.121    24544156.997    24544156.459    24544157.168        3146.475        2451.804        2451.803        2349.601   128980428.98807 100504269.55607 100504245.54207  96316564.97607        42.700          42.700          43.000          45.050
> 2026 02 28 20 19 00.0000000  0  1
G06  24526189.276    24526193.134    24526192.650    24526192.973        3146.274        2451.646        2451.646        2349.443   128886028.80707 100430711.10207 100430687.09607  96246071.47707        42.900          42.700          42.650          45.250
> 2026 02 28 20 19 30.0000000  0  1
G06  24508227.486    24508231.370    24508230.898    24508231.074        3146.327        2451.687        2451.688        2349.585   128791638.81907 100357160.56907 100357136.57707  96175585.59407        43.400          43.300          43.250          45.200
> 2026 02 28 20 20 00.0000000  0  1
G06  24490267.192    24490271.335    24490270.796    24490270.545        3146.122        2451.528        2451.528        2349.436   128697257.21207 100283616.60207 100283592.60707  96105105.97407        43.950          42.950          44.200          44.900
> 2026 02 28 20 20 30.0000000  0  1
G06  24472309.138    24472313.331    24472312.758    24472312.342        3145.458        2451.012        2451.011        2348.869   128602886.49307 100210081.11107 100210057.12007  96034634.49307        43.600          42.550          43.550          45.100
> 2026 02 28 20 21 00.0000000  0  1
G06  24454353.581    24454357.638    24454356.975    24454356.853        3144.859        2450.543        2450.542        2348.476   128508529.02907 100136555.94207 100136531.93807  95964172.88607        44.400          42.300          44.700          45.400
> 2026 02 28 20 21 30.0000000  0  1
G06  24436400.197    24436404.042    24436403.346    24436403.447        3144.973        2450.633        2450.633        2348.268   128414182.96307 100063039.64607 100063015.63907  95893719.79907        43.650          42.300          43.050          45.450
> 2026 02 28 20 22 00.0000000  0  1
G06  24418449.742    24418453.603    24418452.989    24418453.385        3144.311        2450.116        2450.116        2348.033   128319854.82307  99989537.32007  99989513.31607  95823280.07907        42.700          42.650          42.550          45.600
> 2026 02 28 20 22 30.0000000  0  1
G06  24400502.021    24400505.874    24400505.202    24400505.734        3143.278        2449.311        2449.311        2347.152   128225540.02107  99916045.34106  99916021.35506  95752850.31907        42.200          41.800          41.650          45.400
> 2026 02 28 20 23 00.0000000  0  1
G06  24382557.453    24382561.364    24382560.717    24382561.031        3143.324        2449.346        2449.346        2347.204   128131242.48507  99842566.87806  99842542.88707  95682433.47307        42.450          41.950          42.650          45.300
> 2026 02 28 20 23 30.0000000  0  1
G06  24364616.515    24364620.461    24364619.801    24364619.907        3142.223        2448.490        2448.489        2346.417   128036962.81807  99769102.32706  99769078.32307  95612029.95607        43.300          41.650          43.550          45.100
> 2026 02 28 20 24 00.0000000  0  1
G06  24346679.177    24346682.674    24346682.090    24346682.270        3141.162        2447.663        2447.663        2345.946   127942701.32207  99695651.92706  99695627.92607  95541640.00307        43.850          40.750          43.850          44.650
> 2026 02 28 20 24 30.0000000  0  1
G06  24328745.971    24328748.962    24328748.457    24328748.887        3140.870        2447.435        2447.435        2345.564   127848461.64407  99622218.51006  99622194.50607  95471266.34107        43.950          40.800          43.500          44.850
> 2026 02 28 20 25 00.0000000  0  1
G06  24310817.441    24310820.137    24310819.633    24310820.174        3140.327        2447.013        2447.013        2344.901   127754245.53207  99548803.46706  99548779.46707  95400910.29807        44.400          41.400          44.400          44.950
> 2026 02 28 20 25 30.0000000  0  1
G06  24292893.364    24292895.853    24292895.388    24292895.883        3138.625        2445.684        2445.684        2343.945   127660052.95607  99475406.72806  99475382.73407  95330571.76807        44.900          41.900          44.750          45.050
> 2026 02 28 20 26 00.0000000  0  1
G06  24274974.145    24274976.590    24274976.094    24274976.837        3138.465        2445.560        2445.560        2343.474   127565886.90507  99402030.68506  99402006.68807  95260253.09807        45.000          40.800          44.800          44.950
> 2026 02 28 20 26 30.0000000  0  1
G06  24257059.589    24257061.826    24257061.300    24257062.260        3137.495        2444.804        2444.805        2342.879   127471745.66207  99328673.94206  99328649.94207  95189952.90907        44.600          40.750          44.350          44.600
> 2026 02 28 20 27 00.0000000  0  1
G06  24239150.299    24239152.701    24239152.172    24239153.221        3136.964        2444.392        2444.392        2342.277   127377633.04007  99255339.55006  99255315.54707  95119674.11507        44.300          40.800          44.500          44.950
> 2026 02 28 20 27 30.0000000  0  1
G06  24221246.658    24221248.858    24221248.369    24221249.929        3135.836        2443.512        2443.511        2341.424   127283549.52607  99182027.80106  99182003.79807  95049417.04107        45.850          40.900          45.350          45.450
> 2026 02 28 20 28 00.0000000  0  1
G06  24203348.725    24203350.686    24203350.175    24203351.987        3134.717        2442.639        2442.639        2340.780   127189495.30407  99108738.86206  99108714.86007  94979181.81707        46.150          41.150          46.000          45.050
> 2026 02 28 20 28 30.0000000  0  1
G06  24185457.075    24185459.230    24185458.749    24185460.173        3133.200        2441.458        2441.458        2339.724   127095475.40507  99035476.71606  99035452.71207  94908972.27307        45.700          41.800          45.850          45.050
> 2026 02 28 20 29 00.0000000  0  1
G06  24167571.530    24167573.896    24167573.380    24167574.138        3132.278        2440.738        2440.738        2339.012   127001486.38007  98962238.60306  98962214.59607  94838785.75707        46.050          41.850          45.800          45.200
> 2026 02 28 20 29 30.0000000  0  1
G06  24149692.678    24149695.213    24149694.729    24149695.082        3131.315        2439.988        2439.988        2338.414   126907533.00707  98889028.26106  98889004.25107  94768625.86307        45.900          41.750          45.800          44.850
> 2026 02 28 20 30 00.0000000  0  1
G06  24131820.578    24131823.225    24131822.710    24131822.981        3129.823        2438.826        2438.826        2337.260   126813614.78007  98815845.30307  98815821.30207  94698492.22207        46.100          42.400          46.000          45.350
> 2026 02 28 20 30 30.0000000  0  1
G06  24113955.528    24113957.862    24113957.344    24113958.345        3128.749        2437.988        2437.989        2336.461   126719733.36907  98742691.02806  98742667.03407  94628386.07407        46.800          41.050          46.350          46.150
> 2026 02 28 20 31 00.0000000  0  1
G06  24096097.903    24096099.704    24096099.326    24096100.940        3127.221        2436.799        2436.798        2335.369   126625891.02007  98669567.21006  98669543.21107  94558309.10007        46.000          41.500          46.200          45.800
> 2026 02 28 20 31 30.0000000  0  1
G06  24078247.999    24078249.811    24078249.423    24078251.088        3125.900        2435.768        2435.768        2334.211   126532089.63807  98596475.30307  98596451.30707  94488262.71507        45.550          42.450          45.950          46.300
> 2026 02 28 20 32 00.0000000  0  1
G06  24060406.480    24060408.640    24060408.239    24060409.713        3124.153        2434.407        2434.407        2333.182   126438332.68507  98523418.03307  98523394.03107  94418249.49007        45.200          43.600          45.300          46.750
> 2026 02 28 20 32 30.0000000  0  1
G06  24042573.207    24042575.828    24042575.421    24042576.528        3122.939        2433.464        2433.463        2332.069   126344618.48807  98450394.10107  98450370.09407  94348268.24107        45.400          44.550          45.350          46.850
> 2026 02 28 20 33 00.0000000  0  1
G06  24024748.475    24024751.050    24024750.626    24024751.485        3121.666        2432.468        2432.469        2331.183   126250948.49307  98377404.57307  98377380.56707  94278319.95907        45.950          43.100          46.300          46.600
> 2026 02 28 20 33 30.0000000  0  1
G06  24006931.835    24006934.326    24006933.837    24006934.573        3119.996        2431.169        2431.169        2329.642   126157321.75807  98304448.75507  98304424.75407  94208404.00407        45.100          42.950          44.800          46.650
> 2026 02 28 20 34 00.0000000  0  1
G06  23989124.232    23989126.450    23989125.930    23989126.685        3118.474        2429.984        2429.983        2328.589   126063742.81307  98231530.18107  98231506.18307  94138523.73807        45.400          42.450          45.550          46.150
> 2026 02 28 20 34 30.0000000  0  1
G06  23971326.388    23971328.450    23971327.964    23971328.390        3116.602        2428.525        2428.524        2327.186   125970214.66907  98158651.17907  98158627.17107  94068681.36407        45.200          42.750          45.250          45.900
> 2026 02 28 20 35 00.0000000  0  1
G06  23953538.497    23953540.460    23953540.039    23953540.279        3115.331        2427.532        2427.532        2326.584   125876739.28207  98085813.29707  98085789.29307  93998878.40207        46.050          42.900          45.450          45.850
> 2026 02 28 20 35 30.0000000  0  1
G06  23935760.162    23935762.260    23935761.822    23935761.636        3113.022        2425.734        2425.734        2324.769   125783313.86007  98013014.33007  98012990.33107  93929112.74407        45.750          43.750          45.700          45.200
> 2026 02 28 20 36 00.0000000  0  1
G06  23917992.858    23917995.074    23917994.649    23917993.866        3111.117        2424.250        2424.250        2323.127   125689946.32307  97940260.50007  97940236.49507  93859390.32407        46.000          43.250          46.200          45.000
> 2026 02 28 20 36 30.0000000  0  1
G06  23900235.016    23900237.180    23900236.754    23900236.230        3109.635        2423.094        2423.095        2322.113   125596628.32407  97867545.22507  97867521.23207  93789704.86707        45.900          43.550          46.100          45.950
> 2026 02 28 20 37 00.0000000  0  1
G06  23882488.417    23882490.557    23882490.111    23882490.099        3106.935        2420.992        2420.991        2320.258   125503369.50807  97794876.09607  97794852.09307  93720063.61907        46.600          43.600          46.200          46.300
> 2026 02 28 20 37 30.0000000  0  1
G06  23864752.371    23864754.596    23864754.098    23864754.571        3105.840        2420.137        2420.138        2319.225   125410166.58807  97722250.50507  97722226.50907  93650464.13207        45.900          43.300          45.850          46.850
> 2026 02 28 20 38 00.0000000  0  1
G06  23847028.186    23847030.507    23847029.998    23847030.946        3103.978        2418.687        2418.687        2317.792   125317026.25907  97649673.68607  97649649.68907  93580911.37907        45.700          43.300          45.650          47.300
> 2026 02 28 20 38 30.0000000  0  1
G06  23829315.506    23829318.348    23829317.795    23829318.859        3101.921        2417.084        2417.084        2316.221   125223947.59807  97577144.95307  97577120.94307  93511404.67307        44.050          43.700          44.650          46.800
> 2026 02 28 20 39 00.0000000  0  1
G06  23811614.667    23811617.701    23811617.107    23811617.940        3099.437        2415.148        2415.149        2314.391   125130930.10907  97504663.86307  97504639.85607  93441943.64007        45.000          44.500          45.000          46.100
> 2026 02 28 20 39 30.0000000  0  1
G06  23793926.586    23793929.657    23793929.028    23793929.540        3097.295        2413.479        2413.479        2312.860   125037978.77507  97432234.32807  97432210.31807  93372531.98507        45.250          44.600          46.100          46.650
> 2026 02 28 20 40 00.0000000  0  1
G06  23776250.769    23776253.375    23776252.830    23776253.289        3095.267        2411.898        2411.898        2311.487   124945091.55807  97359854.73207  97359830.73107  93303168.21207        45.950          43.700          45.450          46.650
> 2026 02 28 20 40 30.0000000  0  1
G06  23758587.808    23758589.844    23758589.404    23758590.042        3092.702        2409.900        2409.900        2309.556   124852271.09907  97287527.15407  97287503.15007  93233854.31507        45.650          43.550          45.700          47.350
> 2026 02 28 20 41 00.0000000  0  1
G06  23740938.173    23740940.223    23740939.743    23740940.411        3090.623        2408.279        2408.280        2307.958   124759521.09707  97215254.48107  97215230.48307  93164593.02807        45.200          43.800          44.800          47.600
> 2026 02 28 20 41 30.0000000  0  1
G06  23723302.139    23723304.194    23723303.756    23723304.429        3089.004        2407.018        2407.018        2306.497   124666842.82307  97143037.69707  97143013.70007  93095385.30807        45.650          44.400          45.200          47.350
> 2026 02 28 20 42 00.0000000  0  1
G06  23705679.677    23705681.804    23705681.315    23705681.888        3085.501        2404.288        2404.289        2304.069   124574235.90407  97070876.53407  97070852.53607  93026230.86507        45.850          44.500          45.700          47.000
> 2026 02 28 20 42 30.0000000  0  1
G06  23688071.376    23688073.531    23688072.991    23688073.343        3083.109        2402.425        2402.425        2302.249   124481703.95107  96998773.77707  96998749.76907  92957132.37507        45.550          44.050          45.950          47.150
> 2026 02 28 20 43 00.0000000  0  1
G06  23670477.492    23670479.375    23670478.949    23670479.500        3080.595        2400.465        2400.465        2300.334   124389248.16207  96926730.34407  96926706.34107  92888090.78407        45.100          43.350          44.750          47.650
> 2026 02 28 20 43 30.0000000  0  1
G06  23652897.969    23652900.072    23652899.628    23652900.310        3078.121        2398.538        2398.538        2298.642   124296869.07907  96854746.71107  96854722.70807  92819106.47807        45.000          44.200          44.750          47.500
> 2026 02 28 20 44 00.0000000  0  1
G06  23635334.003    23635336.283    23635335.865    23635336.063        3075.286        2396.328        2396.327        2296.554   124204569.97107  96782825.37307  96782801.36807  92750181.85807        46.200          44.550          45.750          46.450
> 2026 02 28 20 44 30.0000000  0  1
G06  23617785.159    23617787.518    23617787.074    23617786.638        3072.873        2394.448        2394.448        2294.654   124112350.11907  96710965.78707  96710941.78707  92681316.43407        46.300          44.550          46.050          46.500
> 2026 02 28 20 45 00.0000000  0  1
G06  23600252.266    23600254.753    23600254.224    23600253.331        3069.624        2391.916        2391.917        2292.170   124020214.59407  96639171.92207  96639147.92207  92612513.98207        46.000          43.800          46.150          46.800
> 2026 02 28 20 45 30.0000000  0  1
G06  23582735.043    23582737.620    23582737.057    23582736.209        3066.867        2389.768        2389.768        2290.211   123928162.14507  96567442.80207  96567418.79807  92543773.57907        45.750          43.550          46.000          46.800
> 2026 02 28 20 46 00.0000000  0  1
G06  23565234.149    23565236.710    23565236.114    23565235.559        3064.354        2387.810        2387.809        2288.327   123836194.85107  96495780.02207  96495756.01907  92475096.77607        45.700          44.300          45.800          47.350
> 2026 02 28 20 46 30.0000000  0  1
G06  23547750.130    23547752.691    23547752.220    23547751.948        3061.500        2385.585        2385.586        2286.192   123744316.14707  96424186.26907  96424162.27507  92406486.11207        45.000          43.950          44.750          47.550
> 2026 02 28 20 47 00.0000000  0  1
G06  23530283.498    23530286.082    23530285.550    23530285.413        3058.056        2382.903        2382.902        2283.534   123652527.70207  96352662.84107  96352638.85107  92337942.84207        46.150          44.700          45.800          47.250
> 2026 02 28 20 47 30.0000000  0  1
G06  23512834.227    23512836.705    23512836.119    23512835.924        3055.155        2380.641        2380.642        2281.575   123560829.79407  96281209.97007  96281185.98107  92269467.17307        46.150          44.500          46.300          47.100
> 2026 02 28 20 48 00.0000000  0  1
G06  23495402.499    23495404.731    23495404.154    23495403.960        3051.695        2377.946        2377.946        2278.981   123469224.15707  96209828.99707  96209804.99807  92201060.42007        46.500          44.300          46.200          47.650
> 2026 02 28 20 48 30.0000000  0  1
G06  23477988.438    23477990.592    23477990.094    23477990.073        3049.184        2375.990        2375.990        2276.857   123377712.65107  96138521.38807  96138497.38907  92132723.97407        46.200          45.100          46.550          47.600
> 2026 02 28 20 49 00.0000000  0  1
G06  23460592.722    23460594.731    23460594.306    23460594.521        3045.367        2373.014        2373.015        2274.215   123286297.26107  96067288.66207  96067264.66707  92064459.28007        47.250          45.450          46.600          47.950
> 2026 02 28 20 49 30.0000000  0  1
G06  23443215.483    23443217.342    23443216.853    23443217.313        3042.763        2370.985        2370.986        2272.104   123194978.75707  95996131.43607  95996107.43908  91996266.93707        47.750          44.700          48.150          47.950
> 2026 02 28 20 50 00.0000000  0  1
G06  23425856.987    23425858.696    23425858.241    23425858.909        3038.905        2367.978        2367.978        2269.457   123103758.99607  95925051.12907  95925027.12707  91928148.30308        47.800          45.000          47.700          48.400
> 2026 02 28 20 50 30.0000000  0  1
G06  23408517.886    23408519.706    23408519.204    23408519.980        3035.983        2365.702        2365.702        2266.960   123012641.80107  95854050.76807  95854026.76207  91860106.30808        47.550          45.100          47.850          48.800
> 2026 02 28 20 51 00.0000000  0  1
G06  23391198.359    23391200.300    23391199.823    23391200.564        3031.804        2362.447        2362.447        2264.040   122921628.05807  95783131.01307  95783107.00907  91792141.54608        47.250          45.100          47.050          48.650
> 2026 02 28 20 51 30.0000000  0  1
G06  23373899.183    23373901.109    23373900.619    23373901.385        3028.380        2359.778        2359.778        2261.530   122830720.73707  95712294.16907  95712270.17007  91724256.25808        46.300          44.700          46.100          48.350
> 2026 02 28 20 52 00.0000000  0  1
G06  23356620.245    23356622.100    23356621.639    23356622.091        3024.951        2357.105        2357.105        2258.773   122739919.56407  95641540.03907  95641516.04007  91656450.22408        46.100          45.100          45.600          48.550
> 2026 02 28 20 52 30.0000000  0  1
G06  23339361.532    23339363.614    23339363.101    23339363.346        3021.704        2354.576        2354.576        2256.430   122649225.80207  95570869.61307  95570845.61707  91588724.40308        46.000          44.850          46.100          48.050
> 2026 02 28 20 53 00.0000000  0  1
G06  23322124.053    23322126.352    23322125.907    23322125.859        3017.641        2351.409        2351.409        2253.457   122558642.87307  95500285.55907  95500261.56207  91521081.35808        47.350          44.950          47.200          48.300
> 2026 02 28 20 53 30.0000000  0  1
G06  23304907.946    23304910.190    23304909.717    23304909.584        3013.690        2348.331        2348.331        2250.597   122468171.18307  95429788.17307  95429764.17007  91453521.37508        46.700          45.200          47.000          48.300
> 2026 02 28 20 54 00.0000000  0  1
G06  23287713.791    23287715.909    23287715.399    23287715.101        3009.894        2345.372        2345.373        2247.590   122377814.78507  95359380.60507  95359356.61207  91386047.48607        47.050          45.650          47.100          47.750
> 2026 02 28 20 54 30.0000000  0  1
G06  23270541.244    23270543.368    23270542.881    23270542.562        3005.818        2342.199        2342.198        2244.539   122287572.77807  95289062.20807  95289038.20607  91318659.01908        46.350          44.800          46.300          48.350
> 2026 02 28 20 55 00.0000000  0  1
G06  23253391.166    23253393.331    23253392.839    23253392.648        3001.847        2339.103        2339.102        2241.700   122197449.50007  95218836.31707  95218812.31807  91251359.20808        46.550          45.050          46.950          48.550
> 2026 02 28 20 55 30.0000000  0  1
G06  23236263.448    23236265.970    23236265.403    23236265.242        2998.163        2336.234        2336.234        2238.819   122107443.78407  95148702.04807  95148678.05107  91184147.20408        46.500          45.600          46.950          48.750
> 2026 02 28 20 56 00.0000000  0  1
G06  23219159.819    23219162.237    23219161.728    23219162.000        2994.042        2333.022        2333.022        2235.609   122017564.06607  95078665.95207  95078641.95507  91117029.29508        46.600          44.900          46.750          48.850
> 2026 02 28 20 56 30.0000000  0  1
G06  23202079.524    23202081.600    23202081.143    23202081.816        2990.246        2330.062        2330.062        2232.871   121927806.05507  95008724.67907  95008700.68007  91050002.24408        47.650          44.500          47.950          49.000
> 2026 02 28 20 57 00.0000000  0  1
G06  23185022.324    23185024.264    23185023.717    23185024.796        2985.824        2326.619        2326.618        2229.705   121838169.61107  94938878.13607  94938854.13607  90983065.97108        47.300          44.750          46.850          48.600
> 2026 02 28 20 57 30.0000000  0  1
G06  23167989.882    23167991.666    23167991.162    23167992.452        2981.736        2323.431        2323.432        2226.447   121748663.81307  94869133.39607  94869109.40107  90916227.29208        47.900          44.500          47.600          49.200
> 2026 02 28 20 58 00.0000000  0  1
G06  23150981.892    23150983.644    23150983.110    23150984.273        2976.957        2319.708        2319.708        2223.114   121659285.78307  94799488.23307  94799464.23007  90849483.99208        47.800          45.200          47.900          48.850
> 2026 02 28 20 58 30.0000000  0  1
G06  23133998.756    23134000.207    23133999.769    23134000.944        2972.627        2316.333        2316.334        2219.751   121570038.44207  94729944.86707  94729920.87007  90782838.29608        47.000          45.200          46.850          48.850
> 2026 02 28 20 59 00.0000000  0  1
G06  23117040.830    23117042.271    23117041.816    23117042.863        2968.029        2312.752        2312.751        2216.420   121480923.73307  94660504.87507  94660480.87307  90716291.64108        47.650          45.100          47.400          48.950
> 2026 02 28 20 59 30.0000000  0  1
G06  23100108.909    23100110.294    23100109.864    23100110.830        2963.949        2309.571        2309.572        2213.292   121391945.77608  94591171.43607  94591147.44208  90649847.11608        48.350          45.400          48.250          49.200
> 2026 02 28 21 00 00.0000000  0  1
G06  23083202.342    23083203.758    23083203.293    23083204.105        2959.218        2305.886        2305.886        2209.791   121303100.81308  94521941.65307  94521917.64808  90583501.90508        48.600          45.900          48.650          49.000
> 2026 02 28 21 00 30.0000000  0  1
G06  23066322.293    23066323.811    23066323.322    23066323.897        2954.900        2302.520        2302.520        2206.418   121214395.69108  94452820.80907  94452796.80908  90517261.11108        48.600          46.200          48.450          48.600
> 2026 02 28 21 01 00.0000000  0  1
G06  23049468.187    23049469.858    23049469.358    23049469.443        2949.301        2298.158        2298.157        2202.396   121125827.16608  94383806.41207  94383782.41308  90451122.30808        48.250          46.500          48.100          48.400
> 2026 02 28 21 01 30.0000000  0  1
G06  23032642.066    23032643.675    23032643.231    23032642.914        2944.839        2294.680        2294.680        2198.997   121037405.45608  94314906.40807  94314882.41008  90385093.13408        48.200          45.850          48.200          48.650
> 2026 02 28 21 02 00.0000000  0  1
G06  23015842.959    23015844.464    23015844.057    23015843.830        2939.978        2290.894        2290.893        2195.496   120949126.06907  94246117.31207  94246093.31407  90319170.25008        47.550          45.750          47.650          49.000
> 2026 02 28 21 02 30.0000000  0  1
G06  22999071.852    22999073.302    22999072.873    22999072.893        2935.330        2287.271        2287.270        2192.050   120860993.80907  94177442.85207  94177418.85407  90253357.23608        47.100          45.250          47.000          48.850
> 2026 02 28 21 03 00.0000000  0  1
G06  22982329.299    22982330.709    22982330.311    22982330.390        2930.247        2283.311        2283.311        2188.250   120773011.40107  94108885.17807  94108861.17307  90187656.13508        47.900          45.450          47.950          48.800
> 2026 02 28 21 03 30.0000000  0  1
G06  22965614.904    22965616.298    22965615.928    22965615.838        2925.420        2279.549        2279.549        2184.415   120685176.16808  94040442.17307  94040418.17008  90122064.93708        48.100          46.550          48.050          49.000
> 2026 02 28 21 04 00.0000000  0  1
G06  22948930.043    22948931.520    22948931.124    22948931.061        2920.028        2275.348        2275.348        2180.558   120597496.38508  93972120.28707  93972096.29508  90056589.80408        48.250          46.400          48.600          49.100
> 2026 02 28 21 04 30.0000000  0  1
G06  22932274.186    22932275.792    22932275.312    22932274.915        2915.060        2271.476        2271.476        2176.790   120509968.68908  93903916.92007  93903892.92508  89991228.25108        48.450          46.500          48.800          48.900
> 2026 02 28 21 05 00.0000000  0  1
G06  22915648.133    22915649.693    22915649.248    22915648.672        2909.862        2267.427        2267.427        2172.896   120422597.73808  93835835.69007  93835811.69208  89925983.73708        48.750          46.350          48.900          49.300
> 2026 02 28 21 05 30.0000000  0  1
G06  22899052.277    22899053.754    22899053.280    22899052.828        2904.438        2263.199        2263.199        2168.874   120335385.53608  93767878.16407  93767854.16108  89860857.78108        49.150          46.000          48.950          49.400
> 2026 02 28 21 06 00.0000000  0  1
G06  22882487.012    22882488.324    22882487.816    22882487.685        2899.021        2258.978        2258.978        2164.742   120248334.13308  93700045.90907  93700021.91408  89795851.89708        49.200          46.800          49.300          49.850
> 2026 02 28 21 06 30.0000000  0  1
G06  22865952.365    22865953.735    22865953.217    22865953.281        2893.734        2254.859        2254.859        2160.820   120161444.32308  93632339.60507  93632315.60708  89730966.68608        48.800          46.550          48.850          49.400
> 2026 02 28 21 07 00.0000000  0  1
G06  22849448.942    22849450.181    22849449.670    22849449.919        2887.860        2250.281        2250.281        2156.562   120074718.50808  93564761.07307  93564737.07508  89666203.90908        49.000          45.900          49.200          49.400
> 2026 02 28 21 07 30.0000000  0  1
G06  22832977.203    22832978.369    22832977.917    22832978.325        2882.560        2246.152        2246.152        2152.593   119988159.77108  93497312.72907  93497288.73008  89601565.91408        49.100          46.300          49.150          49.750
> 2026 02 28 21 08 00.0000000  0  1
G06  22816536.967    22816538.321    22816537.890    22816538.269        2876.492        2241.423        2241.423        2148.023   119901766.81608  93429993.56307  93429969.56608  89537051.72008        49.100          46.650          48.900          50.050
> 2026 02 28 21 08 30.0000000  0  1
G06  22800129.701    22800131.207    22800130.787    22800131.411        2871.475        2237.514        2237.514        2144.174   119815546.63608  93362809.04107  93362785.04208  89472666.55408        49.650          46.950          49.850          50.600
> 2026 02 28 21 09 00.0000000  0  1
G06  22783755.009    22783756.645    22783756.201    22783756.903        2865.429        2232.803        2232.803        2139.726   119729497.17508  93295757.53707  93295733.53508  89408408.87408        49.100          46.950          49.050          50.650
> 2026 02 28 21 09 30.0000000  0  1
G06  22767414.104    22767415.650    22767415.189    22767415.909        2858.952        2227.755        2227.755        2134.893   119643624.84808  93228844.06207  93228820.06208  89344283.46908        49.650          47.250          49.450          50.350
> 2026 02 28 21 10 00.0000000  0  1
G06  22751105.606    22751107.159    22751106.698    22751107.203        2854.054        2223.939        2223.939        2131.247   119557922.81708  93162063.27807  93162039.28008  89280285.22008        49.200          47.400          49.350          50.200
> 2026 02 28 21 10 30.0000000  0  1
G06  22734834.102    22734835.751    22734835.252    22734835.554        2846.814        2218.297        2218.297        2125.887   119472415.34508  93095434.09807  93095410.10108  89216432.25508        49.550          47.150          49.550          50.250
> 2026 02 28 21 11 00.0000000  0  1
G06  22718594.317    22718595.865    22718595.352    22718595.679        2842.166        2214.676        2214.675        2122.298   119387074.06708  93028934.41407  93028910.41308  89152703.39908        49.100          47.050          49.150          50.550
> 2026 02 28 21 11 30.0000000  0  1
G06  22702389.377    22702391.014    22702390.511    22702390.760        2835.645        2209.595        2209.595        2117.518   119301917.27708  92962578.49607  92962554.49008  89089112.31608        48.400          47.250          48.100          50.500
> 2026 02 28 21 12 00.0000000  0  1
G06  22686219.606    22686221.436    22686220.902    22686221.151        2829.626        2204.905        2204.904        2113.028   119216946.03508  92896367.16107  92896343.16708  89025659.80108        48.300          47.400          48.650          50.650
> 2026 02 28 21 12 30.0000000  0  1
G06  22670085.266    22670087.159    22670086.671    22670086.741        2822.604        2199.432        2199.432        2107.857   119132160.56808  92830300.57907  92830276.57808  88962345.99408        48.350          46.850          48.400          49.900
> 2026 02 28 21 13 00.0000000  0  1
G06  22653987.157    22653989.103    22653988.631    22653988.385        2817.020        2195.082        2195.082        2103.526   119047565.19908  92764382.15407  92764358.14708  88899174.17608        48.850          47.000          48.700          49.800
> 2026 02 28 21 13 30.0000000  0  1
G06  22637925.403    22637927.326    22637926.842    22637926.311        2810.007        2189.616        2189.617        2098.569   118963160.29008  92698612.10307  92698588.10508  88836144.53708        48.900          47.050          48.750          49.600
> 2026 02 28 21 14 00.0000000  0  1
G06  22621899.925    22621901.914    22621901.398    22621900.752        2804.028        2184.958        2184.958        2093.894   118878945.78508  92632990.42707  92632966.43008  88773257.10908        48.750          47.100          48.650          49.950
> 2026 02 28 21 14 30.0000000  0  1
G06  22605911.755    22605913.673    22605913.163    22605912.790        2797.251        2179.677        2179.677        2088.779   118794927.54808  92567521.69707  92567497.69808  88710516.25008        48.100          46.850          48.200          50.300
> 2026 02 28 21 15 00.0000000  0  1
G06  22589961.142    22589962.930    22589962.448    22589962.418        2790.759        2174.617        2174.617        2083.941   118711106.40608  92502206.53607  92502182.53808  88647922.55808        49.100          46.850          49.050          50.450
> 2026 02 28 21 15 30.0000000  0  1
G06  22574046.856    22574048.382    22574047.899    22574048.086        2784.061        2169.399        2169.399        2078.920   118627475.39808  92437039.52107  92437015.52808  88585470.84308        49.550          46.900          49.750          49.950
> 2026 02 28 21 16 00.0000000  0  1
G06  22558172.688    22558174.022    22558173.517    22558173.787        2776.909        2163.826        2163.826        2073.688   118544055.01508  92372036.63807  92372012.64508  88523176.40708        49.050          47.200          49.050          50.400
> 2026 02 28 21 16 30.0000000  0  1
G06  22542337.282    22542338.636    22542338.108    22542338.430        2770.496        2158.829        2158.829        2068.813   118460839.15708  92307193.13407  92307169.13308  88461034.71508        49.550          47.150          49.550          50.550
> 2026 02 28 21 17 00.0000000  0  1
G06  22526541.099    22526542.542    22526541.997    22526542.327        2763.987        2153.757        2153.757        2063.930   118377829.94708  92242510.66607  92242486.66408  88399047.34408        48.950          47.250          48.800          50.650
> 2026 02 28 21 17 30.0000000  0  1
G06  22510784.577    22510786.151    22510785.669    22510785.995        2756.273        2147.745        2147.745        2058.269   118295029.38008  92177990.74807  92177966.74808  88337215.75508        49.200          47.650          49.250          50.750
> 2026 02 28 21 18 00.0000000  0  1
G06  22495068.049    22495069.684    22495069.208    22495069.538        2749.582        2142.532        2142.532        2053.245   118212438.72208  92113634.40707  92113610.40408  88275540.92908        49.300          47.700          49.100          51.000
> 2026 02 28 21 18 30.0000000  0  1
G06  22479391.712    22479393.364    22479392.864    22479393.227        2742.567        2137.067        2137.066        2048.040   118130059.05608  92049442.47607  92049418.47608  88214023.67208        49.350          47.700          49.100          50.850
> 2026 02 28 21 19 00.0000000  0  1
G06  22463756.417    22463758.238    22463757.727    22463757.976        2735.516        2131.572        2131.572        2042.762   118047895.64108  91985419.05708  91985395.05808  88152667.90008        48.800          48.000          48.600          51.100
> 2026 02 28 21 19 30.0000000  0  1
G06  22448162.215    22448164.237    22448163.710    22448163.721        2727.955        2125.679        2125.679        2037.053   117965948.08108  91921563.83708  91921539.83608  88091473.30808        48.850          48.000          49.000          51.000
> 2026 02 28 21 20 00.0000000  0  1
G06  22432605.608    22432607.596    22432607.097    22432607.195        2722.033        2121.064        2121.065        2032.698   117884197.95408  91857862.44907  91857838.45608  88030426.16008        49.050          47.600          48.950          51.300
> 2026 02 28 21 20 30.0000000  0  1
G06  22417095.828    22417097.688    22417097.207    22417097.390        2714.177        2114.944        2114.944        2026.821   117802693.34408  91794352.38607  91794328.38808  87969562.35708        49.300          47.100          49.550          51.600
> 2026 02 28 21 21 00.0000000  0  1
G06  22401631.675    22401633.328    22401632.849    22401633.105        2706.144        2108.684        2108.684        2020.793   117721428.45108  91731029.10907  91731005.11008  87908877.55808        49.300          47.100          49.300          51.250
> 2026 02 28 21 21 30.0000000  0  1
G06  22386206.342    22386207.850    22386207.360    22386207.535        2697.750        2102.143        2102.143        2014.502   117640367.32708  91667864.60707  91667840.61008  87848344.92108        49.800          47.300          49.900          51.000
> 2026 02 28 21 22 00.0000000  0  1
G06  22370824.745    22370826.103    22370825.641    22370825.839        2690.212        2096.269        2096.269        2009.067   117559535.75608  91604878.98407  91604854.98508  87787983.68808        49.600          47.650          49.650          51.600
> 2026 02 28 21 22 30.0000000  0  1
G06  22355486.818    22355488.107    22355487.659    22355487.955        2682.620        2090.353        2090.353        2003.378   117478933.95208  91542072.38107  91542048.38708  87727794.04308        50.300          47.950          50.500          51.350
> 2026 02 28 21 23 00.0000000  0  1
G06  22340193.032    22340194.348    22340193.884    22340194.168        2675.153        2084.536        2084.535        1997.664   117398564.26308  91479446.66907  91479422.67508  87667777.73708        50.300          47.900          50.300          51.100
> 2026 02 28 21 23 30.0000000  0  1
G06  22324943.820    22324945.129    22324944.651    22324944.933        2667.188        2078.329        2078.329        1991.680   117318428.96408  91417003.59407  91416979.59408  87607936.45108        49.700          46.850          49.400          51.650
> 2026 02 28 21 24 00.0000000  0  1
G06  22309739.461    22309740.872    22309740.370    22309740.681        2659.390        2072.253        2072.253        1985.907   117238529.98608  91354744.66608  91354720.66308  87548271.65108        49.800          48.300          49.600          51.600
> 2026 02 28 21 24 30.0000000  0  1
G06  22294580.449    22294582.039    22294581.547    22294581.758        2651.071        2065.771        2065.771        1979.720   117158869.55908  91292671.62708  91292647.63208  87488784.98608        49.300          48.200          49.250          51.250
> 2026 02 28 21 25 00.0000000  0  1
G06  22279467.352    22279469.033    22279468.526    22279468.820        2643.273        2059.694        2059.694        1973.769   117079450.41908  91230786.58707  91230762.59208  87429478.50708        49.250          47.950          49.050          51.350
> 2026 02 28 21 25 30.0000000  0  1
G06  22264400.350    22264402.181    22264401.659    22264402.073        2635.071        2053.303        2053.303        1967.860   117000273.34008  91169090.19508  91169066.20008  87370352.78608        49.550          48.550          49.550          51.950
> 2026 02 28 21 26 00.0000000  0  1
G06  22249380.278    22249382.091    22249381.539    22249382.223        2627.020        2047.029        2047.029        1961.637   116921342.43708  91107585.60908  91107561.61508  87311410.90808        49.350          48.300          49.200          52.300
> 2026 02 28 21 26 30.0000000  0  1
G06  22234407.118    22234408.877    22234408.307    22234409.157        2618.880        2040.687        2040.687        1955.573   116842657.80308  91046272.93908  91046248.93508  87252652.92908        49.650          48.450          49.650          52.050
> 2026 02 28 21 27 00.0000000  0  1
G06  22219481.578    22219483.336    22219482.811    22219483.545        2609.781        2033.597        2033.597        1948.994   116764223.67308  90985155.45308  90985131.45208  87194081.99608        49.400          48.450          49.300          52.000
> 2026 02 28 21 27 30.0000000  0  1
G06  22204604.144    22204605.807    22204605.309    22204605.972        2601.837        2027.407        2027.406        1942.951   116686042.03208  90924234.71408  90924210.71308  87135699.62208        49.800          48.850          49.800          52.250
> 2026 02 28 21 28 00.0000000  0  1
G06  22189774.951    22189776.510    22189776.017    22189776.665        2593.419        2020.846        2020.846        1936.664   116608113.71908  90863511.36508  90863487.36708  87077506.42608        50.800          48.450          50.850          52.150
> 2026 02 28 21 28 30.0000000  0  1
G06  22174994.474    22174996.070    22174995.558    22174996.175        2584.488        2013.888        2013.888        1930.106   116530441.99608  90802987.96708  90802963.97008  87019504.83108        50.000          48.550          49.950          52.400
> 2026 02 28 21 29 00.0000000  0  1
G06  22160263.338    22160265.132    22160264.616    22160265.040        2576.109        2007.358        2007.359        1923.683   116453029.95708  90742666.92308  90742642.92208  86961697.17208        49.750          48.850          49.850          52.350
> 2026 02 28 21 29 30.0000000  0  1
G06  22145579.920    22145581.762    22145581.216    22145581.514        2568.996        2001.814        2001.815        1918.370   116375868.20508  90682540.90808  90682516.90508  86904076.40708        49.750          48.350          49.750          52.000
> 2026 02 28 21 30 00.0000000  0  1
G06  22130949.289    22130950.949    22130950.424    22130950.694        2558.052        1993.287        1993.287        1910.230   116298983.54808  90622630.78608  90622606.78808  86846662.55208        50.550          48.750          50.400          52.350
> 2026 02 28 21 30 30.0000000  0  1
G06  22116369.855    22116371.388    22116370.870    22116371.066        2549.525        1986.643        1986.643        1903.963   116222367.58808  90562930.05608  90562906.05508  86789449.34608        50.250          48.450          50.150          52.250
> 2026 02 28 21 31 00.0000000  0  1
G06  22101839.389    22101840.815    22101840.298    22101840.601        2540.802        1979.845        1979.846        1897.402   116146009.47708  90503430.24208  90503406.24208  86732428.69608        50.350          48.550          50.300          52.550
> 2026 02 28 21 31 30.0000000  0  1
G06  22087360.521    22087361.850    22087361.331    22087361.938        2531.525        1972.617        1972.618        1890.323   116069922.57408  90444141.77008  90444117.77208  86675610.59208        50.550          48.300          50.550          52.600
> 2026 02 28 21 32 00.0000000  0  1
G06  22072933.708    22072934.994    22072934.530    22072935.384        2525.151        1967.650        1967.650        1885.730   115994109.40508  90385066.57008  90385042.57208  86618996.85908        49.800          48.700          49.650          51.950
> 2026 02 28 21 32 30.0000000  0  1
G06  22058559.611    22058561.046    22058560.582    22058561.478        2512.616        1957.884        1957.883        1876.289   115918573.69208  90326207.61208  90326183.60908  86562590.35508        50.250          49.000          50.100          52.550
> 2026 02 28 21 33 00.0000000  0  1
G06  22044237.497    22044238.809    22044238.372    22044239.232        2502.803        1950.236        1950.236        1868.993   115843310.29608  90267560.81808  90267536.81708  86506387.17808        50.200          48.900          50.250          52.400
> 2026 02 28 21 33 30.0000000  0  1
G06  22029967.872    22029969.210    22029968.787    22029969.428        2497.796        1946.335        1946.335        1865.209   115768322.99508  90209129.15808  90209105.16008  86450390.17808        50.500          48.850          50.450          52.350
> 2026 02 28 21 34 00.0000000  0  1
G06  22015752.668    22015754.022    22015753.578    22015754.024        2487.554        1938.354        1938.354        1857.595   115693621.47908  90150920.20508  90150896.20108  86394606.59008        50.350          48.700          50.400          52.400
> 2026 02 28 21 34 30.0000000  0  1
G06  22001593.896    22001595.253    22001594.814    22001595.276        2476.138        1929.459        1929.459        1849.011   115619217.16608  90092942.82808  90092918.82508  86339044.94408        49.900          48.900          49.850          52.550
> 2026 02 28 21 35 00.0000000  0  1
G06  21987487.066    21987488.528    21987488.092    21987488.526        2466.048        1921.597        1921.597        1841.583   115545085.90508  90035178.22208  90035154.22208  86283687.19708        49.900          48.800          50.050          52.750
> 2026 02 28 21 35 30.0000000  0  1
G06  21973433.848    21973435.467    21973435.026    21973435.261        2455.373        1913.279        1913.279        1833.470   115471236.21708  89977633.02008  89977609.02108  86228539.73308        49.650          49.450          49.600          52.550
> 2026 02 28 21 36 00.0000000  0  1
G06  21959439.106    21959440.853    21959440.410    21959440.410        2447.061        1906.801        1906.801        1827.295   115397693.77308  89920327.23708  89920303.24008  86173621.69308        49.400          49.200          49.100          52.650
> 2026 02 28 21 36 30.0000000  0  1
G06  21945498.229    21945499.998    21945499.533    21945499.535        2436.743        1898.762        1898.762        1819.736   115324434.32308  89863241.96308  89863217.96708  86118914.96808        49.900          49.000          49.800          52.800
> 2026 02 28 21 37 00.0000000  0  1
G06  21931614.201    21931615.854    21931615.377    21931615.383        2427.299        1891.402        1891.402        1812.722   115251473.21508  89806389.17508  89806365.17608  86064431.03808        49.900          48.450          49.750          52.350
> 2026 02 28 21 37 30.0000000  0  1
G06  21917786.504    21917787.937    21917787.475    21917787.691        2417.040        1883.408        1883.409        1804.900   115178807.83608  89749766.80608  89749742.80408  86010167.94908        50.050          48.650          50.100          52.750
> 2026 02 28 21 38 00.0000000  0  1
G06  21904016.019    21904017.418    21904016.935    21904017.249        2407.283        1875.806        1875.806        1797.554   115106443.32108  89693378.88908  89693354.88908  85956129.53708        49.800          48.750          49.700          52.250
> 2026 02 28 21 38 30.0000000  0  1
G06  21890299.605    21890300.994    21890300.471    21890300.823        2399.043        1869.385        1869.385        1791.502   115034363.05908  89637212.45908  89637188.45708  85902303.36608        49.800          48.650          49.600          52.700
> 2026 02 28 21 39 00.0000000  0  1
G06  21876643.703    21876644.857    21876644.388    21876644.899        2386.608        1859.694        1859.695        1782.214   114962600.48208  89581293.57208  89581269.57408  85848714.44608        50.600          48.750          50.400          52.900
> 2026 02 28 21 39 30.0000000  0  1
G06  21863046.505    21863047.693    21863047.225    21863047.744        2376.786        1852.041        1852.041        1774.826   114891146.86708  89525615.45008  89525591.45008  85795356.24908        49.950          49.000          49.900          52.850
> 2026 02 28 21 40 00.0000000  0  1
G06  21849509.489    21849510.686    21849510.215    21849510.665        2365.762        1843.452        1843.452        1766.653   114820009.19008  89470183.51008  89470159.51408  85742233.97508        50.900          49.000          50.800          52.900
> 2026 02 28 21 40 30.0000000  0  1
G06  21836030.638    21836031.813    21836031.315    21836031.570        2355.939        1835.797        1835.797        1759.298   114749176.73308  89414989.39808  89414965.39908  85689339.62108        50.700          49.000          51.000          52.750
> 2026 02 28 21 41 00.0000000  0  1
G06  21822611.504    21822612.701    21822612.208    21822612.161        2345.485        1827.651        1827.651        1751.474   114678658.28108  89360039.96808  89360015.96408  85636679.74908        50.400          49.000          50.350          52.700
> 2026 02 28 21 41 30.0000000  0  1
G06  21809252.618    21809253.876    21809253.397    21809253.110        2334.614        1819.179        1819.180        1743.436   114608456.74408  89305337.48208  89305313.47808  85584256.52808        50.950          49.250          51.000          52.750
> 2026 02 28 21 42 00.0000000  0  1
G06  21795954.198    21795955.532    21795955.023    21795954.645        2323.925        1810.851        1810.851        1735.385   114538573.00108  89250882.63008  89250858.63208  85532070.63208        50.950          49.350          51.050          52.450
> 2026 02 28 21 42 30.0000000  0  1
G06  21782716.933    21782718.206    21782717.727    21782717.390        2313.495        1802.724        1802.724        1727.543   114469010.73508  89196678.27408  89196654.27408  85480124.79508        50.900          49.250          50.950          52.900
> 2026 02 28 21 43 00.0000000  0  1
G06  21769540.863    21769542.230    21769541.740    21769541.739        2302.508        1794.162        1794.162        1719.506   114399770.89008  89142725.16408  89142701.16308  85428419.72808        50.300          49.350          50.300          53.000
> 2026 02 28 21 43 30.0000000  0  1
G06  21756427.151    21756428.543    21756428.059    21756428.250        2291.757        1785.784        1785.784        1711.367   114330858.62108  89089027.29608  89089003.29808  85376959.28708        50.250          49.000          50.200          53.000
> 2026 02 28 21 44 00.0000000  0  1
G06  21743375.362    21743376.672    21743376.201    21743376.510        2280.691        1777.162        1777.162        1703.128   114262271.04208  89035582.44008  89035558.44208  85325741.30008        50.700          48.800          50.600          53.100
> 2026 02 28 21 44 30.0000000  0  1
G06  21730385.801    21730387.100    21730386.618    21730386.774        2269.737        1768.627        1768.627        1694.894   114194010.17308  88982392.16908  88982368.16908  85274767.29008        51.000          49.900          50.950          53.100
> 2026 02 28 21 45 00.0000000  0  1
G06  21717459.609    21717460.965    21717460.502    21717460.658        2258.798        1760.103        1760.102        1686.716   114126082.58108  88929461.58508  88929437.58608  85224042.14508        50.750          49.850          50.600          53.150
> 2026 02 28 21 45 30.0000000  0  1
G06  21704596.971    21704598.425    21704597.925    21704598.164        2247.451        1751.260        1751.261        1678.303   114058488.81108  88876791.12808  88876767.13008  85173566.29308        51.250          49.600          51.300          53.350
> 2026 02 28 21 46 00.0000000  0  1
G06  21691798.586    21691799.985    21691799.449    21691799.817        2236.153        1742.457        1742.457        1669.924   113991232.80508  88824383.85508  88824359.86108  85123342.65908        50.700          49.250          50.650          53.550
> 2026 02 28 21 46 30.0000000  0  1
G06  21679064.290    21679065.765    21679065.267    21679065.576        2224.672        1733.511        1733.511        1661.434   113924313.95608  88772239.31108  88772215.30508  85073370.78808        50.200          49.650          50.100          53.650
> 2026 02 28 21 47 00.0000000  0  1
G06  21666395.720    21666397.124    21666396.659    21666397.070        2213.511        1724.814        1724.814        1652.917   113857740.47708  88720363.88708  88720339.88508  85023656.85108        50.700          49.450          50.750          53.400
> 2026 02 28 21 47 30.0000000  0  1
G06  21653792.057    21653793.375    21653792.956    21653793.423        2202.138        1715.952        1715.952        1644.425   113791508.14008  88668754.28208  88668730.28308  84974197.64708        50.350          49.600          50.600          53.300
> 2026 02 28 21 48 00.0000000  0  1
G06  21641253.929    21641255.180    21641254.768    21641255.249        2190.426        1706.825        1706.825        1635.757   113725620.08008  88617412.94308  88617388.94208  84924995.52408        50.350          49.300          50.500          53.350
> 2026 02 28 21 48 30.0000000  0  1
G06  21628782.073    21628783.487    21628783.061    21628783.528        2178.330        1697.401        1697.401        1626.813   113660080.55508  88566343.21208  88566319.21008  84876053.69708        50.200          49.850          50.150          53.550
> 2026 02 28 21 49 00.0000000  0  1
G06  21616377.161    21616378.794    21616378.326    21616378.627        2166.762        1688.386        1688.386        1618.080   113594892.39108  88515547.24408  88515523.24308  84827374.24108        50.300          50.000          50.550          53.550
> 2026 02 28 21 49 30.0000000  0  1
G06  21604039.176    21604040.925    21604040.471    21604040.666        2155.416        1679.544        1679.544        1609.558   113530055.70208  88465025.14008  88465001.13908  84778957.22908        50.350          50.000          50.500          53.650
> 2026 02 28 21 50 00.0000000  0  1
G06  21591768.705    21591770.457    21591769.988    21591770.332        2142.899        1669.791        1669.791        1600.165   113465573.95908  88414779.62908  88414755.62808  84730805.28308        50.100          49.650          50.100          53.950
> 2026 02 28 21 50 30.0000000  0  1
G06  21579566.349    21579567.998    21579567.524    21579568.130        2131.733        1661.091        1661.091        1591.856   113401450.04808  88364812.94508  88364788.94508  84682920.54809        50.750          49.750          50.850          54.100
> 2026 02 28 21 51 00.0000000  0  1
G06  21567432.358    21567433.929    21567433.470    21567434.294        2119.455        1651.523        1651.524        1582.826   113337685.29608  88315126.13208  88315102.13608  84635304.01509        50.700          49.700          50.650          54.000
> 2026 02 28 21 51 30.0000000  0  1
G06  21555367.130    21555368.668    21555368.188    21555369.197        2107.187        1641.964        1641.965        1573.647   113274282.39508  88265721.29208  88265697.29308  84587957.71409        50.750          49.850          50.800          54.050
> 2026 02 28 21 52 00.0000000  0  1
G06  21543371.184    21543372.701    21543372.222    21543373.269        2095.272        1632.679        1632.679        1564.772   113211243.34408  88216599.95808  88216575.95608  84540883.09909        50.400          50.300          50.350          54.000
> 2026 02 28 21 52 30.0000000  0  1
G06  21531445.078    21531446.700    21531446.248    21531446.948        2082.729        1622.906        1622.906        1555.271   113148571.39808  88167764.67408  88167740.67608  84494082.62908        50.850          50.100          50.750          53.650
> 2026 02 28 21 53 00.0000000  0  1
G06  21519588.751    21519590.422    21519589.979    21519590.481        2070.808        1613.617        1613.617        1546.281   113086266.36608  88119215.30408  88119191.30608  84447556.15608        50.450          49.950          50.600          53.900
> 2026 02 28 21 53 30.0000000  0  1
G06  21507803.168    21507804.951    21507804.493    21507804.866        2058.334        1603.897        1603.897        1537.073   113024333.10208  88070955.62208  88070931.62408  84401307.28909        50.050          50.150          50.500          54.050
> 2026 02 28 21 54 00.0000000  0  1
G06  21496088.650    21496090.439    21496089.970    21496090.332        2045.878        1594.190        1594.190        1527.671   112962772.76108  88022986.52408  88022962.53008  84355336.91209        50.500          50.350          50.450          54.300
> 2026 02 28 21 54 30.0000000  0  1
G06  21484445.512    21484447.348    21484446.837    21484447.192        2033.252        1584.353        1584.352        1518.380   112901587.48708  87975309.70808  87975285.70508  84309646.61309        50.650          50.100          50.650          54.050
> 2026 02 28 21 55 00.0000000  0  1
G06  21472874.174    21472875.839    21472875.366    21472875.706        2020.929        1574.750        1574.750        1509.026   112840779.17008  87927926.59708  87927902.59708  84264237.81209        50.850          50.100          50.850          54.100
> 2026 02 28 21 55 30.0000000  0  1
G06  21461375.260    21461376.785    21461376.322    21461376.603        2007.854        1564.562        1564.562        1499.336   112780351.43408  87880840.05808  87880816.05708  84219113.20609        50.850          50.200          50.750          54.300
> 2026 02 28 21 56 00.0000000  0  1
G06  21449948.618    21449950.092    21449949.598    21449949.859        1995.083        1554.609        1554.610        1489.950   112720303.69208  87834049.61708  87834025.61908  84174272.36909        51.050          50.400          51.300          54.300
> 2026 02 28 21 56 30.0000000  0  1
G06  21438595.323    21438596.883    21438596.369    21438596.492        1982.085        1544.482        1544.482        1480.114   112660641.72708  87787559.77708  87787535.78108  84129719.61809        50.750          50.300          50.850          54.150
> 2026 02 28 21 57 00.0000000  0  1
G06  21427315.635    21427317.272    21427316.825    21427316.888        1969.388        1534.588        1534.588        1470.632   112601366.94008  87741371.63708  87741347.64008  84085455.98609        50.650          50.350          50.750          54.350
> 2026 02 28 21 57 30.0000000  0  1
G06  21416110.061    21416111.800    21416111.309    21416111.331        1955.960        1524.124        1524.125        1460.695   112542481.77808  87695487.10608  87695463.10908  84041483.30609        50.350          50.400          50.450          54.100
> 2026 02 28 21 58 00.0000000  0  1
G06  21404978.823    21404980.499    21404980.028    21404980.259        1942.581        1513.700        1513.700        1450.746   112483987.23508  87649906.96208  87649882.96408  83997802.32809        50.750          50.200          50.950          54.100
> 2026 02 28 21 58 30.0000000  0  1
G06  21393922.493    21393923.948    21393923.501    21393923.864        1930.254        1504.094        1504.094        1441.366   112425885.73008  87604633.06408  87604609.06608  83954414.85309        50.800          50.350          50.950          54.450
> 2026 02 28 21 59 00.0000000  0  1
G06  21382941.263    21382942.486    21382942.051    21382942.540        1917.243        1493.956        1493.956        1431.684   112368178.33708  87559666.27408  87559642.27208  83911321.67309        51.000          50.100          51.200          54.400
> 2026 02 28 21 59 30.0000000  0  1
G06  21372035.724    21372036.771    21372036.359    21372036.805        1903.355        1483.133        1483.134        1421.327   112310868.48508  87515009.25008  87514985.24708  83868525.35909        51.850          50.250          51.750          54.300
> 2026 02 28 22 00 00.0000000  0  1
G06  21361206.829    21361207.848    21361207.418    21361207.721        1890.357        1473.006        1473.006        1411.561   112253961.76008  87470666.36608  87470642.36608  83826030.09909        51.100          50.350          51.250          54.100
> 2026 02 28 22 00 30.0000000  0  1
G06  21350453.723    21350454.729    21350454.302    21350454.515        1876.844        1462.476        1462.476        1401.556   112197453.56008  87426633.98808  87426609.98708  83783832.40109        51.050          50.250          51.000          54.250
> 2026 02 28 22 01 00.0000000  0  1
G06  21339777.350    21339778.370    21339777.947    21339778.236        1863.037        1451.717        1451.717        1391.219   112141349.10508  87382916.23508  87382892.23708  83741936.22609        50.700          50.500          50.750          54.450
> 2026 02 28 22 01 30.0000000  0  1
G06  21329178.845    21329180.113    21329179.666    21329180.088        1849.885        1441.470        1441.470        1381.439   112085654.57808  87339517.92308  87339493.92108  83700346.17009        49.850          50.600          49.950          54.700
> 2026 02 28 22 02 00.0000000  0  1
G06  21318656.228    21318657.569    21318657.136    21318657.809        1837.531        1431.843        1431.843        1372.077   112030358.56008  87296430.11408  87296406.11508  83659053.69509        50.550          50.550          50.300          54.800
> 2026 02 28 22 02 30.0000000  0  1
G06  21308212.447    21308213.869    21308213.440    21308214.298        1822.456        1420.097        1420.096        1360.914   111975476.41308  87253664.82008  87253640.81508  83618070.27809        50.750          50.350          50.550          54.550
> 2026 02 28 22 03 00.0000000  0  1
G06  21297848.472    21297849.785    21297849.362    21297850.343        1808.996        1409.606        1409.606        1350.705   111921013.14408  87211225.89108  87211201.89308  83577399.66209        51.000          50.500          50.900          54.550
> 2026 02 28 22 03 30.0000000  0  1
G06  21287563.495    21287564.583    21287564.165    21287565.093        1794.291        1398.149        1398.150        1339.827   111866964.36208  87169109.95808  87169085.96408  83537038.56309        51.450          50.600          51.350          54.600
> 2026 02 28 22 04 00.0000000  0  1
G06  21277358.361    21277359.360    21277358.912    21277359.619        1780.503        1387.404        1387.405        1329.645   111813335.51008  87127321.24508  87127297.24908  83496991.03509        51.000          49.800          50.700          54.650
> 2026 02 28 22 04 30.0000000  0  1
G06  21267232.486    21267233.390    21267232.940    21267233.448        1766.661        1376.619        1376.619        1319.273   111760123.13608  87085857.07008  87085833.07008  83457254.53209        51.150          50.100          51.100          54.500
> 2026 02 28 22 05 00.0000000  0  1
G06  21257187.395    21257188.274    21257187.828    21257188.315        1752.213        1365.361        1365.361        1308.504   111707335.68208  87044723.99708  87044699.99708  83417835.33709        50.500          50.550          50.600          54.850
> 2026 02 28 22 05 30.0000000  0  1
G06  21247222.348    21247223.447    21247222.989    21247223.513        1737.817        1354.143        1354.142        1297.798   111654969.86008  87003919.46408  87003895.46508  83378730.99409        50.650          50.400          50.600          55.100
> 2026 02 28 22 06 00.0000000  0  1
G06  21237338.788    21237339.994    21237339.558    21237340.053        1724.235        1343.560        1343.561        1287.593   111603031.93008  86963448.35508  86963424.35308  83339946.18309        50.950          50.450          50.900          55.050
> 2026 02 28 22 06 30.0000000  0  1
G06  21227535.857    21227537.066    21227536.608    21227537.114        1709.622        1332.173        1332.173        1276.825   111551517.02508  86923306.86408  86923282.86608  83301477.25509        51.250          50.350          51.300          54.950
> 2026 02 28 22 07 00.0000000  0  1
G06  21217815.446    21217816.632    21217816.191    21217816.706        1695.730        1321.348        1321.348        1266.245   111500435.65308  86883503.20008  86883479.20008  83263332.08809        51.150          50.650          51.100          54.850
> 2026 02 28 22 07 30.0000000  0  1
G06  21208177.494    21208178.588    21208178.173    21208178.618        1680.928        1309.815        1309.815        1255.246   111449787.43608  86844037.06308  86844013.06208  83225510.37609        51.800          50.700          51.650          55.000
> 2026 02 28 22 08 00.0000000  0  1
G06  21198622.027    21198623.087    21198622.679    21198623.087        1666.309        1298.423        1298.422        1244.221   111399572.86408  86804908.83108  86804884.82908  83188012.48909        51.600          50.650          51.650          54.900
> 2026 02 28 22 08 30.0000000  0  1
G06  21189149.887    21189150.951    21189150.503    21189150.922        1652.182        1287.414        1287.414        1233.792   111349796.35408  86766121.93908  86766097.93808  83150841.70909        51.800          50.900          51.800          54.850
> 2026 02 28 22 09 00.0000000  0  1
G06  21179760.598    21179761.619    21179761.157    21179761.587        1637.125        1275.682        1275.681        1222.576   111300454.96108  86727674.10008  86727650.10208  83113995.86109        51.100          50.750          51.150          54.900
> 2026 02 28 22 09 30.0000000  0  1
G06  21170455.194    21170456.149    21170455.691    21170456.080        1622.500        1264.286        1264.286        1211.708   111251554.68408  86689569.98308  86689545.98608  83077479.41309        52.150          50.300          52.000          54.950
> 2026 02 28 22 10 00.0000000  0  1
G06  21161234.057    21161234.961    21161234.521    21161234.873        1607.743        1252.788        1252.788        1200.619   111203097.16508  86651810.88808  86651786.89108  83041293.61709        51.950          50.750          52.000          54.850
> 2026 02 28 22 10 30.0000000  0  1
G06  21152097.587    21152098.559    21152098.100    21152098.359        1593.416        1241.623        1241.623        1189.858   111155084.59908  86614398.49308  86614374.49508  83005440.07609        51.850          50.950          52.000          54.950
> 2026 02 28 22 11 00.0000000  0  1
G06  21143046.074    21143047.144    21143046.698    21143046.889        1577.694        1229.372        1229.372        1178.202   111107518.64608  86577334.11208  86577310.11308  82969920.04509        52.100          50.950          52.100          55.150
> 2026 02 28 22 11 30.0000000  0  1
G06  21134080.225    21134081.407    21134080.943    21134081.234        1563.061        1217.969        1217.969        1167.225   111060403.09108  86540620.68408  86540596.68608  82934736.34509        51.650          51.000          51.800          55.250
> 2026 02 28 22 12 00.0000000  0  1
G06  21125200.070    21125201.344    21125200.850    21125201.309        1548.059        1206.280        1206.280        1155.896   111013737.98408  86504258.27608  86504234.27608  82899889.04109        51.800          50.650          51.700          55.400
> 2026 02 28 22 12 30.0000000  0  1
G06  21116406.444    21116407.783    21116407.309    21116407.885        1532.164        1193.895        1193.895        1144.251   110967527.71108  86468250.27908  86468226.28008  82865381.36709        51.750          50.600          51.800          55.300
> 2026 02 28 22 13 00.0000000  0  1
G06  21107699.093    21107700.477    21107699.970    21107700.595        1517.178        1182.216        1182.216        1132.972   110921770.38308  86432595.21608  86432571.22008  82831211.94609        51.350          50.950          51.350          55.400
> 2026 02 28 22 13 30.0000000  0  1
G06  21099078.792    21099080.183    21099079.714    21099080.376        1502.183        1170.532        1170.532        1121.818   110876470.48008  86397296.59208  86397272.59308  82797384.09009        51.650          51.100          51.600          55.350
> 2026 02 28 22 14 00.0000000  0  1
G06  21090545.419    21090546.848    21090546.380    21090547.060        1487.118        1158.793        1158.793        1110.444   110831627.37108  86362353.90808  86362329.91108  82763897.36709        51.300          51.050          51.450          55.650
> 2026 02 28 22 14 30.0000000  0  1
G06  21082100.085    21082101.561    21082101.081    21082101.715        1471.567        1146.676        1146.675        1098.927   110787246.99108  86327771.79708  86327747.79608  82730756.17009        51.100          51.050          51.200          55.550
> 2026 02 28 22 15 00.0000000  0  1
G06  21073742.965    21073744.517    21073744.070    21073744.605        1456.364        1134.828        1134.829        1087.492   110743330.40808  86293551.08208  86293527.08308  82697961.31909        51.150          51.350          51.200          55.050
> 2026 02 28 22 15 30.0000000  0  1
G06  21065473.956    21065475.718    21065475.267    21065475.667        1440.769        1122.678        1122.678        1075.887   110699876.96008  86259691.25808  86259667.26008  82665512.31809        51.000          51.350          50.850          55.300
> 2026 02 28 22 16 00.0000000  0  1
G06  21057293.598    21057295.397    21057294.931    21057295.290        1424.856        1110.278        1110.278        1063.965   110656888.96808  86226194.12908  86226170.13108  82633410.90809        51.550          51.300          51.700          55.350
> 2026 02 28 22 16 30.0000000  0  1
G06  21049202.842    21049204.486    21049204.008    21049204.195        1409.589        1098.381        1098.381        1052.640   110614371.37508  86193063.54308  86193039.54008  82601660.76009        51.700          50.900          51.850          55.050
> 2026 02 28 22 17 00.0000000  0  1
G06  21041202.188    21041203.583    21041203.087    21041203.284        1393.723        1086.018        1086.018        1040.768   110572326.95108  86160301.64508  86160277.64908  82570263.94409        52.300          50.750          52.550          55.400
> 2026 02 28 22 17 30.0000000  0  1
G06  21033291.430    21033292.585    21033292.096    21033292.538        1377.802        1073.612        1073.612        1028.828   110530755.04908  86127907.95108  86127883.95608  82539219.99409        51.400          50.800          51.150          55.450
> 2026 02 28 22 18 00.0000000  0  1
G06  21025470.276    21025471.294    21025470.835    21025471.464        1361.737        1061.094        1061.093        1017.029   110489654.45708  86095881.52008  86095857.51808  82508527.98709        51.700          50.650          51.600          55.650
> 2026 02 28 22 18 30.0000000  0  1
G06  21017740.001    21017741.089    21017740.631    21017741.268        1346.267        1049.039        1049.039        1005.381   110449031.84308  86064227.53408  86064203.53308  82478192.91909        51.700          51.300          51.450          55.600
> 2026 02 28 22 19 00.0000000  0  1
G06  21010100.760    21010101.992    21010101.505    21010102.181        1329.950        1036.325        1036.325         993.201   110408887.92808  86032946.57308  86032922.57208  82448215.32809        51.450          50.800          51.350          55.550
> 2026 02 28 22 19 30.0000000  0  1
G06  21002549.408    21002550.773    21002550.256    21002551.030        1314.212        1024.062        1024.062         981.292   110369205.87208  86002025.50108  86002001.50208  82418582.64609        51.800          51.250          51.800          55.450
> 2026 02 28 22 20 00.0000000  0  1
G06  20995096.065    20995097.409    20995096.885    20995097.672        1298.208        1011.591        1011.591         969.399   110330038.18508  85971505.22108  85971481.22408  82389334.04409        52.050          51.000          52.150          55.700
> 2026 02 28 22 20 30.0000000  0  1
G06  20987732.622    20987733.875    20987733.384    20987734.194        1281.991         998.954         998.954         957.287   110291342.88308  85941353.04808  85941329.04808  82360438.20809        51.700          50.750          51.800          55.450
> 2026 02 28 22 21 00.0000000  0  1
G06  20980460.394    20980461.578    20980461.083    20980461.877        1265.244         985.905         985.905         944.830   110253126.71608  85911574.22208  85911550.22308  82331900.16809        51.700          50.700          51.600          55.400
> 2026 02 28 22 21 30.0000000  0  1
G06  20973281.874    20973283.085    20973282.617    20973283.272        1249.624         973.733         973.733         933.169   110215403.17908  85882179.25408  85882155.25608  82303729.99109        51.500          51.100          51.600          55.550
> 2026 02 28 22 22 00.0000000  0  1
G06  20966196.424    20966197.807    20966197.316    20966197.825        1233.177         960.917         960.917         920.870   110178169.07208  85853165.66408  85853141.66408  82275925.30609        51.500          51.650          51.600          55.550
> 2026 02 28 22 22 30.0000000  0  1
G06  20959204.676    20959206.160    20959205.653    20959206.024        1217.026         948.331         948.331         908.841   110141427.41508  85824535.80108  85824511.80208  82248488.35309        51.600          51.300          51.450          55.550
> 2026 02 28 22 23 00.0000000  0  1
G06  20952305.985    20952307.443    20952306.942    20952307.228        1199.916         934.999         934.999         896.047   110105174.69808  85796286.92108  85796262.92208  82221416.51409        51.400          51.100          51.550          55.700
> 2026 02 28 22 23 30.0000000  0  1
G06  20945501.712    20945503.120    20945502.650    20945502.949        1183.628         922.308         922.307         883.926   110069418.08308  85768424.62408  85768400.62408  82194715.13909        51.650          51.200          51.650          55.600
> 2026 02 28 22 24 00.0000000  0  1
G06  20938791.883    20938793.175    20938792.745    20938793.141        1166.715         909.129         909.129         871.198   110034157.64808  85740948.96608  85740924.96708  82168384.30409        51.750          50.850          51.600          55.700
> 2026 02 28 22 24 30.0000000  0  1
G06  20932177.220    20932178.353    20932177.945    20932178.486        1150.572         896.549         896.550         859.117   109999397.21108  85713862.90608  85713838.90708  82142426.83709        51.850          50.750          51.900          55.650
> 2026 02 28 22 25 00.0000000  0  1
G06  20925657.536    20925658.671    20925658.234    20925658.898        1133.563         883.296         883.296         846.465   109965135.95408  85687165.82508  85687141.82808  82116842.13509        51.600          51.050          51.600          55.750
> 2026 02 28 22 25 30.0000000  0  1
G06  20919233.242    20919234.454    20919234.016    20919234.766        1116.718         870.170         870.170         833.928   109931376.13408  85660859.47208  85660835.47508  82091631.88009        51.450          51.350          51.650          55.850
> 2026 02 28 22 26 00.0000000  0  1
G06  20912904.686    20912905.828    20912905.374    20912906.205        1100.356         857.421         857.421         821.730   109898119.19708  85634944.99508  85634920.98708  82066797.16209        52.150          50.750          52.350          55.850
> 2026 02 28 22 26 30.0000000  0  1
G06  20906672.329    20906673.374    20906672.933    20906673.699        1083.475         844.266         844.266         809.227   109865367.75308  85609424.38408  85609400.38108  82042339.91109        51.800          51.300          51.600          55.550
> 2026 02 28 22 27 00.0000000  0  1
G06  20900536.582    20900537.696    20900537.243    20900537.724        1066.400         830.961         830.961         796.347   109833124.09308  85584299.45008  85584275.44908  82018261.85809        51.950          51.400          52.000          55.650
> 2026 02 28 22 27 30.0000000  0  1
G06  20894497.312    20894498.464    20894498.020    20894498.413        1049.684         817.935         817.935         783.785   109801387.78208  85559569.86208  85559545.86408  81994562.66809        51.950          51.250          52.000          55.650
> 2026 02 28 22 28 00.0000000  0  1
G06  20888555.487    20888556.687    20888556.190    20888556.568        1032.384         804.455         804.455         770.845   109770163.42808  85535239.19108  85535215.19108  81971245.77909        51.800          51.100          51.850          55.750
> 2026 02 28 22 28 30.0000000  0  1
G06  20882710.846    20882712.022    20882711.556    20882711.916        1015.046         790.946         790.945         758.090   109739449.51108  85511306.27808  85511282.27708  81948310.06109        51.600          51.300          51.600          55.650
> 2026 02 28 22 29 00.0000000  0  1
G06  20876964.171    20876965.188    20876964.744    20876965.274         997.768         777.481         777.481         745.130   109709250.12708  85487774.28708  85487750.28508  81925758.57109        51.750          51.400          51.950          55.750
> 2026 02 28 22 29 30.0000000  0  1
G06  20871314.516    20871315.464    20871315.008    20871315.708         981.115         764.505         764.505         732.658   109679560.89508  85464639.81208  85464615.81408  81903588.04609        51.900          51.200          52.050          55.900
> 2026 02 28 22 30 00.0000000  0  1
G06  20865764.092    20865765.118    20865764.663    20865765.366         963.838         751.043         751.042         719.694   109650393.59408  85441912.03908  85441888.03708  81881807.26009        52.000          51.400          52.050          55.800
> 2026 02 28 22 30 30.0000000  0  1
G06  20860311.738    20860312.823    20860312.397    20860313.060         946.610         737.618         737.618         706.843   109621741.39908  85419585.65808  85419561.65708  81860411.14509        52.000          51.450          52.050          55.800
> 2026 02 28 22 31 00.0000000  0  1
G06  20854958.518    20854959.686    20854959.226    20854959.842         928.924         723.837         723.837         693.728   109593609.63508  85397664.80408  85397640.80408  81839403.65509        52.350          51.500          52.250          56.100
> 2026 02 28 22 31 30.0000000  0  1
G06  20849704.098    20849705.205    20849704.749    20849705.388         911.872         710.549         710.549         680.926   109565996.89808  85376148.38408  85376124.38408  81818783.75509        52.000          51.550          52.050          56.200
> 2026 02 28 22 32 00.0000000  0  1
G06  20844549.800    20844550.800    20844550.331    20844551.008         894.289         696.849         696.849         667.712   109538910.66008  85355042.22508  85355018.22508  81798557.02109        52.200          51.050          52.500          56.050
> 2026 02 28 22 32 30.0000000  0  1
G06  20839495.428    20839496.357    20839495.883    20839496.602         877.250         683.572         683.572         655.043   109512349.80908  85334345.45908  85334321.45708  81778722.61309        51.850          51.100          52.100          56.100
> 2026 02 28 22 33 00.0000000  0  1
G06  20834540.556    20834541.550    20834541.093    20834541.808         859.227         669.527         669.528         641.696   109486311.91008  85314056.17908  85314032.18108  81759278.72409        52.200          51.650          52.300          56.100
> 2026 02 28 22 33 30.0000000  0  1
G06  20829686.069    20829687.139    20829686.659    20829687.336         841.506         655.719         655.719         628.411   109460801.28808  85294177.76808  85294153.76908  81740228.58609        52.400          51.650          52.400          56.050
> 2026 02 28 22 34 00.0000000  0  1
G06  20824931.801    20824932.879    20824932.396    20824933.030         824.067         642.130         642.130         615.336   109435817.07408  85274709.55108  85274685.55408  81721571.54109        52.450          51.650          52.550          56.150
> 2026 02 28 22 34 30.0000000  0  1
G06  20820278.950    20820280.076    20820279.578    20820280.314         806.302         628.287         628.287         602.242   109411366.14408  85255656.87208  85255632.87208  81703312.71809        52.150          51.450          52.200          56.300
> 2026 02 28 22 35 00.0000000  0  1
G06  20815727.213    20815728.377    20815727.897    20815728.786         787.953         613.990         613.989         588.375   109387447.01808  85237018.59308  85236994.59308  81685451.04909        52.350          51.400          52.400          56.550
> 2026 02 28 22 35 30.0000000  0  1
G06  20811276.232    20811277.398    20811276.929    20811277.763         770.838         600.653         600.653         575.569   109364057.19008  85218792.75108  85218768.75508  81667984.62109        52.200          51.400          52.100          56.000
> 2026 02 28 22 36 00.0000000  0  1
G06  20806927.727    20806928.934    20806928.461    20806929.054         752.534         586.390         586.389         562.059   109341205.68808  85200986.39108  85200962.39108  81650920.17509        52.150          51.800          52.100          55.850
> 2026 02 28 22 36 30.0000000  0  1
G06  20802680.781    20802681.996    20802681.510    20802681.960         735.297         572.959         572.959         549.101   109318887.92308  85183595.92208  85183571.91908  81634254.31309        52.550          51.450          52.250          55.800
> 2026 02 28 22 37 00.0000000  0  1
G06  20798536.098    20798537.366    20798536.898    20798537.260         716.990         558.693         558.693         535.368   109297107.88908  85166624.46008  85166600.46208  81617990.00109        51.850          51.550          51.800          55.700
> 2026 02 28 22 37 30.0000000  0  1
G06  20794492.230    20794493.657    20794493.160    20794493.401         700.827         546.099         546.099         523.299   109275857.89408  85150066.01208  85150042.01308  81602121.49409        52.300          51.600          52.200          55.950
> 2026 02 28 22 38 00.0000000  0  1
G06  20790552.245    20790553.668    20790553.179    20790553.372         682.490         531.809         531.809         509.686   109255153.66808  85133932.84208  85133908.84508  81586660.54009        51.650          51.250          51.600          55.850
> 2026 02 28 22 38 30.0000000  0  1
G06  20786714.532    20786715.909    20786715.420    20786715.670         662.838         516.497         516.497         494.899   109234986.53208  85118218.19308  85118194.19208  81571600.67509        52.050          50.850          52.250          55.800
> 2026 02 28 22 39 00.0000000  0  1
G06  20782980.823    20782982.158    20782981.712    20782981.947         645.056         502.641         502.641         481.637   109215365.59708  85102929.15708  85102905.15608  81556948.67809        51.850          51.350          51.600          55.600
> 2026 02 28 22 39 30.0000000  0  1
G06  20779351.129    20779352.481    20779352.013    20779352.282         626.769         488.392         488.391         468.026   109196291.18808  85088065.97508  85088041.97408  81542704.78909        52.300          51.750          52.200          56.050
> 2026 02 28 22 40 00.0000000  0  1
G06  20775824.710    20775826.061    20775825.598    20775825.942         608.367         474.051         474.051         454.371   109177759.18708  85073625.45508  85073601.45708  81528865.95409        52.250          51.950          52.550          56.000
> 2026 02 28 22 40 30.0000000  0  1
G06  20772402.948    20772404.281    20772403.816    20772404.193         589.915         459.673         459.673         440.556   109159776.82908  85059613.22608  85059589.22708  81515437.56709        52.600          51.700          52.250          55.950
> 2026 02 28 22 41 00.0000000  0  1
G06  20769083.980    20769085.198    20769084.723    20769085.118         572.017         445.727         445.727         427.190   109142334.72008  85046021.97108  85045997.96808  81502412.61209        52.700          51.650          52.550          55.800
> 2026 02 28 22 41 30.0000000  0  1
G06  20765870.554    20765871.663    20765871.181    20765871.650         554.112         431.776         431.776         413.746   109125447.76508  85032863.29608  85032839.29808  81489802.22309        52.200          51.800          52.050          56.000
> 2026 02 28 22 42 00.0000000  0  1
G06  20762760.735    20762761.767    20762761.280    20762761.872         535.351         417.156         417.156         399.853   109109105.69908  85020129.21508  85020105.21508  81477598.72609        52.450          51.650          52.400          55.800
> 2026 02 28 22 42 30.0000000  0  1
G06  20759756.323    20759757.291    20759756.810    20759757.410         517.202         403.014         403.014         386.196   109093317.46008  85007826.69108  85007802.68808  81465808.80909        52.650          51.600          52.550          55.800
> 2026 02 28 22 43 00.0000000  0  1
G06  20756856.957    20756857.949    20756857.477    20756857.977         498.975         388.811         388.811         372.557   109078081.12508  84995954.22708  84995930.22508  81454431.03609        52.450          51.950          52.350          56.000
> 2026 02 28 22 43 30.0000000  0  1
G06  20754062.500    20754063.502    20754063.048    20754063.533         480.400         374.338         374.338         358.739   109063396.08208  84984511.33408  84984487.33108  81443464.91909        52.600          51.750          52.800          56.250
> 2026 02 28 22 44 00.0000000  0  1
G06  20751373.532    20751374.550    20751374.096    20751374.671         462.053         360.041         360.041         345.013   109049265.77808  84973500.69908  84973476.69908  81432913.05609        52.000          52.050          51.900          56.000
> 2026 02 28 22 44 30.0000000  0  1
G06  20748789.886    20748791.052    20748790.598    20748791.243         443.639         345.692         345.692         331.158   109035689.44808  84962921.73908  84962897.73908  81422774.89509        51.850          52.100          51.650          55.750
> 2026 02 28 22 45 00.0000000  0  1
G06  20746312.600    20746313.817    20746313.342    20746314.001         424.567         330.831         330.831         317.079   109022671.39208  84952777.78908  84952753.79008  81413053.60609        52.550          51.600          52.450          55.850
> 2026 02 28 22 45 30.0000000  0  1
G06  20743940.967    20743942.201    20743941.727    20743942.324         406.419         316.690         316.689         303.473   109010208.47308  84943066.42608  84943042.42508  81403746.88609        52.750          51.400          52.900          55.750
> 2026 02 28 22 46 00.0000000  0  1
G06  20741675.416    20741676.712    20741676.223    20741676.636         387.608         302.032         302.032         289.434   108998302.85208  84933789.30408  84933765.30408  81394856.30809        52.300          51.650          52.100          55.900
> 2026 02 28 22 46 30.0000000  0  1
G06  20739516.108    20739517.496    20739517.004    20739517.320         368.874         287.434         287.434         275.349   108986955.77508  84924947.42708  84924923.42708  81386382.85109        51.700          51.900          51.500          55.800
> 2026 02 28 22 47 00.0000000  0  1
G06  20737463.952    20737465.506    20737464.994    20737465.230         350.408         273.045         273.045         261.670   108976172.03908  84916544.51008  84916520.50908  81378330.04309        52.200          52.150          52.200          56.100
> 2026 02 28 22 47 30.0000000  0  1
G06  20735518.457    20735519.992    20735519.516    20735519.779         331.326         258.176         258.176         247.397   108965948.22608  84908577.89108  84908553.89208  81370695.37609        52.850          51.850          52.700          56.250
> 2026 02 28 22 48 00.0000000  0  1
G06  20733679.753    20733681.092    20733680.607    20733681.167         312.818         243.754         243.754         233.619   108956285.16608  84901048.23408  84901024.23608  81363479.45009        52.650          51.600          52.600          56.000
> 2026 02 28 22 48 30.0000000  0  1
G06  20731949.270    20731950.395    20731949.896    20731950.565         294.104         229.171         229.171         219.649   108947190.49308  84893961.46608  84893937.46908  81356687.96909        52.650          51.650          52.700          55.700
> 2026 02 28 22 49 00.0000000  0  1
G06  20730325.111    20730326.221    20730325.712    20730326.285         275.443         214.631         214.631         205.660   108938655.17708  84887310.56508  84887286.56808  81350314.18609        52.800          51.550          52.650          55.950
> 2026 02 28 22 49 30.0000000  0  1
G06  20728808.063    20728809.203    20728808.712    20728809.148         256.335         199.742         199.741         191.438   108930683.25308  84881098.67508  84881074.67208  81344361.11809        52.450          51.850          52.700          55.800
> 2026 02 28 22 50 00.0000000  0  1
G06  20727398.514    20727399.747    20727399.274    20727399.615         237.423         185.005         185.005         177.316   108923276.45408  84875327.13308  84875303.13308  81338830.05809        52.600          51.800          52.400          56.100
> 2026 02 28 22 50 30.0000000  0  1
G06  20726096.986    20726098.310    20726097.836    20726098.020         218.383         170.168         170.168         163.064   108916437.10108  84869997.75408  84869973.75608  81333722.74109        52.200          51.850          52.200          55.900
> 2026 02 28 22 51 00.0000000  0  1
G06  20724903.135    20724904.422    20724903.955    20724904.153         199.915         155.778         155.778         149.243   108910163.49608  84865109.22508  84865085.22608  81329037.90209        52.750          51.450          52.800          55.850
> 2026 02 28 22 51 30.0000000  0  1
G06  20723817.530    20723818.682    20723818.216    20723818.563         180.453         140.612         140.612         134.811   108904458.51608  84860663.78208  84860639.78408  81324777.68109        52.600          51.400          52.650          55.900
> 2026 02 28 22 52 00.0000000  0  1
G06  20722840.651    20722841.726    20722841.271    20722841.721         161.509         125.851         125.851         120.661   108899324.86508  84856663.53508  84856639.53908  81320944.11409        52.550          51.400          52.400          55.850
> 2026 02 28 22 52 30.0000000  0  1
G06  20721971.531    20721972.580    20721972.132    20721972.664         142.970         111.405         111.405         106.788   108894757.57208  84853104.59908  84853080.60108  81317533.46009        52.350          51.400          52.300          56.100
> 2026 02 28 22 53 00.0000000  0  1
G06  20721210.943    20721212.080    20721211.617    20721212.111         123.327          96.098          96.098          92.236   108890760.72408  84849990.16008  84849966.16208  81314548.78309        52.050          51.950          52.050          55.950
> 2026 02 28 22 53 30.0000000  0  1
G06  20720558.578    20720559.855    20720559.383    20720559.721         104.524          81.447          81.447          77.989   108887332.62308  84847318.90008  84847294.89908  81311988.83209        52.700          52.000          52.650          55.950
> 2026 02 28 22 54 00.0000000  0  1
G06  20720015.486    20720016.804    20720016.314    20720016.564          85.685          66.768          66.768          63.972   108884478.55008  84845094.93708  84845070.93908  81309857.54109        52.700          51.300          52.750          56.000
> 2026 02 28 22 54 30.0000000  0  1
G06  20719581.059    20719582.288    20719581.794    20719582.021          66.628          51.918          51.917          49.575   108882195.41808  84843315.86308  84843291.86508  81308152.59509        52.650          51.600          52.700          55.900
> 2026 02 28 22 55 00.0000000  0  1
G06  20719255.781    20719256.980    20719256.516    20719256.769          47.341          36.889          36.889          35.445   108880485.99208  84841983.83608  84841959.83708  81306876.05909        52.200          51.700          52.250          55.800
> 2026 02 28 22 55 30.0000000  0  1
G06  20719039.421    20719040.671    20719040.226    20719040.597          28.387          22.120          22.120          21.099   108879349.11608  84841097.96108  84841073.96308  81306027.10109        52.300          51.750          52.200          56.000
> 2026 02 28 22 56 00.0000000  0  1
G06  20718932.181    20718933.512    20718933.029    20718933.572           9.300           7.247           7.247           6.967   108878785.55208  84840658.82408  84840634.82608  81305606.25409        52.150          51.950          52.100          56.100
> 2026 02 28 22 56 30.0000000  0  1
G06  20718938.848    20718940.161    20718939.673    20718940.291          -9.802          -7.639          -7.639          -7.266   108878820.47708  84840686.01608  84840662.01808  81305632.31309        52.200          51.800          52.050          56.100
> 2026 02 28 22 57 00.0000000  0  1
G06  20719049.703    20719050.974    20719050.494    20719051.133         -29.250         -22.792         -22.792         -21.855   108879402.99708  84841139.91308  84841115.91408  81306067.29309        52.150          51.800          52.000          55.900
> 2026 02 28 22 57 30.0000000  0  1
G06  20719270.977    20719272.267    20719271.789    20719272.289         -48.821         -38.043         -38.043         -36.442   108880565.77608  84842045.96208  84842021.96108  81306935.59009        52.250          52.350          52.200          55.650
> 2026 02 28 22 58 00.0000000  0  1
G06  20719601.767    20719603.050    20719602.590    20719602.850         -67.882         -52.895         -52.895         -50.632   108882303.81208  84843400.27408  84843376.27308  81308233.47209        52.100          52.050          52.000          55.950
> 2026 02 28 22 58 30.0000000  0  1
G06  20720042.503    20720043.759    20720043.292    20720043.426         -86.371         -67.303         -67.303         -64.467   108884619.58808  84845204.76808  84845180.77008  81309962.78509        52.250          52.100          52.100          55.800
> 2026 02 28 22 59 00.0000000  0  1
G06  20720592.565    20720593.800    20720593.319    20720593.461        -105.880         -82.504         -82.504         -79.089   108887509.98508  84847457.02108  84847433.02508  81312121.20009        52.650          51.900          52.550          55.850
> 2026 02 28 22 59 30.0000000  0  1
G06  20721252.486    20721253.753    20721253.280    20721253.428        -124.880         -97.309         -97.309         -93.287   108890977.76408  84850159.17808  84850135.18008  81314710.77009        52.500          51.800          52.450          55.950
> 2026 02 28 23 00 00.0000000  0  1
G06  20722022.639    20722023.956    20722023.493    20722023.587        -145.004        -112.990        -112.990        -108.189   108895025.04208  84853312.89308  84853288.89408  81317733.06809        52.400          51.900          52.400          55.900
> 2026 02 28 23 00 30.0000000  0  1
G06  20722902.428    20722903.786    20722903.316    20722903.513        -163.802        -127.638        -127.638        -122.291   108899648.70108  84856915.73108  84856891.73308  81321185.78609        52.350          51.850          52.250          56.150
> 2026 02 28 23 01 00.0000000  0  1
G06  20723888.165    20723889.574    20723889.090    20723889.515        -182.244        -142.009        -142.008        -136.102   108904829.19808  84860952.46908  84860928.47408  81325054.32909        52.050          51.550          51.800          56.150
> 2026 02 28 23 01 30.0000000  0  1
G06  20724990.348    20724991.839    20724991.331    20724991.815        -204.156        -159.083        -159.083        -152.470   108910621.38908  84865465.85608  84865441.86008  81329379.66309        52.650          51.800          52.450          56.200
> 2026 02 28 23 02 00.0000000  0  1
G06  20726203.495    20726204.945    20726204.460    20726204.981        -221.729        -172.776        -172.777        -165.546   108916996.35708  84870433.35708  84870409.35508  81334140.16809        52.700          51.950          52.650          56.250
> 2026 02 28 23 02 30.0000000  0  1
G06  20727524.413    20727525.728    20727525.245    20727525.754        -240.996        -187.789        -187.789        -179.938   108923936.89708  84875841.55808  84875817.56208  81339323.03309        53.000          52.100          53.050          56.100
> 2026 02 28 23 03 00.0000000  0  1
G06  20728954.658    20728955.868    20728955.382    20728955.903        -261.132        -203.480        -203.480        -195.061   108931452.25508  84881697.66708  84881673.67008  81344935.14509        52.800          52.000          52.750          56.150
> 2026 02 28 23 03 30.0000000  0  1
G06  20730494.332    20730495.546    20730495.093    20730495.556        -279.408        -217.721        -217.721        -208.635   108939543.48808  84888002.52108  84887978.52108  81350977.28609        52.350          51.750          52.350          55.950
> 2026 02 28 23 04 00.0000000  0  1
G06  20732145.155    20732146.386    20732145.947    20732146.385        -299.695        -233.529        -233.528        -223.899   108948219.04808  84894762.68708  84894738.69008  81357455.78309        52.150          52.000          52.150          55.900
> 2026 02 28 23 04 30.0000000  0  1
G06  20733908.062    20733909.339    20733908.879    20733909.295        -315.852        -246.119        -246.119        -235.838   108957483.71608  84901981.89708  84901957.89708  81364374.18909        51.750          51.800          51.700          55.900
> 2026 02 28 23 05 00.0000000  0  1
G06  20735781.913    20735783.217    20735782.771    20735783.151        -338.997        -264.154        -264.153        -253.204   108967331.44308  84909655.44708  84909631.44908  81371728.01009        52.100          51.450          52.250          55.750
> 2026 02 28 23 05 30.0000000  0  1
G06  20737762.441    20737763.910    20737763.447    20737763.764        -356.357        -277.681        -277.681        -266.081   108977739.66808  84917765.74708  84917741.74808  81379500.37209        51.800          51.700          51.800          55.700
> 2026 02 28 23 06 00.0000000  0  1
G06  20739857.907    20739859.537    20739859.086    20739859.286        -378.124        -294.643        -294.643        -282.380   108988751.59608  84926346.45608  84926322.45508  81387723.54909        52.850          51.850          52.850          55.850
> 2026 02 28 23 06 30.0000000  0  1
G06  20742064.521    20742066.119    20742065.662    20742065.881        -395.723        -308.356        -308.356        -295.485   109000346.96308  84935381.80008  84935357.79808  81396382.41909        52.400          51.950          52.300          56.100
> 2026 02 28 23 07 00.0000000  0  1
G06  20744377.798    20744379.270    20744378.792    20744379.156        -416.144        -324.268        -324.268        -310.805   109012502.55508  84944853.67908  84944829.67808  81405459.63709        52.400          52.050          52.300          55.950
> 2026 02 28 23 07 30.0000000  0  1
G06  20746804.065    20746805.384    20746804.924    20746805.452        -435.129        -339.062        -339.062        -324.885   109025252.13808  84954788.40808  84954764.40708  81414980.41709        52.600          51.750          52.650          56.200
> 2026 02 28 23 08 00.0000000  0  1
G06  20749339.963    20749341.288    20749340.824    20749341.437        -453.643        -353.488        -353.488        -338.762   109038578.45208  84965172.53408  84965148.53408  81424931.87609        52.100          52.650          52.150          56.050
> 2026 02 28 23 08 30.0000000  0  1
G06  20751983.599    20751985.019    20751984.554    20751985.216        -475.477        -370.501        -370.502        -355.058   109052471.26808  84975998.08808  84975974.08808  81435306.36509        51.800          52.150          51.750          56.100
> 2026 02 28 23 09 00.0000000  0  1
G06  20754739.870    20754741.337    20754740.908    20754741.510        -494.166        -385.065        -385.065        -369.066   109066955.83208  84987284.75808  84987260.75708  81446122.75609        52.300          51.850          52.200          56.000
> 2026 02 28 23 09 30.0000000  0  1
G06  20757608.041    20757609.464    20757609.034    20757609.602        -514.161        -400.645        -400.645        -383.841   109082028.01308  84999029.29908  84999005.30008  81457377.93209        52.650          51.650          52.650          56.000
> 2026 02 28 23 10 00.0000000  0  1
G06  20760586.828    20760588.131    20760587.706    20760588.327        -530.773        -413.590        -413.589        -396.348   109097681.51408  85011226.81808  85011202.81708  81469067.21509        52.350          51.450          52.350          56.050
> 2026 02 28 23 10 30.0000000  0  1
G06  20763673.878    20763675.024    20763674.595    20763675.316        -552.272        -430.342        -430.342        -412.355   109113903.78008  85023867.53508  85023843.53608  81481181.23909        52.750          51.450          52.850          55.850
> 2026 02 28 23 11 00.0000000  0  1
G06  20766873.912    20766874.936    20766874.489    20766875.240        -568.395        -442.906        -442.906        -424.493   109130719.57508  85036970.74308  85036946.74608  81493738.48409        52.750          51.800          52.700          55.800
> 2026 02 28 23 11 30.0000000  0  1
G06  20770180.247    20770181.206    20770180.769    20770181.481        -589.938        -459.692        -459.692        -440.527   109148093.96408  85050509.22708  85050485.22608  81506712.85409        52.500          51.600          52.550          55.700
> 2026 02 28 23 12 00.0000000  0  1
G06  20773603.004    20773604.021    20773603.565    20773604.151        -611.421        -476.433        -476.433        -456.542   109166080.57508  85064524.75408  85064500.75508  81520144.40209        52.150          51.750          51.900          55.600
> 2026 02 28 23 12 30.0000000  0  1
G06  20777132.958    20777134.120    20777133.692    20777134.128        -626.625        -488.280        -488.280        -467.789   109184631.04808  85078979.64808  85078955.64908  81533997.01109        52.150          51.850          52.400          55.900
> 2026 02 28 23 13 00.0000000  0  1
G06  20780773.697    20780775.122    20780774.670    20780774.972        -648.423        -505.266        -505.265        -484.234   109203763.92108  85093888.36908  85093864.36908  81548284.53809        52.200          51.800          52.350          56.050
> 2026 02 28 23 13 30.0000000  0  1
G06  20784525.940    20784527.425    20784526.996    20784527.330        -665.378        -518.476        -518.476        -496.905   109223482.29108  85109253.31808  85109229.31908  81563009.27709        52.250          51.800          52.250          56.000
> 2026 02 28 23 14 00.0000000  0  1
G06  20788386.187    20788387.574    20788387.125    20788387.546        -684.396        -533.295        -533.295        -511.063   109243767.48108  85125059.96808  85125035.96808  81578157.31009        52.950          51.650          53.050          55.800
> 2026 02 28 23 14 30.0000000  0  1
G06  20792358.660    20792359.973    20792359.497    20792359.993        -706.483        -550.507        -550.506        -527.528   109264642.24708  85141326.00608  85141302.00808  81593745.59209        52.700          51.900          52.600          55.950
> 2026 02 28 23 15 00.0000000  0  1
G06  20796438.726    20796440.027    20796439.571    20796440.043        -724.322        -564.407        -564.407        -540.928   109286082.75908  85158032.89008  85158008.89208  81609756.35909        52.650          51.950          52.600          55.850
> 2026 02 28 23 15 30.0000000  0  1
G06  20800629.991    20800631.301    20800630.842    20800631.203        -744.917        -580.455        -580.455        -556.323   109308107.99908  85175195.39708  85175171.39808  81626203.76109        52.250          51.850          52.250          55.650
> 2026 02 28 23 16 00.0000000  0  1
G06  20804934.129    20804935.448    20804935.000    20804935.354        -763.591        -595.006        -595.006        -570.287   109330726.60308  85192820.27108  85192796.27208  81643094.26709        52.250          51.500          52.350          55.750
> 2026 02 28 23 16 30.0000000  0  1
G06  20809342.905    20809344.288    20809343.811    20809344.233        -783.998        -610.909        -610.909        -585.575   109353895.08208  85210873.61808  85210849.61908  81660395.39809        52.550          51.800          52.550          55.700
> 2026 02 28 23 17 00.0000000  0  1
G06  20813865.356    20813866.731    20813866.282    20813866.826        -801.021        -624.173        -624.173        -598.181   109377660.94008  85229392.45208  85229368.45608  81678142.61009        52.000          51.700          51.850          55.750
> 2026 02 28 23 17 30.0000000  0  1
G06  20818498.729    20818500.124    20818499.680    20818500.212        -819.228        -638.360        -638.360        -611.804   109402009.63308  85248365.44508  85248341.45108  81696325.06309        52.000          51.450          51.800          55.800
> 2026 02 28 23 18 00.0000000  0  1
G06  20823241.279    20823242.705    20823242.233    20823242.675        -839.530        -654.180        -654.180        -626.836   109426932.01408  85267785.46808  85267761.46908  81714935.90609        52.350          51.450          52.350          55.700
> 2026 02 28 23 18 30.0000000  0  1
G06  20828090.988    20828092.320    20828091.877    20828092.291        -859.229        -669.529        -669.529        -641.585   109452417.40208  85287644.20008  85287620.20008  81733967.19509        52.350          51.250          52.250          55.800
> 2026 02 28 23 19 00.0000000  0  1
G06  20833051.633    20833052.953    20833052.507    20833052.904        -878.065        -684.207        -684.207        -655.691   109478485.73008  85307957.17608  85307933.17408  81753433.79009        52.000          51.450          52.050          55.850
> 2026 02 28 23 19 30.0000000  0  1
G06  20838120.872    20838122.279    20838121.855    20838122.252        -896.792        -698.800        -698.800        -669.718   109505124.81708  85328714.89308  85328690.89708  81773326.61209        51.800          51.800          51.750          55.850
> 2026 02 28 23 20 00.0000000  0  1
G06  20843300.170    20843301.617    20843301.152    20843301.709        -917.301        -714.781        -714.781        -685.027   109532342.01708  85349923.09408  85349899.09608  81793651.13309        52.150          51.550          52.150          56.000
> 2026 02 28 23 20 30.0000000  0  1
G06  20848588.353    20848589.773    20848589.322    20848589.883        -936.103        -729.431        -729.431        -698.952   109560131.23708  85371577.01708  85371553.01808  81814402.79809        52.300          51.800          52.550          55.950
> 2026 02 28 23 21 00.0000000  0  1
G06  20853985.668    20853987.100    20853986.666    20853987.097        -955.276        -744.371        -744.371        -713.323   109588493.86208  85393677.75108  85393653.75208  81835582.67109        52.400          51.950          52.250          55.800
> 2026 02 28 23 21 30.0000000  0  1
G06  20859492.163    20859493.629    20859493.169    20859493.660        -974.536        -759.379        -759.379        -727.728   109617430.90608  85416226.08208  85416202.07908  81857191.48709        51.750          51.700          51.950          55.800
> 2026 02 28 23 22 00.0000000  0  1
G06  20865108.127    20865109.657    20865109.180    20865109.736        -993.492        -774.151        -774.151        -741.719   109646943.37408  85439222.78808  85439198.79108  81879229.99409        52.400          51.550          52.650          55.750
> 2026 02 28 23 22 30.0000000  0  1
G06  20870831.858    20870833.424    20870832.947    20870833.570       -1012.304        -788.808        -788.808        -755.937   109677022.01708  85462660.67008  85462636.67108  81901691.30409        52.250          51.550          52.050          55.800
> 2026 02 28 23 23 00.0000000  0  1
G06  20876664.198    20876665.665    20876665.234    20876665.875       -1031.238        -803.563        -803.562        -770.091   109707670.82808  85486542.85708  85486518.86008  81924578.39809        51.950          51.450          51.800          55.950
> 2026 02 28 23 23 30.0000000  0  1
G06  20882605.122    20882606.513    20882606.027    20882606.659       -1050.517        -818.585        -818.585        -784.311   109738890.27808  85510869.69608  85510845.69708  81947891.61209        52.400          51.300          52.150          55.700
> 2026 02 28 23 24 00.0000000  0  1
G06  20888654.421    20888655.700    20888655.229    20888655.878       -1069.231        -833.167        -833.167        -798.476   109770679.34208  85535640.36708  85535616.37108  81971630.18209        52.400          51.300          52.300          55.650
> 2026 02 28 23 24 30.0000000  0  1
G06  20894811.930    20894813.270    20894812.769    20894813.399       -1088.079        -847.854        -847.854        -812.627   109803037.17208  85560854.25508  85560830.25808  81995793.49009        52.200          51.600          52.250          55.900
> 2026 02 28 23 25 00.0000000  0  1
G06  20901077.599    20901079.018    20901078.528    20901079.084       -1106.983        -862.584        -862.584        -826.668   109835963.34008  85586510.99708  85586486.99808  82020381.19109        52.300          51.800          52.350          55.900
> 2026 02 28 23 25 30.0000000  0  1
G06  20907451.299    20907452.758    20907452.298    20907452.726       -1125.776        -877.228        -877.228        -840.736   109869457.42808  85612610.27608  85612586.27608  82045392.99509        51.750          51.650          51.750          55.650
> 2026 02 28 23 26 00.0000000  0  1
G06  20913932.449    20913933.953    20913933.468    20913933.940       -1144.937        -892.159        -892.158        -854.998   109903516.50308  85639149.81208  85639125.81208  82070826.71309        51.800          50.900          51.550          55.550
> 2026 02 28 23 26 30.0000000  0  1
G06  20920521.045    20920522.545    20920522.059    20920522.577       -1163.885        -906.924        -906.924        -869.148   109938140.25108  85666129.33508  85666105.33608  82096682.09209        51.700          51.000          51.650          55.550
> 2026 02 28 23 27 00.0000000  0  1
G06  20927217.657    20927219.094    20927218.642    20927219.210       -1182.553        -921.470        -921.470        -883.059   109973330.94108  85693550.63408  85693526.63708  82122960.83409        51.750          51.150          51.700          55.850
> 2026 02 28 23 27 30.0000000  0  1
G06  20934023.102    20934024.469    20934024.039    20934024.756       -1201.306        -936.083        -936.083        -897.128   110009093.42408  85721417.48708  85721393.48708  82149666.56609        52.400          51.350          52.600          55.700
> 2026 02 28 23 28 00.0000000  0  1
G06  20940933.721    20940934.908    20940934.486    20940935.333       -1219.719        -950.431        -950.431        -910.816   110045408.05508  85749714.58908  85749690.59108  82176784.61709        52.750          50.750          52.900          56.000
> 2026 02 28 23 28 30.0000000  0  1
G06  20947951.414    20947952.596    20947952.133    20947953.011       -1238.620        -965.158        -965.158        -925.008   110082286.11708  85778450.73008  85778426.73208  82204323.42009        52.650          51.550          52.700          55.650
> 2026 02 28 23 29 00.0000000  0  1
G06  20955075.218    20955076.542    20955076.084    20955076.704       -1257.608        -979.955        -979.955        -939.095   110119722.20108  85807621.68608  85807597.68608  82232278.91709        52.250          51.250          52.150          55.600
> 2026 02 28 23 29 30.0000000  0  1
G06  20962306.266    20962307.724    20962307.259    20962307.829       -1276.055        -994.329        -994.329        -952.939   110157722.12208  85837232.00508  85837208.00108  82260655.46809        51.650          51.000          51.600          55.450
> 2026 02 28 23 30 00.0000000  0  1
G06  20969643.444    20969644.938    20969644.487    20969644.955       -1294.496       -1008.698       -1008.698        -966.721   110196279.67508  85867276.83908  85867252.84008  82289448.44109        51.800          50.950          51.950          55.350
> 2026 02 28 23 30 30.0000000  0  1
G06  20977086.750    20977088.181    20977087.736    20977088.182       -1313.190       -1023.265       -1023.265        -980.597   110235394.36608  85897755.80508  85897731.80908  82318657.44809        51.950          51.250          52.200          55.600
> 2026 02 28 23 31 00.0000000  0  1
G06  20984636.205    20984637.634    20984637.181    20984637.646       -1331.734       -1037.715       -1037.715        -994.375   110275066.72408  85928669.32008  85928645.32108  82348282.89309        52.250          51.050          52.350          55.550
> 2026 02 28 23 31 30.0000000  0  1
G06  20992291.123    20992292.537    20992292.065    20992292.605       -1350.208       -1052.110       -1052.110       -1008.201   110315293.09508  85960014.53608  85959990.53008  82378322.05209        52.250          51.450          52.300          55.600
> 2026 02 28 23 32 00.0000000  0  1
G06  21000052.368    21000053.813    21000053.343    21000053.959       -1368.730       -1066.543       -1066.543       -1022.104   110356078.56208  85991795.38908  85991771.38508  82408778.71909        52.700          51.100          52.650          55.450
> 2026 02 28 23 32 30.0000000  0  1
G06  21007918.546    21007919.909    21007919.422    21007920.092       -1386.455       -1080.355       -1080.355       -1035.324   110397415.30708  86024005.81308  86023981.81608  82439647.04109        52.600          50.700          52.550          55.650
> 2026 02 28 23 33 00.0000000  0  1
G06  21015889.708    21015891.010    21015890.523    21015891.322       -1405.655       -1095.316       -1095.316       -1049.609   110439304.32508  86056646.59508  86056622.60008  82470927.78109        51.800          50.900          51.900          55.600
> 2026 02 28 23 33 30.0000000  0  1
G06  21023964.353    21023965.778    21023965.305    21023965.984       -1423.722       -1109.393       -1109.394       -1063.042   110481737.26808  86089711.21408  86089687.21408  82502614.69609        52.200          51.300          52.400          55.350
> 2026 02 28 23 34 00.0000000  0  1
G06  21032148.108    21032149.600    21032149.142    21032149.666       -1441.999       -1123.636       -1123.636       -1076.869   110524743.13308  86123222.26608  86123198.26608  82534729.45509        52.000          51.250          52.000          55.350
> 2026 02 28 23 34 30.0000000  0  1
G06  21040432.867    21040434.283    21040433.843    21040434.217       -1460.401       -1137.976       -1137.975       -1090.586   110568279.37008  86157146.59808  86157122.59608  82567240.26509        52.400          51.400          52.550          55.250
> 2026 02 28 23 35 00.0000000  0  1
G06  21048822.151    21048823.451    21048822.980    21048823.428       -1478.822       -1152.329       -1152.329       -1104.385   110612364.82408  86191498.88508  86191474.88208  82600161.20709        52.600          51.150          52.350          55.400
> 2026 02 28 23 35 30.0000000  0  1
G06  21057315.543    21057316.819    21057316.350    21057316.941       -1497.315       -1166.739       -1166.739       -1118.090   110656997.80708  86226277.81608  86226253.81208  82633491.00809        51.900          51.050          51.950          55.400
> 2026 02 28 23 36 00.0000000  0  1
G06  21065912.707    21065914.152    21065913.706    21065914.270       -1515.096       -1180.595       -1180.595       -1131.476   110702176.86408  86261482.25608  86261458.25308  82667228.60709        51.650          51.300          51.600          55.550
> 2026 02 28 23 36 30.0000000  0  1
G06  21074613.092    21074614.778    21074614.306    21074614.774       -1533.073       -1194.603       -1194.603       -1144.847   110747898.37908  86297109.38808  86297085.39008  82701371.28009        51.800          51.300          51.900          55.100
> 2026 02 28 23 37 00.0000000  0  1
G06  21083417.886    21083419.643    21083419.135    21083419.557       -1550.948       -1208.531       -1208.532       -1158.151   110794168.01508  86333163.62408  86333139.62708  82735923.25709        52.150          51.350          52.100          55.200
> 2026 02 28 23 37 30.0000000  0  1
G06  21092324.603    21092326.335    21092325.819    21092326.262       -1569.233       -1222.779       -1222.779       -1171.876   110840972.78208  86369634.86408  86369610.86508  82770874.85809        51.800          51.250          51.650          55.050
> 2026 02 28 23 38 00.0000000  0  1
G06  21101333.692    21101335.355    21101334.881    21101335.299       -1588.042       -1237.436       -1237.436       -1185.821   110888315.46708  86406525.25108  86406501.25108  82806228.14109        52.000          51.300          52.000          55.150
> 2026 02 28 23 38 30.0000000  0  1
G06  21110445.744    21110447.263    21110446.829    21110447.280       -1604.975       -1250.631       -1250.630       -1198.470   110936199.18308  86443837.22908  86443813.23108  82841985.45009        52.650          51.050          52.700          55.300
> 2026 02 28 23 39 00.0000000  0  1
G06  21119659.717    21119661.096    21119660.660    21119661.138       -1623.131       -1264.778       -1264.778       -1212.073   110984618.43208  86481566.49208  86481542.49108  82878142.65909        52.400          51.000          52.400          55.150
> 2026 02 28 23 39 30.0000000  0  1
G06  21128975.756    21128976.989    21128976.537    21128977.130       -1639.195       -1277.295       -1277.295       -1224.095   111033573.88508  86519713.58008  86519689.58108  82914700.28109        52.250          50.950          52.150          55.200
> 2026 02 28 23 40 00.0000000  0  1
G06  21138393.990    21138395.180    21138394.725    21138395.425       -1657.079       -1291.231       -1291.231       -1237.450   111083066.55908  86558279.28608  86558255.28908  82951659.08409        52.600          50.950          52.750          55.550
> 2026 02 28 23 40 30.0000000  0  1
G06  21147912.218    21147913.445    21147912.966    21147913.776       -1675.868       -1305.871       -1305.871       -1251.491   111133084.95008  86597254.65208  86597230.65408  82989010.47009        52.650          51.300          52.700          55.550
> 2026 02 28 23 41 00.0000000  0  1
G06  21157533.479    21157534.893    21157534.399    21157535.093       -1693.660       -1319.735       -1319.735       -1264.734   111183645.34708  86636652.33608  86636628.34008  83026766.58309        51.900          51.150          51.800          55.450
> 2026 02 28 23 41 30.0000000  0  1
G06  21167254.054    21167255.712    21167255.182    21167255.787       -1711.622       -1333.732       -1333.732       -1278.164   111234728.25608  86676457.18208  86676433.18208  83064912.88509        51.600          51.100          51.350          55.200
> 2026 02 28 23 42 00.0000000  0  1
G06  21177076.197    21177078.002    21177077.470    21177077.922       -1729.009       -1347.281       -1347.281       -1291.138   111286344.78508  86716677.83708  86716653.83708  83103457.67809        51.450          51.200          51.100          54.800
> 2026 02 28 23 42 30.0000000  0  1
G06  21186997.714    21186999.601    21186999.094    21186999.550       -1746.668       -1361.041       -1361.041       -1304.451   111338483.27108  86757305.20808  86757281.20608  83142392.24509        51.700          50.800          51.450          54.750
> 2026 02 28 23 43 00.0000000  0  1
G06  21197018.992    21197020.802    21197020.339    21197020.800       -1764.135       -1374.652       -1374.652       -1317.401   111391145.44508  86798340.64508  86798316.64808  83181717.87409        51.450          50.700          51.700          54.900
> 2026 02 28 23 43 30.0000000  0  1
G06  21207141.119    21207142.750    21207142.353    21207142.804       -1781.629       -1388.283       -1388.283       -1330.464   111444337.23408  86839788.78108  86839764.78508  83221439.00309        51.450          50.850          51.600          55.100
> 2026 02 28 23 44 00.0000000  0  1
G06  21217361.694    21217363.273    21217362.859    21217363.388       -1798.825       -1401.682       -1401.682       -1343.316   111498046.26108  86881639.95008  86881615.95408  83261546.37109        51.850          50.650          51.950          55.300
> 2026 02 28 23 44 30.0000000  0  1
G06  21227681.496    21227682.951    21227682.499    21227683.209       -1816.029       -1415.088       -1415.088       -1356.065   111552276.38508  86923897.17408  86923873.17408  83302042.86309        51.800          50.650          51.400          55.200
> 2026 02 28 23 45 00.0000000  0  1
G06  21238100.724    21238102.112    21238101.626    21238102.451       -1832.902       -1428.236       -1428.236       -1368.669   111607029.04508  86966561.56208  86966537.56808  83342929.56909        52.300          51.200          52.450          55.250
> 2026 02 28 23 45 30.0000000  0  1
G06  21248616.640    21248617.939    21248617.435    21248618.416       -1850.490       -1441.942       -1441.942       -1381.885   111662290.02708  87009622.04908  87009598.05208  83384195.86809        52.250          51.100          52.250          55.000
> 2026 02 28 23 46 00.0000000  0  1
G06  21259230.927    21259232.195    21259231.668    21259232.619       -1868.043       -1455.618       -1455.618       -1394.919   111718068.12708  87053085.48708  87053061.49008  83425848.32909        52.050          50.250          52.150          55.050
> 2026 02 28 23 46 30.0000000  0  1
G06  21269944.208    21269945.527    21269945.026    21269946.105       -1885.966       -1469.585       -1469.584       -1408.447   111774367.19708  87096954.86908  87096930.87308  83467889.81909        51.300          50.700          51.100          55.250
> 2026 02 28 23 47 00.0000000  0  1
G06  21280753.553    21280755.048    21280754.544    21280755.527       -1901.123       -1481.395       -1481.395       -1419.830   111831171.22608  87141217.73608  87141193.73408  83510308.39509        51.750          50.850          51.750          54.850
> 2026 02 28 23 47 30.0000000  0  1
G06  21291661.585    21291663.236    21291662.784    21291663.567       -1918.453       -1494.900       -1494.900       -1432.628   111888493.56008  87185884.45808  87185860.45908  83553113.99609        50.950          50.550          51.000          55.000
> 2026 02 28 23 48 00.0000000  0  1
G06  21302666.590    21302668.339    21302667.857    21302668.543       -1936.365       -1508.856       -1508.856       -1445.969   111946325.32408  87230948.15308  87230924.15208  83596300.03309        51.700          50.700          51.700          54.900
> 2026 02 28 23 48 30.0000000  0  1
G06  21313766.676    21313768.395    21313767.881    21313768.442       -1952.975       -1521.799       -1521.800       -1458.336   112004656.16008  87276400.72908  87276376.72908  83639858.75109        52.000          50.800          51.800          54.950
> 2026 02 28 23 49 00.0000000  0  1
G06  21324963.426    21324965.044    21324964.527    21324964.887       -1968.903       -1534.209       -1534.209       -1470.313   112063494.87808  87322249.06508  87322225.06708  83683796.74209        51.850          50.700          51.550          54.650
> 2026 02 28 23 49 30.0000000  0  1
G06  21336255.309    21336256.938    21336256.438    21336256.666       -1986.763       -1548.128       -1548.128       -1483.658   112122834.07208  87368487.37908  87368463.37908  83728108.45809        51.550          50.850          51.350          54.550
> 2026 02 28 23 50 00.0000000  0  1
G06  21347642.803    21347644.519    21347644.034    21347644.172       -2003.591       -1561.241       -1561.241       -1496.117   112182676.04508  87415117.46708  87415093.46608  83772795.61409        51.750          50.650          51.650          54.650
> 2026 02 28 23 50 30.0000000  0  1
G06  21359125.233    21359126.970    21359126.483    21359126.701       -2019.719       -1573.808       -1573.808       -1508.277   112243017.07808  87462136.44408  87462112.44208  83817855.47009        51.300          50.600          51.300          54.800
> 2026 02 28 23 51 00.0000000  0  1
G06  21370702.027    21370703.674    21370703.166    21370703.604       -2036.188       -1586.640       -1586.640       -1520.549   112303853.39808  87509541.34008  87509517.34108  83863285.15809        51.600          50.400          51.550          54.850
> 2026 02 28 23 51 30.0000000  0  1
G06  21382373.809    21382375.379    21382374.935    21382375.377       -2052.895       -1599.660       -1599.660       -1532.981   112365188.86908  87557335.19508  87557311.19508  83909087.59409        51.600          50.850          51.700          54.800
> 2026 02 28 23 52 00.0000000  0  1
G06  21394139.476    21394141.071    21394140.643    21394141.046       -2069.020       -1612.224       -1612.224       -1544.990   112427017.64608  87605513.45208  87605489.45008  83955258.41609        51.350          50.750          51.450          54.700
> 2026 02 28 23 52 30.0000000  0  1
G06  21405998.434    21406000.201    21405999.762    21406000.107       -2085.567       -1625.118       -1625.118       -1557.449   112489337.08708  87654074.02508  87654050.02908  84001795.64609        50.750          50.700          50.850          54.750
> 2026 02 28 23 53 00.0000000  0  1
G06  21417950.567    21417952.519    21417952.060    21417952.477       -2101.730       -1637.713       -1637.713       -1569.398   112552146.77408  87703016.60308  87702992.60608  84048698.94209        51.000          50.600          51.100          54.700
> 2026 02 28 23 53 30.0000000  0  1
G06  21429995.391    21429997.388    21429996.927    21429997.382       -2117.955       -1650.356       -1650.356       -1581.586   112615442.86008  87752338.20308  87752314.20608  84095965.47609        50.950          50.350          50.800          54.450
> 2026 02 28 23 54 00.0000000  0  1
G06  21442133.266    21442134.971    21442134.536    21442135.031       -2133.989       -1662.849       -1662.849       -1593.595   112679227.06608  87802040.16108  87802016.15608  84143596.51409        51.600          50.200          51.750          54.300
> 2026 02 28 23 54 30.0000000  0  1
G06  21454363.130    21454364.609    21454364.153    21454364.696       -2149.933       -1675.273       -1675.273       -1605.480   112743494.13808  87852118.38408  87852094.38708  84191588.15009        52.200          50.250          52.100          54.150
> 2026 02 28 23 55 00.0000000  0  1
G06  21466684.822    21466686.018    21466685.581    21466686.241       -2166.425       -1688.124       -1688.123       -1617.762   112808243.92808  87902572.76408  87902548.76708  84239940.25109        52.000          50.300          52.150          54.750
> 2026 02 28 23 55 30.0000000  0  1
G06  21479097.356    21479098.605    21479098.160    21479098.878       -2182.084       -1700.325       -1700.325       -1629.514   112873472.26208  87953400.01408  87953376.01908  84288649.70109        51.200          50.300          51.000          54.400
> 2026 02 28 23 56 00.0000000  0  1
G06  21491601.078    21491602.482    21491602.021    21491602.781       -2198.242       -1712.916       -1712.916       -1641.463   112939180.50608  88004601.23108  88004577.23108  84337717.51909        50.700          50.300          50.550          54.350
> 2026 02 28 23 56 30.0000000  0  1
G06  21504195.036    21504196.648    21504196.188    21504196.851       -2214.142       -1725.307       -1725.307       -1653.429   113005363.28308  88056172.18808  88056148.19308  84387139.69309        51.050          49.850          51.250          54.350
> 2026 02 28 23 57 00.0000000  0  1
G06  21516879.227    21516880.873    21516880.419    21516881.007       -2229.616       -1737.364       -1737.364       -1664.959   113072019.57508  88108112.14308  88108088.14408  84436915.47508        50.850          50.150          50.800          53.900
> 2026 02 28 23 57 30.0000000  0  1
G06  21529653.161    21529654.870    21529654.397    21529654.934       -2245.126       -1749.450       -1749.450       -1676.527   113139147.16808  88160419.32008  88160395.32208  84487043.18808        51.100          49.800          51.250          53.950
> 2026 02 28 23 58 00.0000000  0  1
G06  21542516.637    21542518.218    21542517.754    21542518.310       -2260.537       -1761.458       -1761.457       -1688.092   113206744.69008  88213092.70408  88213068.70508  84537521.84209        51.350          50.000          51.450          54.000
> 2026 02 28 23 58 30.0000000  0  1
G06  21555469.260    21555470.831    21555470.376    21555470.891       -2276.436       -1773.846       -1773.846       -1699.933   113274810.61008  88266131.05808  88266107.06508  84588350.26609        51.850          49.950          51.650          54.000
> 2026 02 28 23 59 00.0000000  0  1
G06  21568510.455    21568511.939    21568511.509    21568512.160       -2291.884       -1785.884       -1785.884       -1711.572   113343341.99408  88319532.12808  88319508.12708  84639526.28709        51.450          49.950          51.150          54.000
> 2026 02 28 23 59 30.0000000  0  1
G06  21581639.481    21581641.002    21581640.565    21581641.235       -2307.575       -1798.111       -1798.111       -1723.242   113412335.24208  88373293.08808  88373269.08608  84691047.20009        51.650          49.900          51.450          54.050
