     3.04           OBSERVATION DATA    G                   RINEX VERSION / TYPE
GR50 V4.80          ICGC                20260227 235942 UTC PGM / RUN BY / DATE 
gfzrnx-1.12-7747    FILE PROCESSING     20260915 164239 UTC COMMENT             
EBRE00ESP                                                   MARKER NAME         
13410M001                                                   MARKER NUMBER       
ICGC Geodesy Team   ICGC                                    OBSERVER / AGENCY   
1831701             LEICA GR50          4.80/7.900          REC # / TYPE / VERS 
726359              LEIAR25.R4      NONE                    ANT # / TYPE        
        0.0770        0.0000        0.0000                  ANTENNA: DELTA H/E/N
  4833520.3640    41536.8300  4147461.2910                  APPROX POSITION XYZ 
G    4 C1C C2W L1C L2W                                      SYS / # / OBS TYPES 
SNR is mapped to RINEX snr flag value [1-9]                 COMMENT             
LX:     < 12dBHz -> 1; 12-17dBHz -> 2; 18-23dBHz -> 3       COMMENT             
       24-29dBHz -> 4; 30-35dBHz -> 5; 36-41dBHz -> 6       COMMENT             
       42-47dBHz -> 7; 48-53dBHz -> 8; >= 54dBHz -> 9       COMMENT             
DBHZ                                                        SIGNAL STRENGTH UNIT
     0                                                      RCV CLOCK OFFS APPL 
G L1C                                                       SYS / PHASE SHIFT   
G L2W                                                       SYS / PHASE SHIFT   
    18    18  1929     7                                    LEAP SECONDS        
     2                                                      # OF SATELLITES     
   G05  1017  1016  1011  1011                              PRN / # OF OBS      
   G18   993   984   985   979                              PRN / # OF OBS      
    30.000                                                  INTERVAL            
  2026     2    28     0     0    0.0000000     GPS         TIME OF FIRST OBS   
  2026     2    28    23    59   30.0000000     GPS         TIME OF LAST OBS    
                                                            END OF HEADER      
> 2026 02 28 00 00 00.0000000  0  1
G05  24719520.414    24719518.611   129901961.98307 101222306.97307
> 2026 02 28 00 00 30.0000000  0  1
G05  24700488.335    24700487.004   129801949.43407 101144375.16907
> 2026 02 28 00 01 00.0000000  0  1
G05  24681454.261    24681453.441   129701926.54007 101066435.28407
> 2026 02 28 00 01 30.0000000  0  1
G05  24662419.078    24662418.532   129601896.99307 100988490.23407
> 2026 02 28 00 02 00.0000000  0  1
G05  24643382.429    24643382.024   129501859.12007 100910538.68207
> 2026 02 28 00 02 30.0000000  0  1
G05  24624344.235    24624343.806   129401812.63607 100832580.45107
> 2026 02 28 00 03 00.0000000  0  1
G05  24605305.565    24605304.785   129301763.04107 100754619.76407
> 2026 02 28 00 03 30.0000000  0  1
G05  24586265.843    24586265.011   129201708.53007 100676655.25307
> 2026 02 28 00 04 00.0000000  0  1
G05  24567225.553    24567224.646   129101651.28807 100598688.61707
> 2026 02 28 00 04 30.0000000  0  1
G05  24548185.181    24548183.977   129001593.22707 100520721.32507
> 2026 02 28 00 05 00.0000000  0  1
G05  24529144.607    24529143.277   128901534.43907 100442753.46907
> 2026 02 28 00 05 30.0000000  0  1
G05  24510104.338    24510103.146   128801478.53007 100364787.89307
> 2026 02 28 00 06 00.0000000  0  1
G05  24491064.396    24491063.217   128701423.20907 100286822.73607
> 2026 02 28 00 06 30.0000000  0  1
G05  24472025.346    24472024.041   128601371.90007 100208860.72207
> 2026 02 28 00 07 00.0000000  0  1
G05  24452987.507    24452986.383   128501327.18307 100130903.85907
> 2026 02 28 00 07 30.0000000  0  1
G05  24433950.483    24433949.389   128401286.54107 100052950.15207
> 2026 02 28 00 08 00.0000000  0  1
G05  24414915.072    24414914.064   128301255.54607  99975003.97107
> 2026 02 28 00 08 30.0000000  0  1
G05  24395881.046    24395880.447   128201233.01807  99897064.40307
> 2026 02 28 00 09 00.0000000  0  1
G05  24376849.342    24376848.797   128101221.49107  99819133.37707
> 2026 02 28 00 09 30.0000000  0  1
G05  24357820.226    24357819.902   128001222.97607  99741212.53607
> 2026 02 28 00 10 00.0000000  0  1
G05  24338793.800    24338793.464   127901237.82407  99663302.06307
> 2026 02 28 00 10 30.0000000  0  1
G05  24319769.963    24319769.679   127801266.87707  99585402.66507
> 2026 02 28 00 11 00.0000000  0  1
G05  24300748.883    24300748.473   127701309.71507  99507514.01107
> 2026 02 28 00 11 30.0000000  0  1
G05  24281731.292    24281730.861   127601370.79607  99429639.58407
> 2026 02 28 00 12 00.0000000  0  1
G05  24262717.577    24262717.019   127501452.68407  99351781.36407
> 2026 02 28 00 12 30.0000000  0  1
G05  24243707.424    24243706.672   127401553.25107  99273937.68807
> 2026 02 28 00 13 00.0000000  0  1
G05  24224701.221    24224700.423   127301675.45407  99196110.87807
> 2026 02 28 00 13 30.0000000  0  1
G05  24205699.744    24205698.927   127201823.05207  99118303.85007
> 2026 02 28 00 14 00.0000000  0  1
G05  24186702.702    24186701.964   127101994.33007  99040515.28807
> 2026 02 28 00 14 30.0000000  0  1
G05  24167710.744    24167710.017   127002191.88407  98962747.18207
> 2026 02 28 00 15 00.0000000  0  1
G05  24148724.526    24148723.822   126902419.33507  98885002.39107
> 2026 02 28 00 15 30.0000000  0  1
G05  24129743.735    24129742.892   126802673.82407  98807278.66307
> 2026 02 28 00 16 00.0000000  0  1
G05  24110768.601    24110767.460   126702958.80807  98729578.69107
> 2026 02 28 00 16 30.0000000  0  1
G05  24091799.541    24091798.120   126603275.30707  98651903.29207
> 2026 02 28 00 17 00.0000000  0  1
G05  24072837.600    24072836.074   126503627.96207  98574256.04207
> 2026 02 28 00 17 30.0000000  0  1
G05  24053881.832    24053880.144   126404014.09607  98496634.86207
> 2026 02 28 00 18 00.0000000  0  1
G05  24034933.201    24034931.247   126304438.41307  98419043.45107
> 2026 02 28 00 18 30.0000000  0  1
G05  24015991.436    24015989.319   126204899.62207  98341480.79207
> 2026 02 28 00 19 00.0000000  0  1
G05  23997056.789    23997054.945   126105398.54607  98263947.53207
> 2026 02 28 00 19 30.0000000  0  1
G05  23978131.151    23978129.285   126005944.17507  98186450.65507
> 2026 02 28 00 20 00.0000000  0  1
G05  23959213.685    23959211.858   125906532.29507  98108986.87307
> 2026 02 28 00 20 30.0000000  0  1
G05  23940304.236    23940302.600   125807162.95807  98031556.26707
> 2026 02 28 00 21 00.0000000  0  1
G05  23921404.026    23921402.390   125707841.45107  97954162.89807
> 2026 02 28 00 21 30.0000000  0  1
G05  23902512.430    23902510.898   125608565.53807  97876805.08407
> 2026 02 28 00 22 00.0000000  0  1
G05  23883630.644    23883628.948   125509340.41808  97799486.84008
> 2026 02 28 00 22 30.0000000  0  1
G05  23864758.887    23864756.503   125410168.30808  97722209.89107
> 2026 02 28 00 23 00.0000000  0  1
G05  23845896.738    23845893.989   125311047.23407  97644972.72307
> 2026 02 28 00 23 30.0000000  0  1
G05  23827044.994    23827042.383   125211981.32007  97567778.53707
> 2026 02 28 00 24 00.0000000  0  1
G05  23808204.329    23808202.239   125112974.09307  97490630.08607
> 2026 02 28 00 24 30.0000000  0  1
G05  23789373.834    23789372.315   125014019.86407  97413522.95707
> 2026 02 28 00 25 00.0000000  0  1
G05  23770555.114    23770553.554   124915126.26607  97336463.03907
> 2026 02 28 00 25 30.0000000  0  1
G05  23751748.183    23751746.526   124816294.79907  97259451.54207
> 2026 02 28 00 26 00.0000000  0  1
G05  23732952.845    23732950.912   124717525.07007  97182488.15007
> 2026 02 28 00 26 30.0000000  0  1
G05  23714170.100    23714168.062   124618821.02807  97105575.92507
> 2026 02 28 00 27 00.0000000  0  1
G05  23695399.843    23695397.823   124520183.21807  97028715.34107
> 2026 02 28 00 27 30.0000000  0  1
G05  23676643.372    23676641.418   124421617.14107  96951910.62607
> 2026 02 28 00 28 00.0000000  0  1
G05  23657898.887    23657897.010   124323114.40908  96875155.29908
> 2026 02 28 00 28 30.0000000  0  1
G05  23639168.358    23639166.433   124224684.59907  96798456.76907
> 2026 02 28 00 29 00.0000000  0  1
G05  23620451.811    23620449.947   124126328.56208  96721815.74408
> 2026 02 28 00 29 30.0000000  0  1
G05  23601748.881    23601747.065   124028044.72907  96645230.97107
> 2026 02 28 00 30 00.0000000  0  1
G05  23583060.634    23583058.981   123929838.60607  96568706.73807
> 2026 02 28 00 30 30.0000000  0  1
G05  23564388.028    23564386.702   123831714.56107  96492246.47907
> 2026 02 28 00 31 00.0000000  0  1
G05  23545729.610    23545728.458   123733664.82407  96415844.12807
> 2026 02 28 00 31 30.0000000  0  1
G05  23527088.130    23527087.052   123635703.20707  96339510.43007
> 2026 02 28 00 32 00.0000000  0  1
G05  23508462.089    23508460.716   123537822.27008  96263239.58607
> 2026 02 28 00 32 30.0000000  0  1
G05  23489852.598    23489850.791   123440027.74808  96187036.07408
> 2026 02 28 00 33 00.0000000  0  1
G05  23471259.306    23471257.424   123342318.56807  96110899.06807
> 2026 02 28 00 33 30.0000000  0  1
G05  23452683.512    23452681.609   123244701.42607  96034833.76707
> 2026 02 28 00 34 00.0000000  0  1
G05  23434124.645    23434122.809   123147173.65707  95958838.12507
> 2026 02 28 00 34 30.0000000  0  1
G05  23415583.147    23415581.336   123049737.81507  95882914.11108
> 2026 02 28 00 35 00.0000000  0  1
G05  23397059.903    23397057.984   122952398.16107  95807065.04707
> 2026 02 28 00 35 30.0000000  0  1
G05  23378554.745    23378552.956   122855154.46007  95731290.76507
> 2026 02 28 00 36 00.0000000  0  1
G05  23360068.921    23360067.349   122758011.07908  95655594.64307
> 2026 02 28 00 36 30.0000000  0  1
G05  23341602.143    23341600.660   122660967.30008  95579976.13208
> 2026 02 28 00 37 00.0000000  0  1
G05  23323154.547    23323153.053   122564024.49307  95504436.30007
> 2026 02 28 00 37 30.0000000  0  1
G05  23304726.509    23304725.016   122467185.28007  95428977.20607
> 2026 02 28 00 38 00.0000000  0  1
G05  23286319.024    23286317.442   122370453.50007  95353601.80607
> 2026 02 28 00 38 30.0000000  0  1
G05  23267932.267    23267930.869   122273830.77907  95278311.39907
> 2026 02 28 00 39 00.0000000  0  1
G05  23249566.253    23249564.930   122177316.58907  95203105.55908
> 2026 02 28 00 39 30.0000000  0  1
G05  23231221.474    23231220.161   122080913.27707  95127986.11607
> 2026 02 28 00 40 00.0000000  0  1
G05  23212898.750    23212897.284   121984625.81108  95052956.92708
> 2026 02 28 00 40 30.0000000  0  1
G05  23194598.318    23194596.808   121888456.25908  94978019.65408
> 2026 02 28 00 41 00.0000000  0  1
G05  23176319.151    23176317.572   121792398.45008  94903169.44308
> 2026 02 28 00 41 30.0000000  0  1
G05  23158063.332    23158061.688   121696462.98108  94828414.56808
> 2026 02 28 00 42 00.0000000  0  1
G05  23139831.336    23139829.515   121600652.62308  94753757.16008
> 2026 02 28 00 42 30.0000000  0  1
G05  23121622.201    23121620.468   121504963.34908  94679194.11708
> 2026 02 28 00 43 00.0000000  0  1
G05  23103437.276    23103435.602   121409401.77808  94604730.57808
> 2026 02 28 00 43 30.0000000  0  1
G05  23085276.219    23085274.682   121313965.20708  94530364.45108
> 2026 02 28 00 44 00.0000000  0  1
G05  23067140.224    23067138.641   121218660.08108  94456100.73508
> 2026 02 28 00 44 30.0000000  0  1
G05  23049029.058    23049027.608   121123485.88508  94381939.04007
> 2026 02 28 00 45 00.0000000  0  1
G05  23030943.259    23030941.915   121028444.90308  94307881.16208
> 2026 02 28 00 45 30.0000000  0  1
G05  23012883.654    23012882.309   120933540.69908  94233929.84408
> 2026 02 28 00 46 00.0000000  0  1
G05  22994849.857    22994848.370   120838772.27408  94160084.32208
> 2026 02 28 00 46 30.0000000  0  1
G05  22976842.287    22976840.740   120744141.28708  94086345.90008
> 2026 02 28 00 47 00.0000000  0  1
G05  22958862.550    22958861.093   120649657.19708  94012721.95608
> 2026 02 28 00 47 30.0000000  0  1
G05  22940910.521    22940909.072   120555319.11608  93939211.78208
> 2026 02 28 00 48 00.0000000  0  1
G05  22922985.978    22922984.519   120461125.82808  93865814.43608
> 2026 02 28 00 48 30.0000000  0  1
G05  22905089.989    22905088.449   120367082.13708  93792533.65708
> 2026 02 28 00 49 00.0000000  0  1
G05  22887221.924    22887220.229   120273184.89208  93719366.98008
> 2026 02 28 00 49 30.0000000  0  1
G05  22869383.820    22869382.030   120179445.21208  93646323.08608
> 2026 02 28 00 50 00.0000000  0  1
G05  22851574.089    22851572.243   120085854.07408  93573394.95808
> 2026 02 28 00 50 30.0000000  0  1
G05  22833794.417    22833792.342   119992420.84608  93500589.86208
> 2026 02 28 00 51 00.0000000  0  1
G05  22816045.300    22816043.091   119899148.31308  93427909.97208
> 2026 02 28 00 51 30.0000000  0  1
G05  22798326.742    22798324.300   119806036.06108  93355354.98008
> 2026 02 28 00 52 00.0000000  0  1
G05  22780639.559    22780637.111   119713088.75708  93282928.51908
> 2026 02 28 00 52 30.0000000  0  1
G05  22762983.311    22762981.080   119620304.72308  93210629.29608
> 2026 02 28 00 53 00.0000000  0  1
G05  22745358.743    22745356.578   119527687.10808  93138459.73308
> 2026 02 28 00 53 30.0000000  0  1
G05  22727766.616    22727764.586   119435239.71708  93066422.81708
> 2026 02 28 00 54 00.0000000  0  1
G05  22710207.162    22710205.116   119342964.76408  92994520.27608
> 2026 02 28 00 54 30.0000000  0  1
G05  22692680.727    22692678.616   119250863.04008  92922752.71408
> 2026 02 28 00 55 00.0000000  0  1
G05  22675187.634    22675185.576   119158936.81908  92851121.91608
> 2026 02 28 00 55 30.0000000  0  1
G05  22657728.739    22657726.661   119067190.06308  92779630.96208
> 2026 02 28 00 56 00.0000000  0  1
G05  22640304.539    22640302.499   118975625.45908  92708281.94208
> 2026 02 28 00 56 30.0000000  0  1
G05  22622915.189    22622913.197   118884243.83408  92637075.49708
> 2026 02 28 00 57 00.0000000  0  1
G05  22605559.749    22605557.777   118793040.07008  92566007.64408
> 2026 02 28 00 57 30.0000000  0  1
G05  22588240.466    22588238.580   118702026.31208  92495087.85008
> 2026 02 28 00 58 00.0000000  0  1
G05  22570957.978    22570955.981   118611205.44008  92424318.34808
> 2026 02 28 00 58 30.0000000  0  1
G05  22553711.541    22553709.273   118520573.75108  92353696.27408
> 2026 02 28 00 59 00.0000000  0  1
G05  22536502.305    22536499.822   118430138.30708  92283227.10708
> 2026 02 28 00 59 30.0000000  0  1
G05  22519329.909    22519327.327   118339896.84108  92212909.10708
> 2026 02 28 01 00 00.0000000  0  1
G05  22502195.645    22502193.085   118249855.76708  92142747.24908
> 2026 02 28 01 00 30.0000000  0  1
G05  22485099.496    22485096.956   118160015.05408  92072741.52008
> 2026 02 28 01 01 00.0000000  0  1
G05  22468041.436    22468039.050   118070375.03008  92002892.17208
> 2026 02 28 01 01 30.0000000  0  1
G05  22451022.885    22451020.754   117980942.70808  91933204.67008
> 2026 02 28 01 02 00.0000000  0  1
G05  22434043.893    22434041.779   117891717.62408  91863678.63908
> 2026 02 28 01 02 30.0000000  0  1
G05  22417105.034    22417103.064   117802703.28808  91794316.83208
> 2026 02 28 01 03 00.0000000  0  1
G05  22400206.173    22400204.282   117713899.11608  91725118.77508
> 2026 02 28 01 03 30.0000000  0  1
G05  22383348.128    22383346.362   117625309.93908  91656088.26608
> 2026 02 28 01 04 00.0000000  0  1
G05  22366531.285    22366529.649   117536937.63508  91587226.75908
> 2026 02 28 01 04 30.0000000  0  1
G05  22349755.891    22349754.124   117448782.41408  91518534.37908
> 2026 02 28 01 05 00.0000000  0  1
G05  22333023.343    22333021.515   117360852.76608  91450017.77608
> 2026 02 28 01 05 30.0000000  0  1
G05  22316333.370    22316331.704   117273146.63308  91381675.33708
> 2026 02 28 01 06 00.0000000  0  1
G05  22299686.040    22299684.376   117185664.55708  91313507.50108
> 2026 02 28 01 06 30.0000000  0  1
G05  22283082.546    22283080.836   117098412.22708  91245518.69008
> 2026 02 28 01 07 00.0000000  0  1
G05  22266521.662    22266519.714   117011383.86808  91177704.38808
> 2026 02 28 01 07 30.0000000  0  1
G05  22250006.319    22250004.194   116924594.70408  91110076.47908
> 2026 02 28 01 08 00.0000000  0  1
G05  22233535.418    22233533.224   116838039.59008  91042630.95808
> 2026 02 28 01 08 30.0000000  0  1
G05  22217109.445    22217107.228   116751720.52008  90975369.34708
> 2026 02 28 01 09 00.0000000  0  1
G05  22200729.549    22200727.380   116665643.41408  90908296.27808
> 2026 02 28 01 09 30.0000000  0  1
G05  22184395.646    22184393.473   116579807.74908  90841411.34708
> 2026 02 28 01 10 00.0000000  0  1
G05  22168108.493    22168106.521   116494218.49708  90774718.43208
> 2026 02 28 01 10 30.0000000  0  1
G05  22151868.283    22151866.478   116408876.17108  90708217.93508
> 2026 02 28 01 11 00.0000000  0  1
G05  22135675.668    22135673.905   116323783.51908  90641911.98508
> 2026 02 28 01 11 30.0000000  0  1
G05  22119532.055    22119530.242   116238948.41008  90575806.70908
> 2026 02 28 01 12 00.0000000  0  1
G05  22103434.542    22103432.794   116154356.19208  90509890.71208
> 2026 02 28 01 12 30.0000000  0  1
G05  22087387.214    22087385.568   116070027.56908  90444180.10608
> 2026 02 28 01 13 00.0000000  0  1
G05  22071389.121    22071387.396   115985957.16308  90378670.69608
> 2026 02 28 01 13 30.0000000  0  1
G05  22055440.654    22055438.825   115902147.63208  90313364.58008
> 2026 02 28 01 14 00.0000000  0  1
G05  22039542.720    22039540.818   115818603.00108  90248264.87808
> 2026 02 28 01 14 30.0000000  0  1
G05  22023695.214    22023693.096   115735323.06408  90183371.41908
> 2026 02 28 01 15 00.0000000  0  1
G05  22007899.215    22007897.050   115652314.36808  90118689.32708
> 2026 02 28 01 15 30.0000000  0  1
G05  21992154.397    21992152.230   115569575.04608  90054217.14408
> 2026 02 28 01 16 00.0000000  0  1
G05  21976462.076    21976459.822   115487111.28208  89989959.66708
> 2026 02 28 01 16 30.0000000  0  1
G05  21960821.964    21960819.743   115404922.07608  89925916.14108
> 2026 02 28 01 17 00.0000000  0  1
G05  21945235.125    21945232.894   115323013.09408  89862090.97508
> 2026 02 28 01 17 30.0000000  0  1
G05  21929701.837    21929699.674   115241384.81308  89798484.52708
> 2026 02 28 01 18 00.0000000  0  1
G05  21914222.793    21914220.653   115160041.51008  89735100.13908
> 2026 02 28 01 18 30.0000000  0  1
G05  21898797.528    21898795.473   115078980.83208  89671935.99108
> 2026 02 28 01 19 00.0000000  0  1
G05  21883427.086    21883425.019   114998208.34908  89608996.39208
> 2026 02 28 01 19 30.0000000  0  1
G05  21868111.879    21868109.901   114917726.39508  89546283.19108
> 2026 02 28 01 20 00.0000000  0  1
G05  21852852.606    21852850.709   114837538.11908  89483798.82808
> 2026 02 28 01 20 30.0000000  0  1
G05  21837649.942    21837647.953   114757647.21808  89421546.18208
> 2026 02 28 01 21 00.0000000  0  1
G05  21822503.853    21822501.763   114678053.70708  89359525.26308
> 2026 02 28 01 21 30.0000000  0  1
G05  21807414.815    21807412.839   114598760.77608  89297738.56908
> 2026 02 28 01 22 00.0000000  0  1
G05  21792383.150    21792381.516   114519770.15408  89236187.44908
> 2026 02 28 01 22 30.0000000  0  1
G05  21777409.640    21777408.249   114441084.90008  89174874.27308
> 2026 02 28 01 23 00.0000000  0  1
G05  21762494.607    21762493.344   114362707.02908  89113800.62008
> 2026 02 28 01 23 30.0000000  0  1
G05  21747639.044    21747637.723   114284640.87608  89052969.86708
> 2026 02 28 01 24 00.0000000  0  1
G05  21732842.792    21732841.375   114206885.63708  88992381.37408
> 2026 02 28 01 24 30.0000000  0  1
G05  21718106.317    21718104.665   114129443.95108  88932037.20908
> 2026 02 28 01 25 00.0000000  0  1
G05  21703430.722    21703428.927   114052322.33008  88871942.43908
> 2026 02 28 01 25 30.0000000  0  1
G05  21688815.861    21688813.980   113975520.11908  88812096.56208
> 2026 02 28 01 26 00.0000000  0  1
G05  21674262.687    21674260.768   113899042.61108  88752503.69908
> 2026 02 28 01 26 30.0000000  0  1
G05  21659771.188    21659769.335   113822889.91908  88693163.95708
> 2026 02 28 01 27 00.0000000  0  1
G05  21645342.089    21645340.307   113747064.99508  88634079.60508
> 2026 02 28 01 27 30.0000000  0  1
G05  21630975.644    21630973.997   113671569.21108  88575251.73108
> 2026 02 28 01 28 00.0000000  0  1
G05  21616672.362    21616670.703   113596404.88608  88516682.13408
> 2026 02 28 01 28 30.0000000  0  1
G05  21602432.940    21602431.228   113521576.37608  88458374.21208
> 2026 02 28 01 29 00.0000000  0  1
G05  21588257.771    21588256.013   113447085.54608  88400329.40808
> 2026 02 28 01 29 30.0000000  0  1
G05  21574147.315    21574145.487   113372934.55808  88342549.42808
> 2026 02 28 01 30 00.0000000  0  1
G05  21560101.992    21560100.174   113299125.87208  88285036.17408
> 2026 02 28 01 30 30.0000000  0  1
G05  21546122.142    21546120.363   113225661.57908  88227791.27408
> 2026 02 28 01 31 00.0000000  0  1
G05  21532208.548    21532206.815   113152545.34808  88170817.60308
> 2026 02 28 01 31 30.0000000  0  1
G05  21518360.872    21518359.007   113079775.02908  88114113.46108
> 2026 02 28 01 32 00.0000000  0  1
G05  21504581.459    21504579.355   113007363.01408  88057688.50708
> 2026 02 28 01 32 30.0000000  0  1
G05  21490869.883    21490867.719   112935307.84208  88001541.63108
> 2026 02 28 01 33 00.0000000  0  1
G05  21477225.576    21477223.330   112863606.02908  87945670.08208
> 2026 02 28 01 33 30.0000000  0  1
G05  21463649.560    21463647.285   112792263.61608  87890078.59908
> 2026 02 28 01 34 00.0000000  0  1
G05  21450142.972    21450140.724   112721286.29008  87834771.59308
> 2026 02 28 01 34 30.0000000  0  1
G05  21436705.134    21436702.888   112650669.93408  87779745.85608
> 2026 02 28 01 35 00.0000000  0  1
G05  21423338.171    21423335.981   112580425.97408  87725010.31208
> 2026 02 28 01 35 30.0000000  0  1
G05  21410040.638    21410038.488   112510546.89308  87670559.08408
> 2026 02 28 01 36 00.0000000  0  1
G05  21396813.874    21396811.683   112441039.53808  87616397.51308
> 2026 02 28 01 36 30.0000000  0  1
G05  21383657.769    21383655.571   112371903.70808  87562525.43608
> 2026 02 28 01 37 00.0000000  0  1
G05  21370574.166    21370572.004   112303149.09508  87508950.42008
> 2026 02 28 01 37 30.0000000  0  1
G05  21357562.629    21357560.488   112234773.04408  87455670.38008
> 2026 02 28 01 38 00.0000000  0  1
G05  21344623.704    21344621.668   112166778.95408  87402687.98808
> 2026 02 28 01 38 30.0000000  0  1
G05  21331757.801    21331755.796   112099168.53308  87350004.55408
> 2026 02 28 01 39 00.0000000  0  1
G05  21318965.867    21318963.967   112031947.03008  87297624.17308
> 2026 02 28 01 39 30.0000000  0  1
G05  21306247.432    21306245.707   111965112.13508  87245545.02708
> 2026 02 28 01 40 00.0000000  0  1
G05  21293603.995    21293602.289   111898670.66008  87193772.45608
> 2026 02 28 01 40 30.0000000  0  1
G05  21281035.328    21281033.348   111832621.28408  87142305.40808
> 2026 02 28 01 41 00.0000000  0  1
G05  21268542.054    21268539.882   111766968.14708  87091147.11908
> 2026 02 28 01 41 30.0000000  0  1
G05  21256125.062    21256122.695   111701715.79508  87040301.13308
> 2026 02 28 01 42 00.0000000  0  1
G05  21243784.422    21243781.954   111636864.93008  86989768.00708
> 2026 02 28 01 42 30.0000000  0  1
G05  21231520.098    21231517.671   111572415.62108  86939547.76708
> 2026 02 28 01 43 00.0000000  0  1
G05  21219333.291    21219331.045   111508374.21908  86889645.38408
> 2026 02 28 01 43 30.0000000  0  1
G05  21207224.163    21207222.096   111444740.98308  86840061.04908
> 2026 02 28 01 44 00.0000000  0  1
G05  21195193.241    21195191.196   111381518.14008  86790796.49108
> 2026 02 28 01 44 30.0000000  0  1
G05  21183240.849    21183238.666   111318707.65808  86741853.25508
> 2026 02 28 01 45 00.0000000  0  1
G05  21171367.678    21171365.472   111256313.48508  86693234.43608
> 2026 02 28 01 45 30.0000000  0  1
G05  21159573.905    21159571.789   111194336.48908  86644940.66608
> 2026 02 28 01 46 00.0000000  0  1
G05  21147860.131    21147857.923   111132779.27108  86596974.00208
> 2026 02 28 01 46 30.0000000  0  1
G05  21136227.145    21136224.857   111071646.61908  86549338.17108
> 2026 02 28 01 47 00.0000000  0  1
G05  21124675.267    21124673.028   111010940.72508  86502034.87808
> 2026 02 28 01 47 30.0000000  0  1
G05  21113204.784    21113202.554   110950663.06808  86455065.27408
> 2026 02 28 01 48 00.0000000  0  1
G05  21101815.812    21101813.629   110890814.49208  86408430.01908
> 2026 02 28 01 48 30.0000000  0  1
G05  21090508.544    21090506.477   110831395.55608  86362129.54508
> 2026 02 28 01 49 00.0000000  0  1
G05  21079284.515    21079282.462   110772412.99708  86316169.11808
> 2026 02 28 01 49 30.0000000  0  1
G05  21068143.701    21068141.531   110713867.18508  86270549.00808
> 2026 02 28 01 50 00.0000000  0  1
G05  21057086.917    21057084.592   110655762.68608  86225272.77208
> 2026 02 28 01 50 30.0000000  0  1
G05  21046113.459    21046111.179   110598096.59408  86180338.15408
> 2026 02 28 01 51 00.0000000  0  1
G05  21035224.543    21035222.362   110540874.98508  86135749.88208
> 2026 02 28 01 51 30.0000000  0  1
G05  21024420.446    21024418.405   110484099.44908  86091509.20408
> 2026 02 28 01 52 00.0000000  0  1
G05  21013702.061    21013700.219   110427774.61308  86047619.72308
> 2026 02 28 01 52 30.0000000  0  1
G05  21003068.987    21003067.302   110371898.18708  86004079.65308
> 2026 02 28 01 53 00.0000000  0  1
G05  20992522.166    20992520.451   110316474.61908  85960892.45608
> 2026 02 28 01 53 30.0000000  0  1
G05  20982062.104    20982060.360   110261506.80508  85918060.38908
> 2026 02 28 01 54 00.0000000  0  1
G05  20971689.043    20971687.180   110206995.77608  85875584.26708
> 2026 02 28 01 54 30.0000000  0  1
G05  20961403.575    20961401.559   110152945.01708  85833466.79308
> 2026 02 28 01 55 00.0000000  0  1
G05  20951206.005    20951203.886   110099356.20508  85791709.28108
> 2026 02 28 01 55 30.0000000  0  1
G05  20941097.098    20941095.060   110046233.70608  85750315.12508
> 2026 02 28 01 56 00.0000000  0  1
G05  20931076.720    20931074.794   109993576.75808  85709283.73408
> 2026 02 28 01 56 30.0000000  0  1
G05  20921145.605    20921143.754   109941388.59808  85668617.63108
> 2026 02 28 01 57 00.0000000  0  1
G05  20911304.127    20911302.300   109889671.10708  85628318.28408
> 2026 02 28 01 57 30.0000000  0  1
G05  20901552.831    20901551.021   109838427.51008  85588388.21508
> 2026 02 28 01 58 00.0000000  0  1
G05  20891891.814    20891889.927   109787658.32208  85548827.80508
> 2026 02 28 01 58 30.0000000  0  1
G05  20882322.034    20882320.160   109737368.97708  85509641.30108
> 2026 02 28 01 59 00.0000000  0  1
G05  20872845.408    20872843.595   109687569.08108  85470836.19208
> 2026 02 28 01 59 30.0000000  0  1
G05  20863456.744    20863454.975   109638231.47208  85432391.31908
> 2026 02 28 02 00 00.0000000  0  1
G05  20854162.102    20854160.251   109589387.52008  85394331.09008
> 2026 02 28 02 00 30.0000000  0  1
G05  20844960.589    20844958.678   109541032.99608  85356652.24308
> 2026 02 28 02 01 00.0000000  0  1
G05  20835850.956    20835849.004   109493161.29108  85319349.61908
> 2026 02 28 02 01 30.0000000  0  1
G05  20826834.982    20826832.902   109445781.74808  85282430.49608
> 2026 02 28 02 02 00.0000000  0  1
G05  20817912.709    20817910.574   109398894.90208  85245895.29108
> 2026 02 28 02 02 30.0000000  0  1
G05  20809084.257    20809082.144   109352500.81008  85209744.05808
> 2026 02 28 02 03 00.0000000  0  1
G05  20800350.510    20800348.327   109306604.29108  85173980.53108
> 2026 02 28 02 03 30.0000000  0  1
G05  20791711.648    20791709.403   109261206.51708  85138605.64108
> 2026 02 28 02 04 00.0000000  0  1
G05  20783167.981    20783165.722   109216308.87808  85103620.46808
> 2026 02 28 02 04 30.0000000  0  1
G05  20774720.061    20774717.807   109171914.82108  85069027.69408
> 2026 02 28 02 05 00.0000000  0  1
G05  20766367.950    20766365.755   109128024.51208  85034827.45708
> 2026 02 28 02 05 30.0000000  0  1
G05  20758112.608    20758110.428   109084642.28308  85001023.12608
> 2026 02 28 02 06 00.0000000  0  1
G05  20749954.310    20749952.111   109041769.86208  84967616.05308
> 2026 02 28 02 06 30.0000000  0  1
G05  20741893.339    20741891.050   108999408.60108  84934607.28008
> 2026 02 28 02 07 00.0000000  0  1
G05  20733929.722    20733927.369   108957559.10908  84901997.28708
> 2026 02 28 02 07 30.0000000  0  1
G05  20726063.866    20726061.560   108916224.01308  84869788.12708
> 2026 02 28 02 08 00.0000000  0  1
G05  20718296.347    20718294.205   108875406.33608  84837982.13108
> 2026 02 28 02 08 30.0000000  0  2
G05  20710627.186    20710625.318   108835105.73708  84806579.07308
G18  25553540.785    25553540.119   134284763.01716 104637474.40115
> 2026 02 28 02 09 00.0000000  0  2
G05  20703057.559    20703055.783   108795327.49508  84775583.04108
G18  25540144.414    25540142.835   134214369.02705 104582621.82405
> 2026 02 28 02 09 30.0000000  0  2
G05  20695587.182    20695585.372   108756070.67208  84744993.30908
G18  25526825.568    25526825.361   134144381.19605 104528085.84405
> 2026 02 28 02 10 00.0000000  0  2
G05  20688216.520    20688214.561   108717337.56608  84714811.66908
G18  25513585.461    25513584.969   134074802.45006 104473868.54205
> 2026 02 28 02 10 30.0000000  0  2
G05  20680946.081    20680944.027   108679130.91008  84685040.25008
G18  25500423.678    25500423.017   134005636.34905 104419972.98605
> 2026 02 28 02 11 00.0000000  0  2
G05  20673776.218    20673774.112   108641452.51308  84655680.46108
G18  25487340.984    25487339.918   133936884.46006 104366399.91205
> 2026 02 28 02 11 30.0000000  0  2
G05  20666707.566    20666705.445   108604305.99008  84626735.12308
G18  25474338.075    25474336.295   133868550.96406 104313153.02805
> 2026 02 28 02 12 00.0000000  0  2
G05  20659740.282    20659738.191   108567692.27808  84598204.96208
G18  25461414.827    25461412.156   133800636.87206 104260232.95005
> 2026 02 28 02 12 30.0000000  0  2
G05  20652873.933    20652871.930   108531609.27808  84570088.34208
G18  25448570.703    25448568.107   133733140.92306 104207638.69405
> 2026 02 28 02 13 00.0000000  0  2
G05  20646109.580    20646107.514   108496062.38008  84542389.45708
G18  25435807.165    25435804.516   133666068.92006 104155374.80505
> 2026 02 28 02 13 30.0000000  0  2
G05  20639447.282    20639445.093   108461051.58708  84515108.32308
G18  25423124.192    25423121.592   133599419.87406 104103440.43706
> 2026 02 28 02 14 00.0000000  0  2
G05  20632888.277    20632886.043   108426583.79708  84488250.30408
G18  25410523.212    25410521.032   133533201.74006 104051841.79706
> 2026 02 28 02 14 30.0000000  0  2
G05  20626431.157    20626428.974   108392651.77608  84461809.77808
G18  25398003.139    25398001.008   133467408.12406 104000574.02706
> 2026 02 28 02 15 00.0000000  0  2
G05  20620078.147    20620076.100   108359267.11508  84435795.74908
G18  25385565.934    25385563.837   133402050.20706 103949645.73705
> 2026 02 28 02 15 30.0000000  0  2
G05  20613828.001    20613826.159   108326422.91208  84410202.86608
G18  25373210.201    25373208.662   133337121.77206 103899052.10306
> 2026 02 28 02 16 00.0000000  0  2
G05  20607681.695    20607679.980   108294124.12708  84385034.98008
G18  25360937.100    25360936.039   133272628.84306 103848797.87206
> 2026 02 28 02 16 30.0000000  0  2
G05  20601639.916    20601638.226   108262374.55808  84360295.06308
G18  25348747.543    25348747.087   133208574.14106 103798885.04606
> 2026 02 28 02 17 00.0000000  0  2
G05  20595703.029    20595701.234   108231175.72208  84335984.29208
G18  25336642.542    25336641.617   133144960.16806 103749315.65606
> 2026 02 28 02 17 30.0000000  0  2
G05  20589870.724    20589868.796   108200526.33608  84312101.64808
G18  25324621.146    25324619.753   133081785.81406 103700088.86006
> 2026 02 28 02 18 00.0000000  0  2
G05  20584143.411    20584141.375   108170428.81908  84288649.03608
G18  25312684.254    25312682.359   133019054.36906 103651207.15806
> 2026 02 28 02 18 30.0000000  0  2
G05  20578521.117    20578519.105   108140883.52908  84265626.73008
G18  25300831.423    25300829.526   132956766.59206 103602671.17906
> 2026 02 28 02 19 00.0000000  0  2
G05  20573004.986    20573003.099   108111896.57808  84243039.50208
G18  25289063.891    25289062.284   132894928.26906 103554485.45706
> 2026 02 28 02 19 30.0000000  0  2
G05  20567594.801    20567592.989   108083466.58108  84220886.25908
G18  25277381.877    25277380.276   132833538.54806 103506649.30506
> 2026 02 28 02 20 00.0000000  0  2
G05  20562291.082    20562289.262   108055595.55808  84199168.57508
G18  25265785.642    25265784.085   132772599.83806 103459164.59205
> 2026 02 28 02 20 30.0000000  0  2
G05  20557093.848    20557092.005   108028283.70108  84177886.60608
G18  25254275.621    25254274.267   132712113.21606 103412032.13506
> 2026 02 28 02 21 00.0000000  0  2
G05  20552003.350    20552001.509   108001533.10208  84157041.98308
G18  25242851.956    25242850.304   132652080.84806 103365253.56106
> 2026 02 28 02 21 30.0000000  0  2
G05  20547020.561    20547018.669   107975348.13308  84136638.10508
G18  25231515.453    25231513.608   132592507.17806 103318832.45205
> 2026 02 28 02 22 00.0000000  0  2
G05  20542145.152    20542143.182   107949727.15208  84116673.70408
G18  25220265.586    25220264.064   132533391.04506 103272767.95906
> 2026 02 28 02 22 30.0000000  0  2
G05  20537377.574    20537375.573   107924673.02108  84097151.00608
G18  25209103.834    25209102.468   132474735.81206 103227062.51805
> 2026 02 28 02 23 00.0000000  0  2
G05  20532718.028    20532715.993   107900186.36408  84078070.48308
G18  25198030.174    25198028.783   132416542.35206 103181716.91106
> 2026 02 28 02 23 30.0000000  0  2
G05  20528166.688    20528164.577   107876268.38908  84059433.10008
G18  25187044.728    25187043.214   132358812.24707 103136732.41005
> 2026 02 28 02 24 00.0000000  0  2
G05  20523723.455    20523721.294   107852918.81908  84041238.62808
G18  25176147.394    25176145.604   132301545.70706 103092109.08006
> 2026 02 28 02 24 30.0000000  0  2
G05  20519389.611    20519387.420   107830144.23308  84023492.20108
G18  25165339.517    25165337.585   132244750.21506 103047852.84605
> 2026 02 28 02 25 00.0000000  0  2
G05  20515164.855    20515162.548   107807942.77108  84006192.35508
G18  25154620.857    25154618.986   132188423.77406 103003962.07205
> 2026 02 28 02 25 30.0000000  0  2
G05  20511049.354    20511046.955   107786315.26608  83989339.75608
G18  25143991.570    25143990.198   132132568.11406 102960438.16005
> 2026 02 28 02 26 00.0000000  0  2
G05  20507043.358    20507040.975   107765263.37408  83972935.67608
G18  25133452.467    25133451.221   132077184.35906 102917281.91905
> 2026 02 28 02 26 30.0000000  0  2
G05  20503146.709    20503144.407   107744786.37008  83956979.56308
G18  25123003.375    25123001.951   132022272.61906 102874493.54305
> 2026 02 28 02 27 00.0000000  0  2
G05  20499360.003    20499357.731   107724887.46008  83941473.91608
G18  25112644.918    25112643.364   131967836.73006 102832075.91005
> 2026 02 28 02 27 30.0000000  0  2
G05  20495684.682    20495682.415   107705573.97108  83926424.44308
G18  25102378.394    25102376.567   131913884.38906 102790035.06806
> 2026 02 28 02 28 00.0000000  0  2
G05  20492119.075    20492116.881   107686837.39308  83911824.51108
G18  25092202.190    25092200.327   131860407.26706 102748364.54505
> 2026 02 28 02 28 30.0000000  0  2
G05  20488664.984    20488662.966   107668687.25608  83897681.54408
G18  25082117.773    25082116.592
> 2026 02 28 02 29 00.0000000  0  2
G05  20485322.111    20485320.312   107651121.38708  83883993.85008
G18  25072125.254    25072124.526   131754906.86615 102666159.21215
> 2026 02 28 02 29 30.0000000  0  2
G05  20482090.771    20482089.152   107634140.95508  83870762.34108
G18  25062225.812    25062225.284   131702884.38706 102625622.19006
> 2026 02 28 02 30 00.0000000  0  2
G05  20478968.957    20478967.350   107617735.43508  83857978.81208
G18  25052416.999    25052416.376   131651337.16606 102585455.49306
> 2026 02 28 02 30 30.0000000  0  2
G05  20475960.958    20475959.333   107601927.77608  83845661.15408
G18  25042703.243    25042701.987
> 2026 02 28 02 31 00.0000000  0  2
G05  20473063.897    20473062.192   107586703.01808  83833797.70008
G18  25033080.931    25033079.965   131549728.60815 102506277.10015
> 2026 02 28 02 31 30.0000000  0  2
G05  20470277.991    20470276.072   107572062.18608  83822389.25608
G18  25023551.214    25023550.238   131499648.87206 102467253.91905
> 2026 02 28 02 32 00.0000000  0  2
G05  20467605.880    20467603.729   107558019.39008  83811446.82108
G18  25014117.254    25014115.646   131450069.43606 102428620.57705
> 2026 02 28 02 32 30.0000000  0  2
G05  20465045.861    20465043.653   107544565.88908  83800963.56908
G18  25004776.663    25004774.307   131400981.69906 102390370.40905
> 2026 02 28 02 33 00.0000000  0  2
G05  20462598.929    20462596.815   107531707.28508  83790943.86708
G18  24995530.178    24995527.675   131352391.86606 102352508.20405
> 2026 02 28 02 33 30.0000000  0  2
G05  20460264.589    20460262.518   107519440.56608  83781385.38408
G18  24986377.916    24986375.622   131304297.68506 102315032.26305
> 2026 02 28 02 34 00.0000000  0  2
G05  20458043.340    20458041.251   107507767.90708  83772289.80308
G18  24977320.675    24977318.093   131256701.72506 102277944.52505
> 2026 02 28 02 34 30.0000000  0  2
G05  20455935.355    20455933.201   107496689.98308  83763657.65008
G18  24968357.740    24968355.887   131209604.69705 102241245.41105
> 2026 02 28 02 35 00.0000000  0  2
G05  20453940.929    20453938.705   107486208.92008  83755490.58008
G18  24959490.303    24959489.077   131163009.13206 102204937.12305
> 2026 02 28 02 35 30.0000000  0  2
G05  20452059.892    20452057.701   107476324.26508  83747788.24608
G18  24950718.578    24950717.677   131116914.93106 102169019.59604
> 2026 02 28 02 36 00.0000000  0  2
G05  20450292.591    20450290.498   107467037.38908  83740551.71008
G18  24942043.168    24942041.835   131071324.50106 102133494.48705
> 2026 02 28 02 36 30.0000000  0  2
G05  20448640.297    20448638.234   107458354.90008  83733786.12608
G18  24933464.936    24933463.423   131026245.18406 102098367.70505
> 2026 02 28 02 37 00.0000000  0  2
G05  20447101.101    20447098.949   107450266.41808  83727483.41808
G18  24924982.165    24924980.339   130981666.28406 102063630.94404
> 2026 02 28 02 37 30.0000000  0  2
G05  20445675.129    20445672.847   107442772.81008  83721644.23808
G18  24916595.088    24916593.229   130937589.82206 102029285.54105
> 2026 02 28 02 38 00.0000000  0  2
G05  20444365.271    20444362.914   107435889.18708  83716280.36408
G18  24908305.960    24908304.148   130894031.02306 101995343.57805
> 2026 02 28 02 38 30.0000000  0  2
G05  20443169.598    20443167.341   107429605.89508  83711384.28908
G18  24900112.928    24900112.185   130850980.48906 101961797.64305
> 2026 02 28 02 39 00.0000000  0  2
G05  20442089.575    20442087.526   107423930.37708  83706961.80008
G18  24892018.825    24892018.365   130808446.98606 101928654.70305
> 2026 02 28 02 39 30.0000000  0  2
G05  20441122.909    20441121.064   107418850.91108  83703003.77708
G18  24884021.198    24884020.414   130766418.80306 101895905.41505
> 2026 02 28 02 40 00.0000000  0  2
G05  20440271.538    20440269.757   107414377.21208  83699517.76708
G18  24876122.144    24876120.278   130724906.24507 101863557.94705
> 2026 02 28 02 40 30.0000000  0  2
G05  20439535.104    20439533.289   107410507.39208  83696502.31808
G18  24868320.895    24868318.608   130683907.72906 101831611.07806
> 2026 02 28 02 41 00.0000000  0  2
G05  20438913.734    20438911.887   107407242.31408  83693958.09408
G18  24860617.335    24860615.133   130643424.81707 101800065.92506
> 2026 02 28 02 41 30.0000000  0  2
G05  20438408.269    20438406.269   107404585.85608  83691888.11508
G18  24853012.743    24853010.720   130603461.87407 101768925.96505
> 2026 02 28 02 42 00.0000000  0  2
G05  20438017.900    20438015.801   107402534.13008  83690289.36008
G18  24845506.210    24845504.294   130564015.69806 101738188.63505
> 2026 02 28 02 42 30.0000000  0  2
G05  20437743.486    20437741.305   107401091.42808  83689165.16808
G18  24838098.730    24838097.785   130525090.71406 101707857.48305
> 2026 02 28 02 43 00.0000000  0  2
G05  20437584.833    20437582.508   107400256.97808  83688514.95008
G18  24830790.378    24830790.001   130486687.07206 101677932.53506
> 2026 02 28 02 43 30.0000000  0  2
G05  20437541.531    20437539.243   107400029.39408  83688337.60308
G18  24823581.727    24823581.187   130448803.77607 101648413.05906
> 2026 02 28 02 44 00.0000000  0  2
G05  20437614.372    20437612.233   107400412.56508  83688636.17408
G18  24816472.893    24816472.223   130411445.15007 101619302.43006
> 2026 02 28 02 44 30.0000000  0  2
G05  20437802.773    20437800.740   107401403.03208  83689407.96508
G18  24809463.349    24809462.375   130374608.52407 101590598.56206
> 2026 02 28 02 45 00.0000000  0  2
G05  20438107.150    20438105.152   107403002.84408  83690654.57608
G18  24802553.680    24802551.977   130338296.85607 101562303.76405
> 2026 02 28 02 45 30.0000000  0  2
G05  20438527.918    20438525.941   107405213.84508  83692377.41908
G18  24795743.813    24795742.028   130302511.73507 101534419.21506
> 2026 02 28 02 46 00.0000000  0  2
G05  20439064.903    20439062.899   107408035.48608  83694576.07708
G18  24789033.963    24789032.286   130267253.29907 101506945.10205
> 2026 02 28 02 46 30.0000000  0  2
G05  20439717.854    20439715.816   107411466.66108  83697249.70808
G18  24782424.453    24782422.970   130232521.08607 101479881.03606
> 2026 02 28 02 47 00.0000000  0  2
G05  20440488.040    20440486.032   107415514.09908  83700403.55408
G18  24775916.858    24775915.106   130198322.95707 101453233.12106
> 2026 02 28 02 47 30.0000000  0  2
G05  20441374.076    20441372.150   107420170.40308  83704031.84308
G18  24769509.500    24769508.023   130164651.26207 101426995.40806
> 2026 02 28 02 48 00.0000000  0  2
G05  20442376.501    20442374.547   107425437.91208  83708136.38308
G18  24763202.993    24763201.964   130131509.83007 101401170.88006
> 2026 02 28 02 48 30.0000000  0  2
G05  20443495.747    20443493.758   107431319.36108  83712719.32808
G18  24756997.860    24756996.947   130098901.00307 101375761.38706
> 2026 02 28 02 49 00.0000000  0  2
G05  20444731.617    20444729.553   107437813.79908  83717779.92508
G18  24750893.894    24750893.083   130066824.78607 101350766.90606
> 2026 02 28 02 49 30.0000000  0  2
G05  20446083.719    20446081.562   107444919.07808  83723316.50208
G18  24744891.017    24744890.223   130035279.69307 101326186.27806
> 2026 02 28 02 50 00.0000000  0  2
G05  20447552.881    20447550.717   107452639.67908  83729332.54708
G18  24738990.153    24738989.112   130004270.47507 101302023.24306
> 2026 02 28 02 50 30.0000000  0  2
G05  20449138.371    20449136.218   107460971.40708  83735824.79508
G18  24733190.722    24733189.037   129973793.85007 101278275.21706
> 2026 02 28 02 51 00.0000000  0  2
G05  20450840.212    20450838.012   107469914.17908  83742793.18308
G18  24727492.665    24727491.217   129943850.29907 101254942.59806
> 2026 02 28 02 51 30.0000000  0  2
G05  20452659.574    20452657.309   107479474.50908  83750242.78208
G18  24721897.616    24721896.238   129914446.89607 101232030.86206
> 2026 02 28 02 52 00.0000000  0  2
G05  20454595.451    20454593.231   107489647.67408  83758169.91908
G18  24716404.388    24716403.240   129885579.43607 101209536.73806
> 2026 02 28 02 52 30.0000000  0  2
G05  20456647.913    20456645.782   107500433.77208  83766574.66008
G18  24711013.096    24711012.510   129857248.63907 101187460.76106
> 2026 02 28 02 53 00.0000000  0  2
G05  20458816.131    20458814.075   107511828.55008  83775453.69708
G18  24705723.104    24705722.957   129829450.95507 101165800.18906
> 2026 02 28 02 53 30.0000000  0  2
G05  20461102.356    20461100.367   107523843.42608  83784815.92508
G18  24700536.984    24700536.802   129802198.10807 101144564.16706
> 2026 02 28 02 54 00.0000000  0  2
G05  20463505.389    20463503.519   107536471.84308  83794656.23808
G18  24695453.602    24695453.133   129775484.24207 101123748.15106
> 2026 02 28 02 54 30.0000000  0  2
G05  20466024.980    20466023.209   107549712.42608  83804973.57108
G18  24690472.810    24690471.754   129749308.70407 101103351.65806
> 2026 02 28 02 55 00.0000000  0  2
G05  20468661.251    20468659.475   107563565.63408  83815768.27608
G18  24685594.529    24685593.117   129723672.72207 101083375.52906
> 2026 02 28 02 55 30.0000000  0  2
G05  20471414.614    20471412.692   107578033.94408  83827042.27508
G18  24680819.371    24680818.214   129698579.26507 101063822.20106
> 2026 02 28 02 56 00.0000000  0  2
G05  20474284.763    20474282.698   107593116.31308  83838794.75708
G18  24676147.126    24676146.646   129674027.69707 101044691.08006
> 2026 02 28 02 56 30.0000000  0  2
G05  20477271.377    20477269.335   107608811.56508  83851024.81508
G18  24671577.654    24671577.557   129650017.36506 101025981.68706
> 2026 02 28 02 57 00.0000000  0  2
G05  20480374.635    20480372.718   107625119.95508  83863732.63308
G18  24667111.823    24667111.585   129626549.03007 101007694.69106
> 2026 02 28 02 57 30.0000000  0  2
G05  20483594.532    20483592.679   107642040.85008  83876917.73508
G18  24662749.368    24662748.727   129603623.37507 100989830.50506
> 2026 02 28 02 58 00.0000000  0  2
G05  20486931.439    20486929.569   107659576.10308  83890581.55708
G18  24658490.611    24658489.376   129581242.98707 100972391.23406
> 2026 02 28 02 58 30.0000000  0  2
G05  20490384.537    20490382.656   107677721.76508  83904721.03008
G18  24654334.516    24654333.520   129559403.47607 100955373.41806
> 2026 02 28 02 59 00.0000000  0  2
G05  20493954.355    20493952.431   107696480.85108  83919338.48908
G18  24650282.458    24650281.145   129538109.58607 100938780.79106
> 2026 02 28 02 59 30.0000000  0  2
G05  20497640.791    20497638.782   107715852.64808  83934433.39808
G18  24646333.964    24646332.996   129517360.09607 100922612.30606
> 2026 02 28 03 00 00.0000000  0  2
G05  20501443.475    20501441.372   107735835.12008  83950004.15108
G18  24642489.015    24642488.339   129497154.40607 100906867.60406
> 2026 02 28 03 00 30.0000000  0  2
G05  20505362.187    20505360.052   107756427.62908  83966050.25008
G18  24638747.768    24638747.160   129477492.35307 100891546.49206
> 2026 02 28 03 01 00.0000000  0  2
G05  20509396.763    20509394.616   107777629.66508  83982571.31108
G18  24635110.066    24635109.063   129458374.03007 100876649.07806
> 2026 02 28 03 01 30.0000000  0  2
G05  20513548.176    20513546.044   107799445.86608  83999570.93008
G18  24631576.460    24631575.471   129439804.40507 100862179.25506
> 2026 02 28 03 02 00.0000000  0  2
G05  20517815.593    20517813.577   107821871.52308  84017045.46508
G18  24628146.386    24628145.493   129421779.47807 100848133.82806
> 2026 02 28 03 02 30.0000000  0  2
G05  20522198.890    20522196.944   107844905.74508  84034994.20008
G18  24624820.019    24624818.657   129404299.91907 100834513.36606
> 2026 02 28 03 03 00.0000000  0  2
G05  20526698.663    20526696.701   107868552.07708  84053419.91508
G18  24621598.069    24621596.438   129387368.95407 100821320.41506
> 2026 02 28 03 03 30.0000000  0  2
G05  20531313.751    20531311.747   107892804.67908  84072318.03208
G18  24618479.611    24618478.198   129370981.56607 100808551.01706
> 2026 02 28 03 04 00.0000000  0  2
G05  20536045.104    20536043.020   107917668.20708  84091692.19408
G18  24615465.798    24615464.330   129355143.07507 100796209.32506
> 2026 02 28 03 04 30.0000000  0  2
G05  20540891.631    20540889.409   107943136.73408  84111537.78908
G18  24612555.400    24612553.901   129339848.51607 100784291.49406
> 2026 02 28 03 05 00.0000000  0  2
G05  20545854.289    20545851.953   107969214.94408  84131858.45908
G18  24609749.411    24609748.277   129325102.80307 100772801.29506
> 2026 02 28 03 05 30.0000000  0  2
G05  20550931.850    20550929.505   107995897.00708  84152649.66708
G18  24607046.907    24607046.021   129310900.70607 100761734.70806
> 2026 02 28 03 06 00.0000000  0  2
G05  20556125.172    20556122.906   108023188.18908  84173915.51008
G18  24604449.019    24604448.490   129297248.49207 100751096.59406
> 2026 02 28 03 06 30.0000000  0  2
G05  20561433.000    20561430.907   108051081.67708  84195650.69408
G18  24601954.483    24601953.769   129284139.90307 100740882.11606
> 2026 02 28 03 07 00.0000000  0  2
G05  20566856.106    20566854.249   108079581.08008  84217858.01008
G18  24599564.364    24599563.466   129271579.69307 100731094.91106
> 2026 02 28 03 07 30.0000000  0  2
G05  20572394.342    20572392.593   108108685.33308  84240536.63408
G18  24597278.340    24597277.496   129259566.00907 100721733.60306
> 2026 02 28 03 08 00.0000000  0  2
G05  20578047.516    20578045.792   108138393.07608  84263685.50708
G18  24595096.173    24595095.216   129248099.29507 100712798.49106
> 2026 02 28 03 08 30.0000000  0  2
G05  20583814.563    20583812.863   108168699.12008  84287300.59708
G18  24593017.151    24593016.076   129237174.49307 100704285.64006
> 2026 02 28 03 09 00.0000000  0  2
G05  20589698.383    20589696.648   108199618.37608  84311393.51108
G18  24591044.277    24591043.393   129226808.00707 100696207.84106
> 2026 02 28 03 09 30.0000000  0  2
G05  20595694.901    20595693.180   108231130.16408  84335948.14608
G18  24589173.654    24589173.054   129216979.14107 100688548.96406
> 2026 02 28 03 10 00.0000000  0  2
G05  20601805.065    20601803.410   108263239.70708  84360968.55708
G18  24587406.647    24587405.930   129207693.71107 100681313.56406
> 2026 02 28 03 10 30.0000000  0  2
G05  20608029.760    20608027.993   108295950.78108  84386457.68308
G18  24585744.172    24585742.975   129198955.80407 100674504.76906
> 2026 02 28 03 11 00.0000000  0  2
G05  20614368.489    20614366.562   108329260.70808  84412413.46108
G18  24584185.439    24584184.041   129190763.91607 100668121.47306
> 2026 02 28 03 11 30.0000000  0  2
G05  20620820.507    20620818.405   108363165.38808  84438832.68708
G18  24582729.858    24582728.742   129183114.67507 100662161.00206
> 2026 02 28 03 12 00.0000000  0  2
G05  20627386.402    20627384.258   108397668.93608  84465718.56408
G18  24581378.324    24581377.639   129176012.96107 100656627.17806
> 2026 02 28 03 12 30.0000000  0  2
G05  20634065.439    20634063.358   108432767.49408  84493068.08008
G18  24580130.412    24580129.965   129169455.86207 100651517.75106
> 2026 02 28 03 13 00.0000000  0  2
G05  20640858.016    20640855.900   108468462.77408  84520882.56908
G18  24578986.530    24578986.008   129163444.69207 100646833.69606
> 2026 02 28 03 13 30.0000000  0  2
G05  20647763.443    20647761.409   108504751.33108  84549159.35308
G18  24577946.164    24577945.395   129157977.23407 100642573.30006
> 2026 02 28 03 14 00.0000000  0  2
G05  20654781.678    20654779.727   108541632.36508  84577897.81308
G18  24577009.269    24577008.075   129153053.64807 100638736.71806
> 2026 02 28 03 14 30.0000000  0  2
G05  20661912.073    20661910.203   108579102.57808  84607095.36908
G18  24576175.432    24576174.359   129148670.89607 100635321.56406
> 2026 02 28 03 15 00.0000000  0  2
G05  20669155.445    20669153.608   108617166.67908  84636755.70008
G18  24575445.622    24575444.154   129144834.28907 100632332.00506
> 2026 02 28 03 15 30.0000000  0  2
G05  20676510.082    20676508.093   108655815.51308  84666871.66408
G18  24574818.116    24574816.692   129141535.75807 100629761.69706
> 2026 02 28 03 16 00.0000000  0  2
G05  20683976.510    20683974.411   108695052.03608  84697445.56708
G18  24574293.589    24574292.495   129138778.85607 100627613.45006
> 2026 02 28 03 16 30.0000000  0  2
G05  20691555.816    20691553.688   108734881.49008  84728481.50308
G18  24573873.146    24573872.448   129136569.06907 100625891.49206
> 2026 02 28 03 17 00.0000000  0  2
G05  20699246.380    20699244.345   108775295.96008  84759973.28408
G18  24573555.293    24573554.675   129134899.28307 100624590.33906
> 2026 02 28 03 17 30.0000000  0  2
G05  20707048.144    20707046.321   108816295.25708  84791920.77008
G18  24573340.096    24573339.600   129133769.65607 100623710.07906
> 2026 02 28 03 18 00.0000000  0  2
G05  20714960.771    20714959.142   108857876.59908  84824321.80108
G18  24573227.729    24573227.299   129133179.22507 100623249.98606
> 2026 02 28 03 18 30.0000000  0  2
G05  20722984.491    20722982.849   108900041.20408  84857177.33608
G18  24573218.049    24573217.774   129133128.63207 100623210.53906
> 2026 02 28 03 19 00.0000000  0  2
G05  20731118.916    20731117.157   108942787.37908  84890486.03408
G18  24573310.907    24573310.510   129133617.20507 100623591.23106
> 2026 02 28 03 19 30.0000000  0  2
G05  20739363.393    20739361.593   108986112.39208  84924245.76408
G18  24573506.206    24573505.938   129134643.82907 100624391.17506
> 2026 02 28 03 20 00.0000000  0  2
G05  20747718.373    20747716.558   109030017.76708  84958457.73208
G18  24573804.255    24573803.616   129136209.49607 100625611.17006
> 2026 02 28 03 20 30.0000000  0  2
G05  20756182.893    20756181.010   109074498.62308  84993118.12708
G18  24574203.966    24574203.351   129138310.16507 100627248.04206
> 2026 02 28 03 21 00.0000000  0  2
G05  20764757.039    20764755.040   109119555.64608  85028227.49008
G18  24574705.868    24574705.161   129140946.94707 100629302.63906
> 2026 02 28 03 21 30.0000000  0  2
G05  20773440.408    20773438.324   109165186.99808  85063784.37808
G18  24575309.673    24575308.968   129144119.86507 100631775.00606
> 2026 02 28 03 22 00.0000000  0  2
G05  20782232.911    20782230.768   109211391.80208  85099788.10508
G18  24576015.390    24576014.697   129147828.16007 100634664.58006
> 2026 02 28 03 22 30.0000000  0  2
G05  20791133.922    20791131.754   109258166.62008  85136236.00208
G18  24576822.193    24576821.652   129152067.95507 100637968.27206
> 2026 02 28 03 23 00.0000000  0  2
G05  20800143.494    20800141.387   109305512.30508  85173128.73308
G18  24577730.533    24577729.819   129156841.42307 100641687.86006
> 2026 02 28 03 23 30.0000000  0  2
G05  20809261.326    20809259.390   109353427.60308  85210465.32708
G18  24578740.245    24578739.586   129162148.59807 100645823.26706
> 2026 02 28 03 24 00.0000000  0  2
G05  20818487.001    20818485.256   109401909.79708  85248243.64008
G18  24579851.398    24579850.610   129167987.34107 100650372.94006
> 2026 02 28 03 24 30.0000000  0  2
G05  20827820.300    20827818.701   109450956.90808  85286462.14608
G18  24581063.276    24581062.549   129174355.40507 100655335.05306
> 2026 02 28 03 25 00.0000000  0  2
G05  20837261.701    20837260.052   109500571.67808  85325122.98808
G18  24582376.666    24582375.925   129181257.01207 100660712.90006
> 2026 02 28 03 25 30.0000000  0  2
G05  20846810.195    20846808.467   109550748.98208  85364222.17808
G18  24583790.502    24583790.157   129188687.80607 100666503.10306
> 2026 02 28 03 26 00.0000000  0  2
G05  20856464.710    20856462.935   109601483.55108  85403755.59808
G18  24585304.298    24585304.240   129196642.44007 100672701.48606
> 2026 02 28 03 26 30.0000000  0  2
G05  20866226.107    20866224.244   109652779.78208  85443726.67708
G18  24586918.460    24586918.552   129205125.68807 100679311.78606
> 2026 02 28 03 27 00.0000000  0  2
G05  20876093.534    20876091.600   109704632.84408  85484131.65408
G18  24588632.982    24588632.777   129214134.56607 100686331.65606
> 2026 02 28 03 27 30.0000000  0  2
G05  20886066.949    20886064.884   109757042.58008  85524970.39108
G18  24590447.402    24590447.177   129223668.59607 100693760.74206
> 2026 02 28 03 28 00.0000000  0  2
G05  20896146.349    20896144.218   109810009.44308  85566243.25908
G18  24592362.092    24592361.960   129233729.16107 100701600.15406
> 2026 02 28 03 28 30.0000000  0  2
G05  20906329.993    20906328.006   109863525.04708  85607943.72208
G18  24594375.316    24594375.121   129244308.63307 100709843.86206
> 2026 02 28 03 29 00.0000000  0  2
G05  20916619.101    20916617.331   109917595.86208  85650076.81208
G18  24596488.723    24596488.234   129255414.21307 100718497.54206
> 2026 02 28 03 29 30.0000000  0  2
G05  20927012.285    20927010.668   109972213.43908  85692635.95008
G18  24598700.648    24598699.876   129267037.90107 100727554.93706
> 2026 02 28 03 30 00.0000000  0  2
G05  20937510.047    20937508.424   110027379.45508  85735622.43508
G18  24601011.394    24601010.722   129279182.11407 100737017.91006
> 2026 02 28 03 30 30.0000000  0  2
G05  20948111.753    20948109.999   110083091.49008  85779034.39808
G18  24603421.009    24603420.597   129291845.11007 100746885.16806
> 2026 02 28 03 31 00.0000000  0  2
G05  20958816.725    20958814.849   110139346.21508  85822869.24508
G18  24605928.991    24605928.233   129305023.80007 100757154.27706
> 2026 02 28 03 31 30.0000000  0  2
G05  20969625.048    20969623.128   110196144.43808  85867127.58108
G18  24608535.501    24608534.542   129318720.08307 100767826.69006
> 2026 02 28 03 32 00.0000000  0  2
G05  20980536.620    20980534.714   110253485.29108  85911808.75808
G18  24611240.080    24611239.362   129332933.38907 100778901.97306
> 2026 02 28 03 32 30.0000000  0  2
G05  20991550.455    20991548.589   110311363.29108  85956908.48608
G18  24614042.221    24614041.836   129347660.22507 100790377.37806
> 2026 02 28 03 33 00.0000000  0  2
G05  21002666.811    21002665.019   110369779.70008  86002427.74908
G18  24616942.182    24616941.521   129362899.93407 100802252.45006
> 2026 02 28 03 33 30.0000000  0  2
G05  21013884.729    21013882.932   110428729.35808  86048362.53108
G18  24619939.104    24619938.581   129378649.77106 100814525.05806
> 2026 02 28 03 34 00.0000000  0  2
G05  21025203.798    21025201.903   110488211.01808  86094711.86708
G18  24623032.965    24623032.824   129394908.63307 100827194.26706
> 2026 02 28 03 34 30.0000000  0  2
G05  21036624.144    21036622.245   110548225.32108  86141476.23808
G18  24626224.217    24626224.208   129411677.42707 100840260.84806
> 2026 02 28 03 35 00.0000000  0  2
G05  21048145.032    21048143.187   110608768.07708  86188652.40808
G18  24629512.074    24629511.874   129428953.45007 100853722.65306
> 2026 02 28 03 35 30.0000000  0  2
G05  21059765.996    21059764.076   110669836.65808  86236238.29408
G18  24632895.424    24632895.276   129446733.80507 100867577.43506
> 2026 02 28 03 36 00.0000000  0  2
G05  21071487.282    21071485.278   110731432.13208  86284234.75208
G18  24636375.371    24636375.363   129465020.97707 100881827.13506
> 2026 02 28 03 36 30.0000000  0  2
G05  21083307.940    21083305.882   110793549.88108  86332638.17708
G18  24639951.043    24639950.694   129483810.20307 100896468.08406
> 2026 02 28 03 37 00.0000000  0  2
G05  21095227.779    21095225.657   110856188.85008  86381447.75708
G18  24643622.263    24643621.662   129503101.16007 100911499.95706
> 2026 02 28 03 37 30.0000000  0  2
G05  21107246.120    21107244.098   110919346.14108  86430661.21408
G18  24647388.390    24647387.775   129522891.90107 100926921.28906
> 2026 02 28 03 38 00.0000000  0  2
G05  21119362.960    21119361.049   110983021.17908  86480278.12608
G18  24651249.510    24651249.046   129543182.38607 100942732.05906
> 2026 02 28 03 38 30.0000000  0  2
G05  21131578.436    21131576.692   111047214.34008  86530298.75408
G18  24655205.709    24655205.639   129563973.22407 100958932.68006
> 2026 02 28 03 39 00.0000000  0  2
G05  21143891.095    21143889.465   111111917.79108  86580717.00608
G18  24659256.043    24659255.975   129585258.23407 100975518.34506
> 2026 02 28 03 39 30.0000000  0  2
G05  21156300.731    21156299.145   111177130.36608  86631531.98808
G18  24663400.227    24663400.004   129607035.43007 100992487.59406
> 2026 02 28 03 40 00.0000000  0  2
G05  21168807.736    21168806.131   111242854.74608  86682745.77808
G18  24667638.703    24667638.450   129629308.42107 101009843.13406
> 2026 02 28 03 40 30.0000000  0  2
G05  21181410.409    21181408.872   111309082.79708  86734352.03108
G18  24671970.399    24671970.046   129652070.62607 101027579.84106
> 2026 02 28 03 41 00.0000000  0  2
G05  21194109.349    21194107.857   111375816.76408  86786352.51208
G18  24676395.288    24676394.862   129675323.73807 101045699.14606
> 2026 02 28 03 41 30.0000000  0  2
G05  21206904.153    21206902.574   111443054.03508  86838745.16608
G18  24680912.983    24680912.727   129699065.98606 101064199.54806
> 2026 02 28 03 42 00.0000000  0  2
G05  21219794.054    21219792.169   111510789.89208  86891526.32808
G18  24685523.369    24685523.217   129723294.00107 101083078.50206
> 2026 02 28 03 42 30.0000000  0  2
G05  21232778.651    21232776.512   111579023.13708  86944695.08908
G18  24690225.851    24690225.635   129748006.15007 101102334.70006
> 2026 02 28 03 43 00.0000000  0  2
G05  21245857.473    21245855.266   111647752.48608  86998250.41508
G18  24695020.635    24695020.301   129773202.02507 101121967.83606
> 2026 02 28 03 43 30.0000000  0  2
G05  21259029.855    21259027.911   111716974.38408  87052189.55008
G18  24699906.966    24699906.615   129798879.18007 101141975.97606
> 2026 02 28 03 44 00.0000000  0  2
G05  21272295.535    21272293.885   111786687.04608  87106511.08108
G18  24704884.516    24704884.331   129825035.39207 101162357.39906
> 2026 02 28 03 44 30.0000000  0  2
G05  21285654.349    21285652.831   111856888.51308  87161213.49608
G18  24709953.002    24709953.008   129851670.34707 101183111.86906
> 2026 02 28 03 45 00.0000000  0  2
G05  21299106.056    21299104.416   111927577.31608  87216295.66508
G18  24715112.391    24715112.103   129878782.23307 101204238.02706
> 2026 02 28 03 45 30.0000000  0  2
G05  21312649.583    21312647.832   111998748.14608  87271753.44008
G18  24720361.681    24720361.237   129906367.01207 101225732.60406
> 2026 02 28 03 46 00.0000000  0  2
G05  21326284.366    21326282.510   112070398.93208  87327585.20508
G18  24725700.527    24725699.891   129934422.67207 101247594.10906
> 2026 02 28 03 46 30.0000000  0  2
G05  21340010.868    21340008.892   112142532.10408  87383792.87408
G18  24731129.442    24731128.615   129962952.04307 101269824.79506
> 2026 02 28 03 47 00.0000000  0  2
G05  21353827.821    21353825.901   112215141.07508  87440371.28708
G18  24736647.527    24736646.541   129991949.80507 101292420.45706
> 2026 02 28 03 47 30.0000000  0  2
G05  21367735.486    21367733.716   112288226.89708  87497321.26508
G18  24742254.898    24742254.016   130021416.53707 101315381.52406
> 2026 02 28 03 48 00.0000000  0  2
G05  21381733.022    21381731.430   112361784.77908  87554639.06408
G18  24747950.612    24747950.272   130051348.50107 101338705.03706
> 2026 02 28 03 48 30.0000000  0  2
G05  21395819.833    21395818.220   112435811.07908  87612321.88008
G18  24753734.609    24753734.369   130081742.81407 101362388.92206
> 2026 02 28 03 49 00.0000000  0  2
G05  21409995.703    21409994.118   112510305.47508  87670369.45208
G18  24759606.290    24759606.426   130112599.75507 101386433.24506
> 2026 02 28 03 49 30.0000000  0  2
G05  21424259.896    21424258.226   112585263.90308  87728778.59308
G18  24765565.466    24765565.612   130143915.41307 101410835.02606
> 2026 02 28 03 50 00.0000000  0  2
G05  21438612.218    21438610.505   112660685.24708  87787548.45708
G18  24771611.647    24771611.826   130175689.11307 101435593.70406
> 2026 02 28 03 50 30.0000000  0  2
G05  21453051.996    21453050.211   112736566.43108  87846676.64708
G18  24777744.632    24777744.881   130207918.51707 101460707.47906
> 2026 02 28 03 51 00.0000000  0  2
G05  21467578.579    21467576.766   112812903.79708  87906160.29708
G18  24783963.872    24783963.842   130240600.12707 101486173.60506
> 2026 02 28 03 51 30.0000000  0  2
G05  21482192.005    21482190.250   112889698.43708  87966000.25508
G18  24790269.719    24790269.434   130273736.11207 101511993.82406
> 2026 02 28 03 52 00.0000000  0  2
G05  21496891.137    21496889.429   112966943.42208  88026191.14108
G18  24796660.635    24796660.304   130307319.46407 101538162.65706
> 2026 02 28 03 52 30.0000000  0  2
G05  21511675.803    21511674.192   113044637.91308  88086732.27808
G18  24803136.861    24803136.445   130341351.33707 101564680.97006
> 2026 02 28 03 53 00.0000000  0  2
G05  21526546.978    21526545.426   113122786.86708  88147627.54508
G18  24809698.981    24809698.343   130375834.95807 101591551.29706
> 2026 02 28 03 53 30.0000000  0  2
G05  21541501.097    21541499.339   113201370.79008  88208861.76508
G18  24816343.617    24816343.059   130410752.86907 101618760.03506
> 2026 02 28 03 54 00.0000000  0  2
G05  21556540.292    21556538.370   113280401.40008  88270444.04808
G18  24823072.765    24823072.607   130446116.45806 101646316.06506
> 2026 02 28 03 54 30.0000000  0  2
G05  21571663.051    21571661.120   113359871.48408  88332368.77708
G18  24829885.670    24829885.487   130481918.90407 101674214.04806
> 2026 02 28 03 55 00.0000000  0  2
G05  21586868.850    21586867.008   113439778.18908  88394633.73308
G18  24836781.977    24836781.523   130518158.42007 101702452.57906
> 2026 02 28 03 55 30.0000000  0  2
G05  21602157.274    21602155.630   113520119.69508  88457237.48508
G18  24843760.917    24843760.985   130554834.25806 101731031.10806
> 2026 02 28 03 56 00.0000000  0  2
G05  21617528.122    21617526.513   113600894.27308  88520178.69808
G18  24850822.608    24850822.478   130591943.78406 101759947.57906
> 2026 02 28 03 56 30.0000000  0  2
G05  21632980.318    21632978.770   113682096.22408  88583452.92808
G18  24857966.119    24857965.767   130629482.10207 101789198.20806
> 2026 02 28 03 57 00.0000000  0  2
G05  21648513.715    21648512.232   113763724.91108  88647059.67808
G18  24865191.156    24865190.912   130667449.41507 101818783.07006
> 2026 02 28 03 57 30.0000000  0  2
G05  21664127.830    21664126.304   113845777.78008  88710996.97008
G18  24872497.516    24872497.377   130705843.83806 101848700.79906
> 2026 02 28 03 58 00.0000000  0  2
G05  21679822.671    21679821.004   113928254.46408  88775264.50408
G18  24879884.718    24879884.564   130744664.79807 101878950.85606
> 2026 02 28 03 58 30.0000000  0  2
G05  21695596.821    21695594.994   114011147.81108  88839856.71408
G18  24887351.947    24887351.777   130783905.75407 101909528.19706
> 2026 02 28 03 59 00.0000000  0  2
G05  21711450.178    21711448.350   114094457.32908  88904773.21108
G18  24894899.371    24894899.132   130823566.74807 101940432.83506
> 2026 02 28 03 59 30.0000000  0  2
G05  21727382.095    21727380.516   114178180.17608  88970011.78008
G18  24902526.343    24902526.008   130863645.93707 101971663.34106
> 2026 02 28 04 00 00.0000000  0  2
G05  21743392.071    21743390.664   114262314.02608  89035570.60008
G18  24910232.179    24910231.757   130904140.38907 102003217.39606
> 2026 02 28 04 00 30.0000000  0  2
G05  21759479.663    21759478.271   114346855.50508  89101447.06808
G18  24918016.542    24918016.181   130945047.72707 102035093.18806
> 2026 02 28 04 01 00.0000000  0  2
G05  21775644.219    21775642.822   114431800.82308  89167638.20708
G18  24925878.997    24925878.821   130986365.21507 102067288.60206
> 2026 02 28 04 01 30.0000000  0  2
G05  21791885.669    21791884.055   114517149.74708  89234143.84408
G18  24933819.345    24933819.310   131028091.71707 102099802.73906
> 2026 02 28 04 02 00.0000000  0  2
G05  21808202.844    21808201.096   114602896.48008  89300959.46908
G18  24941836.860    24941836.793   131070223.17507 102132632.39006
> 2026 02 28 04 02 30.0000000  0  2
G05  21824596.170    21824594.285   114689043.47008  89368086.98608
G18  24949931.651    24949931.304   131112760.70307 102165778.50106
> 2026 02 28 04 03 00.0000000  0  2
G05  21841064.156    21841062.153   114775582.90708  89435520.30708
G18  24958102.502    24958102.020   131155698.18007 102199236.25006
> 2026 02 28 04 03 30.0000000  0  2
G05  21857606.747    21857604.826   114862515.16108  89503259.71408
G18  24966349.452    24966348.661   131199036.12707 102233006.06906
> 2026 02 28 04 04 00.0000000  0  2
G05  21874223.094    21874221.445   114949835.15508  89571301.23708
G18  24974671.541    24974671.093   131242770.24206 102267084.56906
> 2026 02 28 04 04 30.0000000  0  2
G05  21890912.992    21890911.465   115037541.05908  89639643.49308
G18  24983068.787    24983068.420   131286898.69907 102301470.34106
> 2026 02 28 04 05 00.0000000  0  2
G05  21907675.461    21907673.975   115125628.41808  89708282.97308
G18  24991540.384    24991540.358   131331417.45307 102336160.17506
> 2026 02 28 04 05 30.0000000  0  2
G05  21924510.330    21924508.690   115214095.59008  89777218.42408
G18  25000086.134    25000086.154   131376325.25907 102371153.22506
> 2026 02 28 04 06 00.0000000  0  2
G05  21941417.762    21941415.944   115302944.32508  89846451.19308
G18  25008706.274    25008706.446   131421624.38306 102406451.18606
> 2026 02 28 04 06 30.0000000  0  2
G05  21958395.989    21958394.019   115392165.13608  89915973.89108
G18  25017398.896    25017399.283   131467305.45806 102442046.77806
> 2026 02 28 04 07 00.0000000  0  2
G05  21975444.706    21975442.829   115481756.65108  89985785.44208
G18  25026164.371    25026164.435   131513367.50207 102477939.26106
> 2026 02 28 04 07 30.0000000  0  2
G05  21992563.209    21992561.302   115571715.20108  90055882.99908
G18  25035001.887    25035001.823   131559807.44507 102514126.17106
> 2026 02 28 04 08 00.0000000  0  2
G05  22009751.462    22009749.623   115662040.03108  90126265.97508
G18  25043911.184    25043911.075   131606625.13407 102550607.45206
> 2026 02 28 04 08 30.0000000  0  2
G05  22027009.156    22027007.278   115752729.74908  90196933.26308
G18  25052891.723    25052891.657   131653818.40207 102587381.39006
> 2026 02 28 04 09 00.0000000  0  2
G05  22044335.320    22044333.425   115843779.21508  90267880.88108
G18  25061942.935    25061943.262   131701383.83506 102624445.32706
> 2026 02 28 04 09 30.0000000  0  2
G05  22061729.396    22061727.462   115935185.61508  90339106.63108
G18  25071064.464    25071064.473   131749318.26606 102661796.79505
> 2026 02 28 04 10 00.0000000  0  2
G05  22079190.780    22079188.901   116026946.05608  90410608.26508
G18  25080256.135    25080255.734   131797619.16507 102699433.83906
> 2026 02 28 04 10 30.0000000  0  2
G05  22096719.244    22096717.390   116119059.27008  90482384.79008
G18  25089517.260    25089516.622   131846285.20807 102737355.36706
> 2026 02 28 04 11 00.0000000  0  2
G05  22114313.637    22114311.929   116211518.98108  90554431.30008
G18  25098846.547    25098846.275   131895311.37006 102775557.54506
> 2026 02 28 04 11 30.0000000  0  2
G05  22131974.532    22131972.975   116304328.39308  90626750.31208
G18  25108244.887    25108244.778   131944700.50206 102814042.54205
> 2026 02 28 04 12 00.0000000  0  2
G05  22149700.868    22149699.260   116397480.35408  90699336.23508
G18  25117711.048    25117710.886   131994445.63206 102852804.97206
> 2026 02 28 04 12 30.0000000  0  2
G05  22167491.498    22167489.861   116490969.90008  90772185.21708
G18  25127244.431    25127244.206   132044543.08506 102891841.88205
> 2026 02 28 04 13 00.0000000  0  2
G05  22185346.280    22185344.525   116584796.69608  90845296.99608
G18  25136844.671    25136844.297   132094992.28106 102931152.88505
> 2026 02 28 04 13 30.0000000  0  2
G05  22203264.621    22203262.735   116678957.45608  90918669.01408
G18  25146511.095    25146510.907   132145790.16606 102970735.66006
> 2026 02 28 04 14 00.0000000  0  2
G05  22221245.453    22221243.709   116773447.83608  90992297.86408
G18  25156243.097    25156243.043   132196932.25206 103010586.59105
> 2026 02 28 04 14 30.0000000  0  2
G05  22239289.128    22239287.497   116868268.48408  91066184.06508
G18  25166040.995    25166040.681   132248420.22606 103050707.06805
> 2026 02 28 04 15 00.0000000  0  2
G05  22257394.507    22257392.985   116963413.00308  91140322.62808
G18  25175903.157    25175903.241   132300248.12805 103091092.38205
> 2026 02 28 04 15 30.0000000  0  2
G05  22275561.108    22275559.444   117058879.09008  91214711.78108
G18  25185829.836    25185830.007   132352413.22406 103131740.48805
> 2026 02 28 04 16 00.0000000  0  2
G05  22293788.479    22293786.869   117154663.97908  91289349.34208
G18  25195820.530    25195820.770   132404913.25606 103172649.55106
> 2026 02 28 04 16 30.0000000  0  2
G05  22312076.555    22312074.960   117250767.94908  91364235.53808
G18  25205875.033    25205874.941   132457749.08906 103213820.25906
> 2026 02 28 04 17 00.0000000  0  2
G05  22330424.035    22330422.482   117347184.88108  91439365.59808
G18  25215992.057    25215992.054   132510914.37906 103255247.75606
> 2026 02 28 04 17 30.0000000  0  2
G05  22348830.548    22348829.065   117443912.05208  91514737.40208
G18  25226171.524    25226171.591   132564406.81306 103296930.11806
> 2026 02 28 04 18 00.0000000  0  2
G05  22367295.472    22367294.165   117540946.37508  91590348.53408
G18  25236412.766    25236412.723   132618224.01206 103338865.58606
> 2026 02 28 04 18 30.0000000  0  2
G05  22385818.166    22385816.911   117638283.83808  91666195.89508
G18  25246714.753    25246714.799   132672361.65506 103381050.71305
> 2026 02 28 04 19 00.0000000  0  2
G05  22404398.152    22404396.796   117735921.68008  91742277.31808
G18  25257077.491    25257077.730   132726818.31006 103423484.44506
> 2026 02 28 04 19 30.0000000  0  2
G05  22423034.977    22423033.428   117833858.12308  91818591.42108
G18  25267500.618    25267500.637   132781590.90706 103466164.39306
> 2026 02 28 04 20 00.0000000  0  2
G05  22441728.160    22441726.442   117932091.33508  91895136.76708
G18  25277983.542    25277983.426   132836678.71006 103509089.93806
> 2026 02 28 04 20 30.0000000  0  2
G05  22460476.800    22460474.890   118030615.84808  91971909.11008
G18  25288525.684    25288525.227   132892076.95905 103552257.35205
> 2026 02 28 04 21 00.0000000  0  1
G05  22479280.444    22479278.438   118129429.87508  92048907.03708
> 2026 02 28 04 21 30.0000000  0  1
G05  22498138.415    22498136.491   118228529.44808  92126127.47608
> 2026 02 28 04 22 00.0000000  0  1
G05  22517050.578    22517048.918   118327913.78408  92203569.80008
> 2026 02 28 04 22 30.0000000  0  1
G05  22536016.463    22536014.960   118427580.05708  92281231.82108
> 2026 02 28 04 23 00.0000000  0  1
G05  22555034.791    22555033.258   118527521.97408  92359108.62908
> 2026 02 28 04 23 30.0000000  0  1
G05  22574105.136    22574103.566   118627737.31008  92437198.49308
> 2026 02 28 04 24 00.0000000  0  1
G05  22593226.979    22593225.490   118728223.19808  92515499.17108
> 2026 02 28 04 24 30.0000000  0  1
G05  22612399.582    22612398.201   118828976.18008  92594007.96608
> 2026 02 28 04 25 00.0000000  0  1
G05  22631623.152    22631621.769   118929996.94608  92672725.44308
> 2026 02 28 04 25 30.0000000  0  1
G05  22650896.592    22650895.336   119031279.42808  92751646.84508
> 2026 02 28 04 26 00.0000000  0  1
G05  22670219.355    22670218.130   119132821.10308  92830770.21708
> 2026 02 28 04 26 30.0000000  0  1
G05  22689590.674    22689589.514   119234617.75108  92910092.25208
> 2026 02 28 04 27 00.0000000  0  1
G05  22709010.185    22709008.697   119336667.14408  92989611.26308
> 2026 02 28 04 27 30.0000000  0  1
G05  22728476.707    22728475.143   119438964.78708  93069323.70408
> 2026 02 28 04 28 00.0000000  0  1
G05  22747990.590    22747989.045   119541511.68208  93149230.35808
> 2026 02 28 04 28 30.0000000  0  1
G05  22767550.530    22767548.923   119644299.81808  93229324.99108
> 2026 02 28 04 29 00.0000000  0  1
G05  22787156.307    22787154.699   119747328.60008  93309607.16108
> 2026 02 28 04 29 30.0000000  0  1
G05  22806807.175    22806805.699   119850594.84008  93390074.34108
> 2026 02 28 04 30 00.0000000  0  1
G05  22826503.391    22826501.788   119954098.66008  93470726.66108
> 2026 02 28 04 30 30.0000000  0  1
G05  22846243.116    22846241.435   120057831.17908  93551557.18808
> 2026 02 28 04 31 00.0000000  0  1
G05  22866026.119    22866024.611   120161791.24408  93632565.00308
> 2026 02 28 04 31 30.0000000  0  1
G05  22885852.395    22885850.896   120265979.07308  93713750.31808
> 2026 02 28 04 32 00.0000000  0  1
G05  22905721.183    22905719.763   120370390.56708  93795109.91208
> 2026 02 28 04 32 30.0000000  0  1
G05  22925631.526    22925630.019   120475020.13908  93876639.44708
> 2026 02 28 04 33 00.0000000  0  1
G05  22945582.972    22945581.363   120579865.38108  93958337.03408
> 2026 02 28 04 33 30.0000000  0  1
G05  22965575.011    22965573.288   120684924.03508  94040200.90708
> 2026 02 28 04 34 00.0000000  0  1
G05  22985606.867    22985605.065   120790191.38008  94122227.39208
> 2026 02 28 04 34 30.0000000  0  1
G05  23005678.433    23005676.379   120895667.62708  94204416.67208
> 2026 02 28 04 35 00.0000000  0  1
G05  23025788.330    23025786.364   121001346.53108  94286763.86108
> 2026 02 28 04 35 30.0000000  0  1
G05  23045936.280    23045934.536   121107225.42108  94369266.87608
> 2026 02 28 04 36 00.0000000  0  1
G05  23066121.909    23066120.387   121213301.98008  94451923.93408
> 2026 02 28 04 36 30.0000000  0  1
G05  23086344.722    23086343.500   121319574.30308  94534733.51408
> 2026 02 28 04 37 00.0000000  0  1
G05  23106603.894    23106602.524   121426037.03208  94617691.47808
> 2026 02 28 04 37 30.0000000  0  1
G05  23126899.051    23126897.371   121532687.81808  94700796.00408
> 2026 02 28 04 38 00.0000000  0  1
G05  23147229.681    23147228.040   121639525.44908  94784046.08708
> 2026 02 28 04 38 30.0000000  0  1
G05  23167594.928    23167593.284   121746545.44808  94867438.28008
> 2026 02 28 04 39 00.0000000  0  1
G05  23187994.252    23187992.585   121853744.18808  94950969.76808
> 2026 02 28 04 39 30.0000000  0  1
G05  23208426.842    23208425.264   121961118.49408  95034638.05808
> 2026 02 28 04 40 00.0000000  0  1
G05  23228892.275    23228890.796   122068665.50308  95118440.92908
> 2026 02 28 04 40 30.0000000  0  1
G05  23249390.330    23249388.813   122176383.45908  95202377.00408
> 2026 02 28 04 41 00.0000000  0  1
G05  23269919.714    23269918.297   122284266.63408  95286441.78908
> 2026 02 28 04 41 30.0000000  0  1
G05  23290481.251    23290479.775   122392317.87708  95370637.56708
> 2026 02 28 04 42 00.0000000  0  1
G05  23311072.854    23311071.387   122500527.30008  95454956.59008
> 2026 02 28 04 42 30.0000000  0  1
G05  23331694.665    23331693.225   122608896.51507  95539400.12807
> 2026 02 28 04 43 00.0000000  0  1
G05  23352345.749    23352344.457   122717419.35808  95623963.36208
> 2026 02 28 04 43 30.0000000  0  1
G05  23373026.135    23373024.854   122826094.64808  95708645.39408
> 2026 02 28 04 44 00.0000000  0  1
G05  23393734.599    23393733.036   122934917.10508  95793442.11808
> 2026 02 28 04 44 30.0000000  0  1
G05  23414470.892    23414469.337   123043886.94608  95878353.68708
> 2026 02 28 04 45 00.0000000  0  1
G05  23435233.810    23435232.309   123152997.26708  95963374.70708
> 2026 02 28 04 45 30.0000000  0  1
G05  23456023.501    23456021.763   123262247.54808  96048504.82108
> 2026 02 28 04 46 00.0000000  0  1
G05  23476839.099    23476837.656   123371634.63908  96133741.49007
> 2026 02 28 04 46 30.0000000  0  1
G05  23497680.130    23497678.797   123481154.77208  96219081.83808
> 2026 02 28 04 47 00.0000000  0  1
G05  23518546.066    23518544.813   123590806.49807  96304524.71907
> 2026 02 28 04 47 30.0000000  0  1
G05  23539436.064    23539434.592   123700585.19707  96390066.55807
> 2026 02 28 04 48 00.0000000  0  1
G05  23560349.973    23560348.206   123810488.34707  96475705.40007
> 2026 02 28 04 48 30.0000000  0  1
G05  23581286.750    23581284.965   123920511.78607  96561437.96707
> 2026 02 28 04 49 00.0000000  0  1
G05  23602246.076    23602244.552   124030654.40907  96647263.35807
> 2026 02 28 04 49 30.0000000  0  1
G05  23623227.197    23623225.771   124140910.70507  96733177.33007
> 2026 02 28 04 50 00.0000000  0  1
G05  23644229.620    23644228.186   124251278.41808  96819178.13008
> 2026 02 28 04 50 30.0000000  0  1
G05  23665253.698    23665252.267   124361759.63008  96905267.38408
> 2026 02 28 04 51 00.0000000  0  1
G05  23686297.197    23686295.664   124472343.77407  96991436.85207
> 2026 02 28 04 51 30.0000000  0  1
G05  23707360.087    23707358.784   124583031.50107  97077687.00807
> 2026 02 28 04 52 00.0000000  0  1
G05  23728442.280    23728441.027   124693819.35207  97164015.19507
> 2026 02 28 04 52 30.0000000  0  1
G05  23749543.085    23749541.699   124804704.30007  97250419.05607
> 2026 02 28 04 53 00.0000000  0  1
G05  23770661.558    23770660.150   124915682.31208  97336895.41708
> 2026 02 28 04 53 30.0000000  0  1
G05  23791797.476    23791795.974   125026751.23808  97423442.65308
> 2026 02 28 04 54 00.0000000  0  1
G05  23812950.381    23812948.933   125137910.57108  97510060.30308
> 2026 02 28 04 54 30.0000000  0  1
G05  23834119.303    23834117.918   125249153.66708  97596743.23308
> 2026 02 28 04 55 00.0000000  0  1
G05  23855303.952    23855302.557   125360479.07408  97683490.30208
> 2026 02 28 04 55 30.0000000  0  1
G05  23876503.131    23876501.902   125471881.82907  97770297.63807
> 2026 02 28 04 56 00.0000000  0  1
G05  23897716.807    23897715.975   125583362.26407  97857165.48407
> 2026 02 28 04 56 30.0000000  0  1
G05  23918944.386    23918943.598   125694914.60307  97944089.36407
> 2026 02 28 04 57 00.0000000  0  1
G05  23940186.037    23940185.194   125806540.44207  98031070.52707
> 2026 02 28 04 57 30.0000000  0  1
G05  23961440.127    23961438.936   125918230.65108  98118101.86808
> 2026 02 28 04 58 00.0000000  0  1
G05  23982706.576    23982705.154   126029985.46107  98205183.55207
> 2026 02 28 04 58 30.0000000  0  1
G05  24003984.573    24003983.231   126141802.31507  98292313.54907
> 2026 02 28 04 59 00.0000000  0  1
G05  24025273.471    24025272.332   126253677.19307  98379488.74907
> 2026 02 28 04 59 30.0000000  0  1
G05  24046572.836    24046571.765   126365606.22407  98466706.15407
> 2026 02 28 05 00 00.0000000  0  1
G05  24067882.487    24067881.192   126477589.04507  98553965.48007
> 2026 02 28 05 00 30.0000000  0  1
G05  24089201.265    24089199.368   126589619.04007  98641261.61407
> 2026 02 28 05 01 00.0000000  0  1
G05  24110529.041    24110527.214   126701696.81507  98728594.97407
> 2026 02 28 05 01 30.0000000  0  1
G05  24131865.194    24131863.716   126813819.73607  98815963.47807
> 2026 02 28 05 02 00.0000000  0  1
G05  24153208.549    24153207.251   126925980.65507  98903361.59407
> 2026 02 28 05 02 30.0000000  0  1
G05  24174559.486    24174558.576   127038181.09207  98990790.49107
> 2026 02 28 05 03 00.0000000  0  1
G05  24195917.633    24195916.603   127150417.88107  99078247.70607
> 2026 02 28 05 03 30.0000000  0  1
G05  24217281.569    24217280.310   127262684.72008  99165728.33607
> 2026 02 28 05 04 00.0000000  0  1
G05  24238651.045    24238649.441   127374980.65007  99253231.67307
> 2026 02 28 05 04 30.0000000  0  1
G05  24260025.318    24260023.532   127487303.25607  99340755.78207
> 2026 02 28 05 05 00.0000000  0  1
G05  24281403.811    24281402.064   127599648.32107  99428297.37607
> 2026 02 28 05 05 30.0000000  0  1
G05  24302786.091    24302784.204   127712012.90607  99515854.19907
> 2026 02 28 05 06 00.0000000  0  1
G05  24324171.910    24324170.118   127824395.97707  99603425.42407
> 2026 02 28 05 06 30.0000000  0  1
G05  24345560.480    24345558.971   127936793.49908  99691007.89908
> 2026 02 28 05 07 00.0000000  0  1
G05  24366951.190    24366949.744   128049202.25407  99778599.13107
> 2026 02 28 05 07 30.0000000  0  1
G05  24388343.446    24388342.047   128161618.91507  99866196.53807
> 2026 02 28 05 08 00.0000000  0  1
G05  24409736.848    24409735.512   128274042.52507  99953799.34207
> 2026 02 28 05 08 30.0000000  0  1
G05  24431130.989    24431129.664   128386469.87307 100041405.06107
> 2026 02 28 05 09 00.0000000  0  1
G05  24452525.004    24452523.742   128498896.76407 100129010.42107
> 2026 02 28 05 09 30.0000000  0  1
G05  24473918.504    24473916.900   128611320.96707 100216613.69007
> 2026 02 28 05 10 00.0000000  0  1
G05  24495310.996    24495309.109   128723740.41007 100304213.25207
> 2026 02 28 05 10 30.0000000  0  1
G05  24516701.721    24516699.309   128836149.40207 100391804.67807
> 2026 02 28 05 11 00.0000000  0  1
G05  24538090.477    24538087.842   128948547.59607 100479387.70707
> 2026 02 28 05 11 30.0000000  0  1
G05  24559476.442    24559474.112   129060931.61107 100566959.65707
> 2026 02 28 05 12 00.0000000  0  1
G05  24580859.495    24580857.420   129173300.66407 100654519.94407
> 2026 02 28 05 12 30.0000000  0  1
G05  24602238.233    24602236.274   129285646.65207 100742062.24307
> 2026 02 28 05 13 00.0000000  0  1
G05  24623613.683    24623611.639   129397974.61507 100829590.52807
> 2026 02 28 05 13 30.0000000  0  1
G05  24644983.928    24644981.851   129510275.48707 100917097.69707
> 2026 02 28 05 14 00.0000000  0  1
G05  24666348.777    24666346.992   129622548.40507 101004583.08207
> 2026 02 28 05 14 30.0000000  0  1
G05  24687707.733    24687705.974   129734789.85807 101092043.95507
> 2026 02 28 05 15 00.0000000  0  1
G05  24709060.139    24709058.282   129846996.57907 101179477.74507
> 2026 02 28 05 15 30.0000000  0  1
G05  24730405.567    24730403.768   129959167.37807 101266883.56307
> 2026 02 28 05 16 00.0000000  0  1
G05  24751743.553    24751741.747   130071299.34707 101354259.09807
> 2026 02 28 05 16 30.0000000  0  1
G05  24773074.001    24773071.952   130183391.53807 101441603.69907
> 2026 02 28 05 17 00.0000000  0  1
G05  24794396.020    24794394.100   130295439.63307 101528913.90907
> 2026 02 28 05 17 30.0000000  0  1
G05  24815708.594    24815707.006   130407438.09307 101616185.43807
> 2026 02 28 05 18 00.0000000  0  1
G05  24837011.524    24837010.235   130519386.42907 101703417.88507
> 2026 02 28 05 18 30.0000000  0  1
G05  24858304.140    24858303.026   130631280.44207 101790608.01507
> 2026 02 28 05 19 00.0000000  0  1
G05  24879586.355    24879585.223   130743120.43507 101877756.05007
> 2026 02 28 05 19 30.0000000  0  1
G05  24900857.524    24900856.418   130854902.15307 101964858.67907
> 2026 02 28 05 20 00.0000000  0  1
G05  24922117.592    24922116.358   130966624.61107 102051915.14407
> 2026 02 28 05 20 30.0000000  0  1
G05  24943364.933    24943363.529   131078279.87807 102138919.24807
> 2026 02 28 05 21 00.0000000  0  1
G05  24964599.597    24964598.133   131189869.54307 102225872.22007
> 2026 02 28 05 21 30.0000000  0  1
G05  24985821.506    24985819.901   131301391.49307 102312772.42307
> 2026 02 28 05 22 00.0000000  0  1
G05  25007029.155    25007027.396   131412837.38107 102399613.39707
> 2026 02 28 05 22 30.0000000  0  1
G05  25028223.868    25028222.142   131524215.18307 102486401.30507
> 2026 02 28 05 23 00.0000000  0  1
G05  25049403.142    25049401.644   131635513.24207 102573127.05507
> 2026 02 28 05 23 30.0000000  0  1
G05  25070567.078    25070565.802   131746731.04907 102659790.28207
> 2026 02 28 05 24 00.0000000  0  1
G05  25091715.199    25091713.809   131857865.22407 102746388.34107
> 2026 02 28 05 24 30.0000000  0  1
G05  25112847.953    25112846.267   131968917.82607 102832922.83107
> 2026 02 28 05 25 00.0000000  0  1
G05  25133963.495    25133961.582   132079879.91507 102919386.84407
> 2026 02 28 05 25 30.0000000  0  1
G05  25155061.766    25155059.635   132190751.76707 103005780.51007
> 2026 02 28 05 26 00.0000000  0  1
G05  25176142.119    25176140.092   132301529.42907 103092100.75307
> 2026 02 28 05 26 30.0000000  0  1
G05  25197204.255    25197202.378   132412212.03107 103178346.95407
> 2026 02 28 05 27 00.0000000  0  1
G05  25218247.917    25218246.133   132522798.11107 103264517.94707
> 2026 02 28 05 27 30.0000000  0  1
G05  25239272.396    25239270.681   132633282.99107 103350610.05207
> 2026 02 28 05 28 00.0000000  0  1
G05  25260277.222    25260275.514   132743664.45207 103436621.61607
> 2026 02 28 05 28 30.0000000  0  1
G05  25281261.870    25281260.273   132853940.45607 103522550.97407
> 2026 02 28 05 29 00.0000000  0  1
G05  25302226.077    25302224.765   132964108.43507 103608396.15507
> 2026 02 28 05 29 30.0000000  0  1
G05  25323168.607    25323167.435   133074162.05507 103694152.22607
> 2026 02 28 05 30 00.0000000  0  1
G05  25344090.042    25344088.635   133184103.57207 103779820.94907
> 2026 02 28 05 30 30.0000000  0  1
G05  25364988.841    25364987.453   133293926.91107 103865397.58307
> 2026 02 28 05 31 00.0000000  0  1
G05  25385864.616    25385863.186   133403629.77307 103950880.34207
> 2026 02 28 05 31 30.0000000  0  1
G05  25406718.299    25406716.748   133513216.38407 104036272.53107
> 2026 02 28 05 32 00.0000000  0  1
G05  25427548.341    25427546.757   133622679.71907 104121568.63807
> 2026 02 28 05 32 30.0000000  0  1
G05  25448354.496    25448352.697   133732017.14507 104206766.65207
> 2026 02 28 05 33 00.0000000  0  1
G05  25469135.963    25469134.120   133841225.18707 104291863.85807
> 2026 02 28 05 33 30.0000000  0  1
G05  25489892.120    25489890.523   133950300.76707 104376857.82907
> 2026 02 28 05 34 00.0000000  0  1
G05  25510622.736    25510621.075   134059240.60007 104461746.03706
> 2026 02 28 05 34 30.0000000  0  1
G05  25531327.611    25531326.011   134168045.05207 104546528.76907
> 2026 02 28 05 35 00.0000000  0  1
G05  25552005.877    25552004.363   134276710.10006 104631202.82806
> 2026 02 28 05 35 30.0000000  0  1
G05  25572657.490    25572656.021   134385234.48306 104715767.34006
> 2026 02 28 05 36 00.0000000  0  1
G05  25593281.598    25593280.228   134493615.45406 104800220.03106
> 2026 02 28 05 36 30.0000000  0  1
G05  25613878.095    25613876.440   134601851.01206 104884559.41406
> 2026 02 28 05 37 00.0000000  0  1
G05  25634446.505    25634444.639   134709938.85306 104968783.71106
> 2026 02 28 05 37 30.0000000  0  1
G05  25654986.007    25654984.119   134817874.86906 105052889.70006
> 2026 02 28 05 38 00.0000000  0  1
G05  25675496.157    25675494.287   134925656.06506 105136875.11906
> 2026 02 28 05 38 30.0000000  0  1
G05  25695976.725    25695975.092   135033282.43306 105220739.84906
> 2026 02 28 05 39 00.0000000  0  1
G05  25716427.604    25716426.039   135140752.91606 105304483.15006
> 2026 02 28 05 39 30.0000000  0  1
G05  25736847.831    25736846.660   135248062.74506 105388101.24106
> 2026 02 28 05 40 00.0000000  0  1
G05  25757236.774    25757235.787   135355208.07705 105471591.10505
> 2026 02 28 05 40 30.0000000  0  1
G05  25777594.576    25777593.338   135462189.15305 105554953.02505
> 2026 02 28 05 41 00.0000000  0  1
G05  25797920.338    25797919.181   135569001.40206 105638183.31606
> 2026 02 28 05 41 30.0000000  0  1
G05  25818214.336    25818212.532   135675645.33206 105721282.53606
> 2026 02 28 05 42 00.0000000  0  1
G05  25838475.598    25838473.897   135782118.26506 105804248.56106
> 2026 02 28 05 42 30.0000000  0  1
G05  25858703.672    25858702.314   135888417.46405 105887079.04405
> 2026 02 28 05 43 00.0000000  0  1
G05  25878898.093    25878897.046
> 2026 02 28 05 43 30.0000000  0  1
G05  25899058.408    25899057.209   136100470.60716 106052310.45216
> 2026 02 28 05 44 00.0000000  0  1
G05  25919184.813    25919183.356   136206234.46106 106134723.82305
> 2026 02 28 09 36 30.0000000  0  1
G18  25907115.407                   136142808.85416
> 2026 02 28 09 37 00.0000000  0  1
G18  25887982.054    25887992.491   136042261.18216 106006998.63916
> 2026 02 28 09 37 30.0000000  0  1
G18  25868817.670    25868827.926   135941550.36206 105928522.77006
> 2026 02 28 09 38 00.0000000  0  1
G18  25849620.933    25849631.187   135840670.75506 105849915.43306
> 2026 02 28 09 38 30.0000000  0  1
G18  25830393.378    25830403.317   135739627.94406 105771180.88705
> 2026 02 28 09 39 00.0000000  0  1
G18  25811134.706    25811144.323   135638423.15806 105692320.12805
> 2026 02 28 09 39 30.0000000  0  1
G18  25791845.418    25791854.767   135537059.02107 105613335.27806
> 2026 02 28 09 40 00.0000000  0  1
G18  25772526.256    25772535.856   135435537.19807 105534227.48406
> 2026 02 28 09 40 30.0000000  0  1
G18  25753177.499    25753187.213   135333859.58407 105454998.31706
> 2026 02 28 09 41 00.0000000  0  1
G18  25733799.744    25733809.372   135232029.47107 105375650.25906
> 2026 02 28 09 41 30.0000000  0  1
G18  25714393.546    25714403.140   135130049.19107 105296185.17606
> 2026 02 28 09 42 00.0000000  0  1
G18  25694959.197    25694968.714   135027921.13106 105216604.99005
> 2026 02 28 09 42 30.0000000  0  1
G18  25675496.933    25675506.482   134925646.83707 105136910.82606
> 2026 02 28 09 43 00.0000000  0  1
G18  25656007.379    25656017.063   134823229.04807 105057104.81206
> 2026 02 28 09 43 30.0000000  0  1
G18  25636490.918    25636500.570   134720669.31006 104977188.21906
> 2026 02 28 09 44 00.0000000  0  1
G18  25616947.623    25616957.135   134617968.68307 104897161.82406
> 2026 02 28 09 44 30.0000000  0  1
G18  25597378.409    25597387.911   134515132.12007 104817029.54606
> 2026 02 28 09 45 00.0000000  0  1
G18  25577783.434    25577792.894   134412160.83906 104736792.24606
> 2026 02 28 09 45 30.0000000  0  1
G18  25558163.350    25558173.253   134309058.12707 104656452.60206
> 2026 02 28 09 46 00.0000000  0  1
G18  25538518.602    25538528.783   134205824.94007 104576011.31606
> 2026 02 28 09 46 30.0000000  0  1
G18  25518849.807    25518859.895   134102465.37707 104495471.61106
> 2026 02 28 09 47 00.0000000  0  1
G18  25499157.240    25499167.239   133998980.42707 104414834.23806
> 2026 02 28 09 47 30.0000000  0  1
G18  25479441.111    25479451.027   133895371.97707 104334100.65506
> 2026 02 28 09 48 00.0000000  0  1
G18  25459702.121    25459712.122   133791644.17907 104253274.12006
> 2026 02 28 09 48 30.0000000  0  1
G18  25439940.837    25439950.673   133687799.13807 104172356.22406
> 2026 02 28 09 49 00.0000000  0  1
G18  25420157.515    25420167.129   133583837.99907 104091347.85406
> 2026 02 28 09 49 30.0000000  0  1
G18  25400352.825    25400362.379   133479765.32807 104010252.59806
> 2026 02 28 09 50 00.0000000  0  1
G18  25380526.767    25380536.395   133375580.30807 103929069.85506
> 2026 02 28 09 50 30.0000000  0  1
G18  25360680.148    25360689.519   133271286.63607 103847802.45506
> 2026 02 28 09 51 00.0000000  0  1
G18  25340813.425    25340822.526   133166888.69607 103766453.77506
> 2026 02 28 09 51 30.0000000  0  1
G18  25320927.195    25320936.144   133062387.78607 103685024.83406
> 2026 02 28 09 52 00.0000000  0  1
G18  25301022.088    25301030.938   132957786.37007 103603517.57606
> 2026 02 28 09 52 30.0000000  0  1
G18  25281097.966    25281106.863   132853084.84607 103521932.29706
> 2026 02 28 09 53 00.0000000  0  1
G18  25261155.604    25261164.432   132748288.04607 103440272.77806
> 2026 02 28 09 53 30.0000000  0  1
G18  25241195.521    25241204.521   132643398.67607 103358541.11106
> 2026 02 28 09 54 00.0000000  0  1
G18  25221218.228    25221227.372   132538419.18007 103276739.19906
> 2026 02 28 09 54 30.0000000  0  1
G18  25201223.855    25201233.094   132433350.00307 103194867.37306
> 2026 02 28 09 55 00.0000000  0  1
G18  25181213.201    25181222.395   132328194.99307 103112928.65106
> 2026 02 28 09 55 30.0000000  0  1
G18  25161186.765    25161195.576   132222956.06807 103030924.54106
> 2026 02 28 09 56 00.0000000  0  1
G18  25141145.049    25141153.294   132117636.80607 102948857.80406
> 2026 02 28 09 56 30.0000000  0  1
G18  25121088.751    25121096.750   132012240.39507 102866730.96506
> 2026 02 28 09 57 00.0000000  0  1
G18  25101017.678    25101025.539   131906766.56907 102784543.75606
> 2026 02 28 09 57 30.0000000  0  1
G18  25080933.094    25080941.133   131801222.63207 102702301.92506
> 2026 02 28 09 58 00.0000000  0  1
G18  25060834.884    25060843.058   131695607.07907 102620004.30306
> 2026 02 28 09 58 30.0000000  0  1
G18  25040723.650    25040732.089   131589923.50607 102537653.69006
> 2026 02 28 09 59 00.0000000  0  1
G18  25020600.176    25020608.353   131484174.54207 102455252.08706
> 2026 02 28 09 59 30.0000000  0  1
G18  25000464.291    25000472.122   131378360.51607 102372799.78906
> 2026 02 28 10 00 00.0000000  0  1
G18  24980317.376    24980325.290   131272489.00607 102290302.67406
> 2026 02 28 10 00 30.0000000  0  1
G18  24960159.239    24960167.287   131166557.71207 102207758.98106
> 2026 02 28 10 01 00.0000000  0  1
G18  24939990.457    24939998.514   131060569.97307 102125171.29306
> 2026 02 28 10 01 30.0000000  0  1
G18  24919812.043    24919820.140   130954532.05407 102042544.52206
> 2026 02 28 10 02 00.0000000  0  1
G18  24899624.285    24899632.296   130848444.70507 101959879.20506
> 2026 02 28 10 02 30.0000000  0  1
G18  24879426.846    24879435.285   130742309.27806 101877176.45506
> 2026 02 28 10 03 00.0000000  0  1
G18  24859221.744    24859230.320   130636133.53407 101794442.30706
> 2026 02 28 10 03 30.0000000  0  1
G18  24839008.429    24839016.646   130529911.10407 101711671.69506
> 2026 02 28 10 04 00.0000000  0  1
G18  24818787.807    24818795.552   130423650.09907 101628871.03806
> 2026 02 28 10 04 30.0000000  0  1
G18  24798559.841    24798567.496   130317351.72207 101546041.27506
> 2026 02 28 10 05 00.0000000  0  1
G18  24778325.286    24778333.122   130211018.99707 101463184.78606
> 2026 02 28 10 05 30.0000000  0  1
G18  24758084.398    24758092.278   130104652.87207 101380302.22506
> 2026 02 28 10 06 00.0000000  0  1
G18  24737838.904    24737846.498   129998261.52007 101297400.02106
> 2026 02 28 10 06 30.0000000  0  1
G18  24717588.224    24717595.570   129891842.74207 101214476.42506
> 2026 02 28 10 07 00.0000000  0  1
G18  24697333.247    24697340.278   129785402.41807 101131536.06106
> 2026 02 28 10 07 30.0000000  0  1
G18  24677073.031    24677079.308   129678934.57307 101048574.23706
> 2026 02 28 10 08 00.0000000  0  1
G18  24656811.120    24656817.335   129572458.60107 100965606.09506
> 2026 02 28 10 08 30.0000000  0  1
G18  24636544.810    24636551.402   129465959.89507 100882620.29106
> 2026 02 28 10 09 00.0000000  0  1
G18  24616276.308    24616283.333   129359449.20007 100799625.12206
> 2026 02 28 10 09 30.0000000  0  1
G18  24596005.732    24596012.864   129252927.20707 100716621.15306
> 2026 02 28 10 10 00.0000000  0  1
G18  24575734.182    24575741.130   129146400.10807 100633613.18406
> 2026 02 28 10 10 30.0000000  0  1
G18  24555461.406    24555467.874   129039866.01607 100550599.74906
> 2026 02 28 10 11 00.0000000  0  1
G18  24535188.289    24535194.232   128933330.23207 100467584.97306
> 2026 02 28 10 11 30.0000000  0  1
G18  24514915.493    24514921.767   128826797.47607 100384572.59606
> 2026 02 28 10 12 00.0000000  0  1
G18  24494642.819    24494649.436   128720265.05507 100301560.52006
> 2026 02 28 10 12 30.0000000  0  1
G18  24474371.701    24474378.271   128613739.05908 100218553.40306
> 2026 02 28 10 13 00.0000000  0  1
G18  24454102.513    24454108.975   128507223.20708 100135554.19907
> 2026 02 28 10 13 30.0000000  0  1
G18  24433835.140    24433841.681   128400717.63007 100052563.00006
> 2026 02 28 10 14 00.0000000  0  1
G18  24413570.262    24413576.961   128294227.33607  99969583.72106
> 2026 02 28 10 14 30.0000000  0  1
G18  24393308.525    24393315.092   128187753.69007  99886617.40906
> 2026 02 28 10 15 00.0000000  0  1
G18  24373050.802    24373057.046   128081298.76707  99803665.66806
> 2026 02 28 10 15 30.0000000  0  1
G18  24352797.423    24352803.179   127974865.77608  99720730.99106
> 2026 02 28 10 16 00.0000000  0  1
G18  24332548.352    24332554.226   127868456.99307  99637815.23107
> 2026 02 28 10 16 30.0000000  0  1
G18  24312304.701    24312310.791   127762076.83507  99554921.76706
> 2026 02 28 10 17 00.0000000  0  1
G18  24292066.883    24292073.179   127655728.11007  99472052.81306
> 2026 02 28 10 17 30.0000000  0  1
G18  24271835.656    24271841.889   127549413.17507  99389210.16206
> 2026 02 28 10 18 00.0000000  0  1
G18  24251611.350    24251617.482   127443133.63607  99306395.07606
> 2026 02 28 10 18 30.0000000  0  1
G18  24231394.077    24231400.140   127336891.79907  99223609.37206
> 2026 02 28 10 19 00.0000000  0  1
G18  24211184.839    24211190.996   127230691.99107  99140856.41706
> 2026 02 28 10 19 30.0000000  0  1
G18  24190984.150    24190990.405   127124537.25907  99058138.58907
> 2026 02 28 10 20 00.0000000  0  1
G18  24170792.049    24170798.162   127018427.10807  98975455.51406
> 2026 02 28 10 20 30.0000000  0  1
G18  24150610.027    24150615.760   126912369.70707  98892813.51406
> 2026 02 28 10 21 00.0000000  0  1
G18  24130437.953    24130443.207   126806364.38108  98810212.09806
> 2026 02 28 10 21 30.0000000  0  1
G18  24110276.603    24110281.489   126700414.96708  98727654.24006
> 2026 02 28 10 22 00.0000000  0  1
G18  24090125.825    24090130.977   126594523.51807  98645141.60206
> 2026 02 28 10 22 30.0000000  0  1
G18  24069987.018    24069992.382   126488694.64907  98562677.68607
> 2026 02 28 10 23 00.0000000  0  1
G18  24049860.314    24049865.828   126382929.22307  98480263.21806
> 2026 02 28 10 23 30.0000000  0  1
G18  24029745.987    24029751.530   126277228.47207  98397899.15006
> 2026 02 28 10 24 00.0000000  0  1
G18  24009645.266    24009650.997   126171599.22507  98315590.79906
> 2026 02 28 10 24 30.0000000  0  1
G18  23989557.905    23989563.761   126066040.19307  98233337.16306
> 2026 02 28 10 25 00.0000000  0  1
G18  23969484.641    23969490.600   125960555.68207  98151141.61006
> 2026 02 28 10 25 30.0000000  0  1
G18  23949426.586    23949432.538   125855150.44408  98069007.81706
> 2026 02 28 10 26 00.0000000  0  1
G18  23929384.030    23929389.929   125749826.10208  97986937.04706
> 2026 02 28 10 26 30.0000000  0  1
G18  23909357.231    23909363.180   125644584.64008  97904930.87707
> 2026 02 28 10 27 00.0000000  0  1
G18  23889346.848    23889352.995   125539430.23907  97822992.53506
> 2026 02 28 10 27 30.0000000  0  1
G18  23869353.256    23869359.474   125434364.47808  97741123.27307
> 2026 02 28 10 28 00.0000000  0  1
G18  23849377.244    23849383.369   125329390.27208  97659325.32307
> 2026 02 28 10 28 30.0000000  0  1
G18  23829419.182    23829425.207   125224510.53508  97577600.99506
> 2026 02 28 10 29 00.0000000  0  1
G18  23809479.872    23809485.814   125119730.02007  97495953.98107
> 2026 02 28 10 29 30.0000000  0  1
G18  23789559.347    23789565.094   125015047.63008  97414383.42407
> 2026 02 28 10 30 00.0000000  0  1
G18  23769658.915    23769664.461   124910470.17107  97332894.63507
> 2026 02 28 10 30 30.0000000  0  1
G18  23749778.131    23749783.282   124805996.61607  97251486.77907
> 2026 02 28 10 31 00.0000000  0  1
G18  23729918.152    23729923.079   124701632.56408  97170164.26606
> 2026 02 28 10 31 30.0000000  0  1
G18  23710079.634    23710084.816   124597381.74507  97088929.99907
> 2026 02 28 10 32 00.0000000  0  1
G18  23690263.268    23690268.528   124493246.17607  97007785.50607
> 2026 02 28 10 32 30.0000000  0  1
G18  23670469.005    23670474.437   124389227.49507  96926732.10007
> 2026 02 28 10 33 00.0000000  0  1
G18  23650697.566    23650702.950   124285327.88908  96845771.47707
> 2026 02 28 10 33 30.0000000  0  1
G18  23630949.395    23630954.778   124181550.87308  96764906.37607
> 2026 02 28 10 34 00.0000000  0  1
G18  23611225.450    23611230.662   124077900.25108  96684139.74107
> 2026 02 28 10 34 30.0000000  0  1
G18  23591525.772    23591530.923   123974378.11708  96603473.24107
> 2026 02 28 10 35 00.0000000  0  1
G18  23571851.201    23571856.423   123870987.99908  96522909.60906
> 2026 02 28 10 35 30.0000000  0  1
G18  23552202.290    23552207.290   123767732.10908  96442450.54807
> 2026 02 28 10 36 00.0000000  0  1
G18  23532579.260    23532584.164   123664612.64308  96362097.79407
> 2026 02 28 10 36 30.0000000  0  1
G18  23512983.258    23512988.209   123561635.36308  96281855.83907
> 2026 02 28 10 37 00.0000000  0  1
G18  23493414.520    23493419.385   123458801.36308  96201725.53107
> 2026 02 28 10 37 30.0000000  0  1
G18  23473873.179    23473878.015   123356111.65808  96121707.66007
> 2026 02 28 10 38 00.0000000  0  1
G18  23454360.135    23454365.117   123253571.14608  96041806.04307
> 2026 02 28 10 38 30.0000000  0  1
G18  23434875.948    23434880.947   123151181.72408  95962022.16807
> 2026 02 28 10 39 00.0000000  0  1
G18  23415421.628    23415426.548   123048948.17208  95882359.72807
> 2026 02 28 10 39 30.0000000  0  1
G18  23395996.609    23396001.471   122946868.26308  95802817.01407
> 2026 02 28 10 40 00.0000000  0  1
G18  23376602.234    23376607.075   122844950.84808  95723400.94907
> 2026 02 28 10 40 30.0000000  0  1
G18  23357238.446    23357243.229   122743193.82708  95644109.84607
> 2026 02 28 10 41 00.0000000  0  1
G18  23337906.866    23337911.801   122641606.07708  95564950.68207
> 2026 02 28 10 41 30.0000000  0  1
G18  23318607.229    23318612.225   122540186.24508  95485922.35707
> 2026 02 28 10 42 00.0000000  0  1
G18  23299340.241    23299345.315   122438938.05808  95407027.79507
> 2026 02 28 10 42 30.0000000  0  1
G18  23280106.472    23280111.589   122337864.41508  95328269.25507
> 2026 02 28 10 43 00.0000000  0  1
G18  23260906.377    23260911.405   122236967.50408  95249648.42807
> 2026 02 28 10 43 30.0000000  0  1
G18  23241740.252    23241745.155   122136248.88408  95171166.54107
> 2026 02 28 10 44 00.0000000  0  1
G18  23222609.202    23222614.132   122035715.22908  95092828.78607
> 2026 02 28 10 44 30.0000000  0  1
G18  23203513.082    23203518.085   121935365.92008  95014634.69207
> 2026 02 28 10 45 00.0000000  0  1
G18  23184453.459    23184458.291   121835207.89608  94936589.63907
> 2026 02 28 10 45 30.0000000  0  1
G18  23165429.902    23165434.617   121735239.02908  94858691.98007
> 2026 02 28 10 46 00.0000000  0  1
G18  23146443.739    23146448.231   121635466.32108  94780947.15507
> 2026 02 28 10 46 30.0000000  0  1
G18  23127494.652    23127499.288   121535889.08808  94703354.68007
> 2026 02 28 10 47 00.0000000  0  1
G18  23108583.763    23108588.372   121436512.77108  94625918.74807
> 2026 02 28 10 47 30.0000000  0  1
G18  23089711.218    23089715.856   121337337.71908  94548639.63607
> 2026 02 28 10 48 00.0000000  0  1
G18  23070878.556    23070883.051   121238371.46408  94471523.20607
> 2026 02 28 10 48 30.0000000  0  1
G18  23052084.986    23052089.424   121139610.96708  94394567.12407
> 2026 02 28 10 49 00.0000000  0  1
G18  23033332.067    23033336.339   121041063.67708  94317777.15207
> 2026 02 28 10 49 30.0000000  0  1
G18  23014619.786    23014624.049   120942730.90108  94241154.33707
> 2026 02 28 10 50 00.0000000  0  1
G18  22995948.188    22995952.532   120844611.88108  94164698.05207
> 2026 02 28 10 50 30.0000000  0  1
G18  22977318.777    22977323.298   120746714.48208  94088414.46707
> 2026 02 28 10 51 00.0000000  0  1
G18  22958731.404    22958736.121   120649038.18408  94012303.17707
> 2026 02 28 10 51 30.0000000  0  1
G18  22940187.641    22940192.248   120551590.11808  93936369.69107
> 2026 02 28 10 52 00.0000000  0  1
G18  22921687.152    22921691.600   120454369.25208  93860613.25007
> 2026 02 28 10 52 30.0000000  0  1
G18  22903230.212    22903234.473   120357377.23008  93785035.10807
> 2026 02 28 10 53 00.0000000  0  1
G18  22884817.902    22884822.230   120260620.63508  93709640.44407
> 2026 02 28 10 53 30.0000000  0  1
G18  22866450.433    22866454.535   120164098.86108  93634428.72707
> 2026 02 28 10 54 00.0000000  0  2
G05  25410349.473    25410358.151   133532286.22016 104051152.53015
G18  22848129.339    22848133.328   120067820.66608  93559406.81707
> 2026 02 28 10 54 30.0000000  0  2
G05  25397716.347    25397722.445   133465897.36406 103999420.90506
G18  22829853.959    22829857.863   119971782.98708  93484572.33207
> 2026 02 28 10 55 00.0000000  0  2
G05  25385132.040    25385138.107   133399764.72306 103947888.97006
G18  22811625.333    22811629.131   119875990.70608  93409929.07107
> 2026 02 28 10 55 30.0000000  0  2
G05  25372596.460    25372603.470   133333890.71207 103896558.55806
G18  22793443.709    22793447.548   119780446.21008  93335478.89507
> 2026 02 28 10 56 00.0000000  0  2
G05  25360111.148    25360118.190   133268279.78706 103845433.11606
G18  22775309.953    22775313.913   119685153.49508  93261224.91407
> 2026 02 28 10 56 30.0000000  0  2
G05  25347675.845    25347683.027   133202931.97206 103794512.66706
G18  22757224.072    22757228.121   119590112.75808  93187167.30607
> 2026 02 28 10 57 00.0000000  0  2
G05  25335291.547    25335298.741   133137852.90506 103743801.61806
G18  22739187.282    22739191.217   119495329.23708  93113310.11807
> 2026 02 28 10 57 30.0000000  0  2
G05  25322958.439    25322966.161   133073044.41506 103693301.43306
G18  22721199.652    22721203.535   119400804.10508  93039654.28007
> 2026 02 28 10 58 00.0000000  0  2
G05  25310678.047    25310685.726   133008509.81306 103643014.68706
G18  22703261.938    22703265.775   119306540.73008  92966202.41807
> 2026 02 28 10 58 30.0000000  0  2
G05  25298450.600    25298458.254   132944253.17206 103592944.58506
G18  22685374.784    22685378.593   119212542.85608  92892957.44407
> 2026 02 28 10 59 00.0000000  0  2
G05  25286276.265    25286283.879   132880276.50906 103543092.64006
G18  22667538.425    22667542.190   119118812.45408  92819920.87807
> 2026 02 28 10 59 30.0000000  0  2
G05  25274155.759    25274163.310   132816583.04506 103493461.41206
G18  22649753.484    22649757.286   119025352.34208  92747094.94407
> 2026 02 28 11 00 00.0000000  0  2
G05  25262089.644    25262097.584   132753175.77406 103444053.24606
G18  22632020.529    22632024.426   118932165.40908  92674481.86907
> 2026 02 28 11 00 30.0000000  0  2
G05  25250078.668    25250086.842   132690057.47906 103394870.25306
G18  22614339.890    22614343.942   118839253.90908  92602083.43707
> 2026 02 28 11 01 00.0000000  0  2
G05  25238122.712    25238131.014   132627229.34306 103345913.41206
G18  22596711.993    22596716.041   118746619.40808  92529900.84407
> 2026 02 28 11 01 30.0000000  0  2
G05  25226223.488    25226231.435   132564697.38206 103297187.36306
G18  22579137.850    22579141.822   118654267.28308  92457938.25907
> 2026 02 28 11 02 00.0000000  0  2
G05  25214380.657    25214388.334   132502463.91206 103248693.85606
G18  22561617.668    22561621.831   118562199.48308  92386197.24207
> 2026 02 28 11 02 30.0000000  0  2
G05  25202594.864    25202602.695   132440531.04906 103200434.58106
G18  22544152.165    22544156.114   118470418.33508  92314679.58407
> 2026 02 28 11 03 00.0000000  0  2
G05  25190867.343    25190875.252   132378903.14206 103152412.89806
G18  22526741.955    22526745.917   118378927.60408  92243388.21607
> 2026 02 28 11 03 30.0000000  0  2
G05  25179198.028    25179205.617   132317579.89906 103104628.63006
G18  22509387.057    22509390.849   118287727.13908  92172323.02007
> 2026 02 28 11 04 00.0000000  0  2
G05  25167587.980    25167595.201   132256567.60606 103057086.61506
G18  22492088.554    22492092.118   118196822.76308  92101488.52607
> 2026 02 28 11 04 30.0000000  0  2
G05  25156037.220    25156044.218   132195867.68807 103009788.01307
G18  22474846.693    22474850.114   118106216.10608  92030886.02507
> 2026 02 28 11 05 00.0000000  0  2
G05  25144546.158    25144553.547   132135483.67906 102962735.54706
G18  22457661.895    22457665.310   118015910.00708  91960517.72007
> 2026 02 28 11 05 30.0000000  0  2
G05  25133116.354    25133124.052   132075419.57006 102915932.38806
G18  22440534.927    22440538.343   117925908.01008  91890386.37407
> 2026 02 28 11 06 00.0000000  0  2
G05  25121747.799    25121755.476   132015676.76407 102869379.56506
G18  22423466.353    22423469.740   117836211.91708  91820493.38707
> 2026 02 28 11 06 30.0000000  0  2
G05  25110440.569    25110448.359   131956257.21506 102823078.67106
G18  22406456.229    22406459.735   117746823.41908  91750840.09007
> 2026 02 28 11 07 00.0000000  0  2
G05  25099195.533    25099203.527   131897165.85706 102777033.50506
G18  22389505.643    22389509.102   117657747.06608  91681430.00107
> 2026 02 28 11 07 30.0000000  0  2
G05  25088013.527    25088021.629   131838405.11106 102731245.94706
G18  22372614.755    22372618.134   117568984.80308  91612264.66207
> 2026 02 28 11 08 00.0000000  0  2
G05  25076894.624    25076902.484   131779974.42407 102685715.58107
G18  22355783.422    22355786.868   117480536.24508  91543343.78707
> 2026 02 28 11 08 30.0000000  0  2
G05  25065840.122    25065847.919   131721882.00107 102640448.80607
G18  22339013.140    22339016.706   117392408.70608  91474673.05407
> 2026 02 28 11 09 00.0000000  0  2
G05  25054850.229    25054858.087   131664129.36607 102595446.77407
G18  22322304.401    22322308.056   117304604.11208  91406253.97007
> 2026 02 28 11 09 30.0000000  0  2
G05  25043924.806    25043932.488   131606715.60107 102550708.80707
G18  22305657.040    22305660.668   117217121.79208  91338085.99607
> 2026 02 28 11 10 00.0000000  0  2
G05  25033065.020    25033072.473   131549646.72807 102506239.63107
G18  22289072.100    22289075.491   117129967.17008  91270173.36907
> 2026 02 28 11 10 30.0000000  0  2
G05  25022271.106    25022278.365   131492924.22107 102462040.36907
G18  22272549.629    22272552.860   117043141.11008  91202516.77707
> 2026 02 28 11 11 00.0000000  0  2
G05  25011544.021    25011551.330   131436553.55407 102418115.28407
G18  22256090.710    22256093.778   116956648.90008  91135120.32507
> 2026 02 28 11 11 30.0000000  0  2
G05  25000884.194    25000891.646   131380536.93107 102374466.05907
G18  22239695.832    22239698.737   116870493.38508  91067986.22407
> 2026 02 28 11 12 00.0000000  0  2
G05  24990292.236    24990299.762   131324876.48207 102331094.35407
G18  22223365.217    22223368.188   116784676.30208  91001115.85107
> 2026 02 28 11 12 30.0000000  0  2
G05  24979768.132    24979775.617   131269571.99207 102288000.02707
G18  22207098.852    22207101.842   116699196.79408  90934508.53507
> 2026 02 28 11 13 00.0000000  0  2
G05  24969312.815    24969320.364   131214629.61507 102245187.88807
G18  22190897.996    22190901.022   116614061.02008  90868169.05907
> 2026 02 28 11 13 30.0000000  0  2
G05  24958926.820    24958934.349   131160051.89807 102202659.90307
G18  22174762.955    22174765.981   116529270.87308  90802098.88207
> 2026 02 28 11 14 00.0000000  0  2
G05  24948610.692    24948617.997   131105841.22307 102160417.93507
G18  22158694.192    22158697.327   116444829.51008  90736300.50307
> 2026 02 28 11 14 30.0000000  0  2
G05  24938365.136    24938372.247   131051999.74407 102118463.63907
G18  22142692.142    22142695.294   116360738.39908  90670775.02907
> 2026 02 28 11 15 00.0000000  0  2
G05  24928190.531    24928197.786   130998531.28707 102076799.98407
G18  22126757.436    22126760.710   116277001.33408  90605525.45307
> 2026 02 28 11 15 30.0000000  0  2
G05  24918086.639    24918094.102   130945435.57307 102035426.78007
G18  22110889.999    22110893.338   116193617.85608  90540551.38707
> 2026 02 28 11 16 00.0000000  0  2
G05  24908054.213    24908061.835   130892716.00407 101994346.68807
G18  22095090.481    22095093.798   116110591.06808  90475855.26807
> 2026 02 28 11 16 30.0000000  0  2
G05  24898095.025    24898102.572   130840380.96507 101953566.24307
G18  22079360.395    22079363.685   116027929.21508  90411443.50107
> 2026 02 28 11 17 00.0000000  0  2
G05  24888209.269    24888216.815   130788430.62007 101913085.53907
G18  22063699.882    22063703.081   115945632.33308  90347316.11707
> 2026 02 28 11 17 30.0000000  0  2
G05  24878396.563    24878404.232   130736864.60607 101872904.32007
G18  22048108.708    22048111.739   115863699.71908  90283472.57807
> 2026 02 28 11 18 00.0000000  0  2
G05  24868657.496    24868665.110   130685685.87207 101833024.86507
G18  22032587.362    22032590.282   115782134.54308  90219915.36707
> 2026 02 28 11 18 30.0000000  0  2
G05  24858993.196    24859000.643   130634899.85207 101793451.43507
G18  22017136.812    22017139.840   115700942.08508  90156648.58007
> 2026 02 28 11 19 00.0000000  0  2
G05  24849403.582    24849411.305   130584507.52707 101754184.82107
G18  22001757.251    22001760.452   115620122.62008  90093672.43807
> 2026 02 28 11 19 30.0000000  0  2
G05  24839889.595    24839897.262   130534510.39507 101715226.16407
G18  21986449.023    21986452.248   115539678.02408  90030988.41207
> 2026 02 28 11 20 00.0000000  0  2
G05  24830451.742    24830459.329   130484914.17607 101676579.88707
G18  21971213.325    21971216.408   115459613.90808  89968600.84607
> 2026 02 28 11 20 30.0000000  0  2
G05  24821089.900    24821097.282   130435717.65307 101638245.01507
G18  21956049.851    21956052.750   115379928.93408  89906508.72207
> 2026 02 28 11 21 00.0000000  0  2
G05  24811804.925    24811812.314   130386924.93507 101600224.76907
G18  21940959.195    21940961.984   115300626.88208  89844714.97907
> 2026 02 28 11 21 30.0000000  0  2
G05  24802597.862    24802605.247   130338542.47607 101562524.25607
G18  21925942.510    21925945.079   115221713.75408  89783224.28307
> 2026 02 28 11 22 00.0000000  0  2
G05  24793468.451    24793475.472   130290568.23307 101525141.81107
G18  21910999.367    21911001.994   115143188.04708  89722035.49507
> 2026 02 28 11 22 30.0000000  0  2
G05  24784417.886    24784424.586   130243007.52507 101488081.59907
G18  21896130.796    21896133.502   115065054.20408  89661152.05407
> 2026 02 28 11 23 00.0000000  0  2
G05  24775446.067    24775452.895   130195860.36307 101451343.67707
G18  21881336.824    21881339.716   114987312.54608  89600574.20707
> 2026 02 28 11 23 30.0000000  0  2
G05  24766553.468    24766560.025   130149129.17607 101414929.81107
G18  21866618.075    21866621.033   114909965.64208  89540303.95607
> 2026 02 28 11 24 00.0000000  0  2
G05  24757740.644    24757747.249   130102817.59606 101378842.91006
G18  21851975.181    21851978.128   114833016.54308  89480343.67807
> 2026 02 28 11 24 30.0000000  0  2
G05  24749008.393    24749015.260   130056929.74406 101343086.17906
G18  21837408.859    21837411.712   114756469.54308  89420696.72607
> 2026 02 28 11 25 00.0000000  0  2
G05  24740357.214    24740364.264   130011468.12706 101307661.64306
G18  21822919.413    21822922.217   114680326.76908  89361364.75507
> 2026 02 28 11 25 30.0000000  0  2
G05  24731786.880    24731793.623   129966429.84206 101272566.95206
G18  21808506.349    21808509.287   114604585.65408  89302345.77207
> 2026 02 28 11 26 00.0000000  0  2
G05  24723297.409    24723303.913   129921817.12206 101237803.91306
G18  21794170.055    21794173.122   114529248.16408  89243641.30007
> 2026 02 28 11 26 30.0000000  0  2
G05  24714890.585    24714897.637   129877641.05206 101203381.17006
G18  21779912.593    21779915.538   114454325.04108  89185259.70707
> 2026 02 28 11 27 00.0000000  0  2
G05  24706566.375    24706573.925   129833899.67106 101169297.08206
G18  21765733.510    21765736.382   114379813.87908  89127199.13007
> 2026 02 28 11 27 30.0000000  0  2
G05  24698325.552    24698332.977   129790595.07006 101135553.33306
G18  21751633.214    21751636.048   114305717.17208  89069461.51107
> 2026 02 28 11 28 00.0000000  0  2
G05  24690168.326    24690175.705   129747728.59106 101102150.96806
G18  21737612.051    21737614.857   114232035.97608  89012047.65807
> 2026 02 28 11 28 30.0000000  0  2
G05  24682095.350    24682102.109   129705303.67506 101069092.71106
G18  21723670.611    21723673.500   114158773.65308  88954960.21007
> 2026 02 28 11 29 00.0000000  0  2
G05  24674106.258    24674112.963   129663322.26206 101036380.08206
G18  21709809.380    21709812.250   114085932.37008  88898200.84207
> 2026 02 28 11 29 30.0000000  0  2
G05  24666201.792    24666208.954   129621786.47406 101004014.73706
G18  21696028.795    21696031.431   114013514.24308  88841771.20407
> 2026 02 28 11 30 00.0000000  0  2
G05  24658383.637    24658391.014   129580701.14407 100972000.35006
G18  21682329.560    21682332.008   113941523.84508  88785674.85807
> 2026 02 28 11 30 30.0000000  0  2
G05  24650651.198    24650658.278   129540065.61607 100940336.45007
G18  21668711.397    21668713.868   113869960.20208  88729911.05707
> 2026 02 28 11 31 00.0000000  0  2
G05  24643004.505    24643011.631   129499882.25807 100909024.89807
G18  21655174.877    21655177.451   113798825.89008  88674481.80507
> 2026 02 28 11 31 30.0000000  0  2
G05  24635444.479    24635451.621   129460154.70907 100878068.56707
G18  21641720.690    21641723.269   113728124.35508  88619389.77707
> 2026 02 28 11 32 00.0000000  0  2
G05  24627971.518    24627978.290   129420883.89007 100847468.05206
G18  21628349.058    21628351.539   113657856.32508  88564635.53807
> 2026 02 28 11 32 30.0000000  0  2
G05  24620586.378    24620592.873   129382075.29506 100817227.74006
G18  21615060.998    21615063.484   113588027.35908  88510223.43707
> 2026 02 28 11 33 00.0000000  0  2
G05  24613288.981    24613295.442   129343727.74506 100787346.64906
G18  21601856.331    21601858.734   113518636.30408  88456152.54507
> 2026 02 28 11 33 30.0000000  0  2
G05  24606079.961    24606086.713   129305845.07406 100757827.87406
G18  21588735.693    21588737.995   113449687.01508  88402425.88907
> 2026 02 28 11 34 00.0000000  0  2
G05  24598959.933    24598966.414   129268429.64407 100728673.12206
G18  21575699.575    21575701.741   113381181.83808  88349045.28607
> 2026 02 28 11 34 30.0000000  0  2
G05  24591928.552    24591934.965   129231481.02307 100699882.09206
G18  21562747.481    21562749.714   113313119.04708  88296009.40207
> 2026 02 28 11 35 00.0000000  0  2
G05  24584987.254    24584993.500   129195004.70207 100671459.10907
G18  21549881.014    21549883.340   113245505.94908  88243323.92607
> 2026 02 28 11 35 30.0000000  0  2
G05  24578135.610    24578141.877   129158998.59207 100643402.52507
G18  21537099.592    21537102.155   113178339.76108  88190986.69008
> 2026 02 28 11 36 00.0000000  0  2
G05  24571374.345    24571380.702   129123468.38607 100615716.75607
G18  21524404.289    21524406.875   113111625.87508  88139001.89407
> 2026 02 28 11 36 30.0000000  0  2
G05  24564703.817    24564710.324   129088415.59607 100588403.02607
G18  21511795.495    21511798.029   113045366.14908  88087370.98807
> 2026 02 28 11 37 00.0000000  0  2
G05  24558124.990    24558131.163   129053843.36907 100561463.69607
G18  21499273.553    21499276.023   112979562.81308  88036095.70507
> 2026 02 28 11 37 30.0000000  0  2
G05  24551638.202    24551644.420   129019754.41607 100534900.96307
G18  21486839.135    21486841.574   112914219.34008  87985178.75507
> 2026 02 28 11 38 00.0000000  0  2
G05  24545242.581    24545248.218   128986145.17207 100508712.01907
G18  21474491.606    21474493.987   112849332.29908  87934617.46208
> 2026 02 28 11 38 30.0000000  0  2
G05  24538939.375    24538945.217   128953023.54207 100482903.09407
G18  21462232.226    21462234.629   112784909.08808  87884417.60307
> 2026 02 28 11 39 00.0000000  0  2
G05  24532728.982    24532734.912   128920388.69307 100457473.41607
G18  21450060.944    21450063.135   112720948.77508  87834578.44208
> 2026 02 28 11 39 30.0000000  0  2
G05  24526611.740    24526617.919   128888243.16007 100432425.07507
G18  21437978.282    21437980.459   112657454.25708  87785102.23908
> 2026 02 28 11 40 00.0000000  0  2
G05  24520587.823    24520594.180   128856587.63907 100407758.56707
G18  21425984.377    21425986.639   112594426.21208  87735989.52307
> 2026 02 28 11 40 30.0000000  0  2
G05  24514657.945    24514664.285   128825425.97907 100383476.88807
G18  21414079.993    21414082.526   112531868.62708  87687243.40408
> 2026 02 28 11 41 00.0000000  0  2
G05  24508822.061    24508828.288   128794758.45707 100359580.20807
G18  21402265.073    21402267.601   112469781.07708  87638863.54507
> 2026 02 28 11 41 30.0000000  0  2
G05  24503080.848    24503087.239   128764589.77106 100336072.26107
G18  21390540.548    21390543.054   112408168.31408  87590853.64507
> 2026 02 28 11 42 00.0000000  0  2
G05  24497434.750    24497441.096   128734920.01407 100312953.10407
G18  21378906.464    21378909.012   112347031.04308  87543214.26807
> 2026 02 28 11 42 30.0000000  0  2
G05  24491883.687    24491890.155   128705748.89807 100290222.49907
G18  21367362.787    21367365.300   112286369.13208  87495945.29307
> 2026 02 28 11 43 00.0000000  0  2
G05  24486429.203    24486435.741   128677085.80707 100267887.80107
G18  21355911.265    21355913.775   112226191.54008  87449053.71907
> 2026 02 28 11 43 30.0000000  0  2
G05  24481069.868    24481075.936   128648922.23807 100245942.32007
G18  21344550.308    21344552.822   112166489.82808  87402532.95207
> 2026 02 28 11 44 00.0000000  0  2
G05  24475807.129    24475813.280   128621267.31607 100224393.19607
G18  21333281.656    21333284.173   112107272.88908  87356389.94407
> 2026 02 28 11 44 30.0000000  0  2
G05  24470640.734    24470647.148   128594118.68307 100203238.56907
G18  21322104.899    21322107.397   112048538.70008  87310623.09107
> 2026 02 28 11 45 00.0000000  0  2
G05  24465571.443    24465577.698   128567480.88307 100182481.98807
G18  21311020.878    21311023.363   111990291.70408  87265235.86407
> 2026 02 28 11 45 30.0000000  0  2
G05  24460599.568    24460605.554   128541353.73507 100162123.33307
G18  21300029.523    21300031.992   111932531.90108  87220228.28308
> 2026 02 28 11 46 00.0000000  0  2
G05  24455725.420    24455731.471   128515740.53307 100142165.17307
G18  21289131.519    21289133.809   111875262.48808  87175602.81207
> 2026 02 28 11 46 30.0000000  0  2
G05  24450949.581    24450955.535   128490643.52207 100122609.21907
G18  21278327.362    21278329.490   111818486.02108  87131361.45707
> 2026 02 28 11 47 00.0000000  0  2
G05  24446272.053    24446278.041   128466063.33007 100103455.95307
G18  21267617.085    21267618.988   111762202.91508  87087504.54607
> 2026 02 28 11 47 30.0000000  0  2
G05  24441692.348    24441698.284   128441998.40907 100084704.18807
G18  21257000.378    21257002.254   111706412.14308  87044031.26707
> 2026 02 28 11 48 00.0000000  0  2
G05  24437212.145    24437217.812   128418455.40007 100066359.07907
G18  21246478.557    21246480.440   111651119.68408  87000946.27707
> 2026 02 28 11 48 30.0000000  0  2
G05  24432831.145    24432837.091   128395433.90007 100048420.38507
G18  21236051.499    21236053.480   111596325.53908  86958249.59108
> 2026 02 28 11 49 00.0000000  0  2
G05  24428550.170    24428556.102   128372936.82207 100030890.32207
G18  21225719.909    21225721.900   111542032.70208  86915943.51608
> 2026 02 28 11 49 30.0000000  0  2
G05  24424368.823    24424374.440   128350963.78507 100013768.53907
G18  21215483.697    21215485.615   111488240.91408  86874027.88208
> 2026 02 28 11 50 00.0000000  0  2
G05  24420287.396    24420292.877   128329515.66007  99997055.76507
G18  21205342.910    21205344.863   111434950.73708  86832503.12908
> 2026 02 28 11 50 30.0000000  0  2
G05  24416306.559    24416312.074   128308596.03107  99980754.82907
G18  21195298.305    21195300.318   111382166.18708  86791372.35508
> 2026 02 28 11 51 00.0000000  0  2
G05  24412426.086    24412431.713   128288204.76007  99964865.59606
G18  21185349.776    21185351.983   111329886.91208  86750635.31508
> 2026 02 28 11 51 30.0000000  0  2
G05  24408646.477    24408652.083   128268343.91907  99949389.67107
G18  21175497.985    21175500.184   111278115.84308  86710294.26808
> 2026 02 28 11 52 00.0000000  0  2
G05  24404968.925    24404974.210   128249017.81007  99934330.44007
G18  21165743.543    21165745.691   111226856.44608  86670351.92907
> 2026 02 28 11 52 30.0000000  0  2
G05  24401392.708    24401398.052   128230224.97907  99919686.80007
G18  21156086.293    21156088.440   111176107.65808  86630807.46608
> 2026 02 28 11 53 00.0000000  0  2
G05  24397918.428    24397923.221   128211966.89607  99905459.79807
G18  21146526.569    21146528.693   111125871.27908  86591662.28508
> 2026 02 28 11 53 30.0000000  0  2
G05  24394546.067    24394550.834   128194244.64807  99891650.30907
G18  21137064.295    21137066.470   111076147.03108  86552916.17107
> 2026 02 28 11 54 00.0000000  0  2
G05  24391275.790    24391281.252   128177061.16607  99878260.67007
G18  21127700.446    21127702.640   111026940.08008  86514573.13008
> 2026 02 28 11 54 30.0000000  0  2
G05  24388108.227    24388114.298   128160416.25407  99865290.68507
G18  21118434.906    21118437.109   110978249.70708  86476632.64108
> 2026 02 28 11 55 00.0000000  0  2
G05  24385043.902    24385049.910   128144313.40807  99852743.05607
G18  21109268.174    21109270.438   110930078.87608  86439096.98108
> 2026 02 28 11 55 30.0000000  0  2
G05  24382080.012    24382085.325   128128737.98207  99840606.42007
G18  21100197.668    21100200.008   110882413.29208  86401955.02208
> 2026 02 28 11 56 00.0000000  0  2
G05  24379221.436    24379226.560   128113715.92006  99828900.97906
G18  21091228.359    21091230.569   110835279.17308  86365227.19208
> 2026 02 28 11 56 30.0000000  0  2
G05  24376466.340    24376472.021   128099240.20106  99817621.32806
G18  21082358.911    21082361.085   110788669.90408  86328908.34108
> 2026 02 28 11 57 00.0000000  0  2
G05  24373815.992    24373821.308   128085312.44106  99806768.59206
G18  21073589.493    21073591.688   110742586.66508  86292999.38608
> 2026 02 28 11 57 30.0000000  0  2
G05  24371269.278    24371274.421   128071929.25806  99796340.19607
G18  21064919.609    21064921.735   110697026.43708  86257497.96108
> 2026 02 28 11 58 00.0000000  0  2
G05  24368826.768    24368831.991   128059093.34806  99786338.21206
G18  21056349.833    21056351.861   110651992.18608  86222406.39908
> 2026 02 28 11 58 30.0000000  0  2
G05  24366488.711    24366493.995   128046806.70206  99776764.23706
G18  21047880.644    21047882.631   110607485.93308  86187726.25908
> 2026 02 28 11 59 00.0000000  0  2
G05  24364255.142    24364260.375   128035068.08706  99767617.28406
G18  21039511.826    21039513.562   110563506.35308  86153456.50708
> 2026 02 28 11 59 30.0000000  0  2
G05  24362126.500    24362131.753   128023882.79406  99758901.54006
G18  21031244.365    21031245.904   110520059.48508  86119601.85108
> 2026 02 28 12 00 00.0000000  0  2
G05  24360103.380    24360108.941   128013251.51407  99750617.46207
G18  21023078.046    21023079.510   110477144.89908  86086161.96108
> 2026 02 28 12 00 30.0000000  0  2
G05  24358184.473    24358189.719   128003168.40707  99742760.56007
G18  21015012.019    21015013.576   110434758.34108  86053133.51408
> 2026 02 28 12 01 00.0000000  0  2
G05  24356374.543    24356379.196   127993656.50507  99735348.68007
G18  21007050.709    21007052.489   110392922.31908  86020534.06608
> 2026 02 28 12 01 30.0000000  0  2
G05  24354667.950    24354672.872   127984688.53107  99728360.69906
G18  20999189.007    20999190.889   110351609.60608  85988342.38808
> 2026 02 28 12 02 00.0000000  0  2
G05  24353067.071    24353071.744   127976275.84006  99721805.38606
G18  20991429.133    20991431.056   110310831.73108  85956567.44708
> 2026 02 28 12 02 30.0000000  0  2
G05  24351571.705    24351576.345   127968416.64006  99715681.35106
G18  20983770.760    20983772.760   110270587.46108  85925208.31208
> 2026 02 28 12 03 00.0000000  0  2
G05  24350182.001    24350187.208   127961114.23206  99709991.21906
G18  20976214.648    20976216.577   110230880.06008  85894267.50908
> 2026 02 28 12 03 30.0000000  0  2
G05  24348899.424    24348904.649   127954374.27206  99704739.29606
G18  20968761.897    20968763.677   110191715.31308  85863749.55208
> 2026 02 28 12 04 00.0000000  0  2
G05  24347725.131    24347730.182   127948203.07106  99699930.62906
G18  20961413.657    20961415.361   110153099.63908  85833659.43508
> 2026 02 28 12 04 30.0000000  0  2
G05  24346655.528    24346660.508   127942583.01006  99695551.41206
G18  20954166.507    20954168.269   110115015.55308  85803983.54208
> 2026 02 28 12 05 00.0000000  0  2
G05  24345692.639    24345697.780   127937524.53206  99691609.82206
G18  20947022.551    20947024.390   110077474.12708  85774730.50108
> 2026 02 28 12 05 30.0000000  0  2
G05  24344837.994    24344842.874   127933032.41606  99688109.47606
G18  20939982.723    20939984.564   110040479.85008  85745903.81908
> 2026 02 28 12 06 00.0000000  0  2
G05  24344090.241    24344095.121   127929103.12806  99685047.70206
G18  20933046.470    20933048.229   110004029.61308  85717501.07108
> 2026 02 28 12 06 30.0000000  0  2
G05  24343449.687    24343454.612   127925737.63406  99682425.26706
G18  20926214.059    20926215.736   109968124.66708  85689523.21308
> 2026 02 28 12 07 00.0000000  0  2
G05  24342916.396    24342921.436   127922935.50306  99680241.79307
G18  20919485.218    20919486.746   109932764.14608  85661969.58908
> 2026 02 28 12 07 30.0000000  0  2
G05  24342491.311    24342495.891   127920700.11407  99678499.92507
G18  20912860.701    20912862.171   109897952.03808  85634843.30208
> 2026 02 28 12 08 00.0000000  0  2
G05  24342173.745    24342178.336   127919030.36507  99677198.86307
G18  20906340.374    20906342.058   109863688.13908  85608144.20008
> 2026 02 28 12 08 30.0000000  0  2
G05  24341964.034    24341968.780   127917929.03707  99676340.73707
G18  20899924.653    20899926.481   109829974.10008  85581873.56508
> 2026 02 28 12 09 00.0000000  0  2
G05  24341862.073    24341867.213   127917394.70507  99675924.37707
G18  20893613.539    20893615.428   109796809.71908  85556031.23508
> 2026 02 28 12 09 30.0000000  0  2
G05  24341868.028    24341873.552   127917427.47707  99675949.95107
G18  20887407.192    20887408.987   109764195.10808  85530617.29808
> 2026 02 28 12 10 00.0000000  0  2
G05  24341982.747    24341988.097   127918030.66207  99676419.98507
G18  20881306.070    20881307.763   109732133.36608  85505634.16908
> 2026 02 28 12 10 30.0000000  0  2
G05  24342205.185    24342210.366   127919199.72107  99677330.97307
G18  20875309.372    20875311.130   109700620.95108  85481079.08708
> 2026 02 28 12 11 00.0000000  0  2
G05  24342536.479    24342541.558   127920940.10407  99678687.15907
G18  20869418.161    20869419.900   109669663.02608  85456956.08408
> 2026 02 28 12 11 30.0000000  0  2
G05  24342976.192    24342981.456   127923251.39107  99680488.18307
G18  20863632.482    20863634.166   109639259.42208  85433265.01808
> 2026 02 28 12 12 00.0000000  0  2
G05  24343525.463    24343530.440   127926137.78807  99682737.32507
G18  20857953.238    20857954.916   109609414.95308  85410009.62708
> 2026 02 28 12 12 30.0000000  0  2
G05  24344182.329    24344187.259   127929589.57507  99685427.03607
G18  20852378.504    20852380.199   109580119.29208  85387181.86808
> 2026 02 28 12 13 00.0000000  0  2
G05  24344948.130    24344953.461   127933614.46107  99688563.32607
G18  20846909.846    20846911.502   109551381.05808  85364788.48408
> 2026 02 28 12 13 30.0000000  0  2
G05  24345822.701    24345828.114   127938210.32007  99692144.53807
G18  20841546.690    20841548.387   109523197.92208  85342827.63808
> 2026 02 28 12 14 00.0000000  0  2
G05  24346806.403    24346811.587   127943378.41907  99696171.63407
G18  20836289.572    20836291.376   109495572.07808  85321301.04308
> 2026 02 28 12 14 30.0000000  0  2
G05  24347899.245    24347904.437   127949120.14407  99700645.70807
G18  20831138.850    20831140.749   109468504.89808  85300209.75808
> 2026 02 28 12 15 00.0000000  0  2
G05  24349100.762    24349105.723   127955433.47607  99705565.17607
G18  20826094.114    20826096.001   109441994.19608  85279552.09208
> 2026 02 28 12 15 30.0000000  0  2
G05  24350411.337    24350415.817   127962320.30706  99710931.55506
G18  20821155.736    20821157.620   109416042.72208  85259330.18208
> 2026 02 28 12 16 00.0000000  0  2
G05  24351830.528    24351835.309   127969779.49307  99716743.95906
G18  20816323.505    20816325.255   109390649.01908  85239542.89908
> 2026 02 28 12 16 30.0000000  0  2
G05  24353359.415    24353363.769   127977814.73006  99723005.12706
G18  20811598.138    20811599.895   109365817.25908  85220193.50108
> 2026 02 28 12 17 00.0000000  0  2
G05  24354997.416    24355002.328   127986423.31406  99729713.14906
G18  20806979.393    20806981.066   109341545.19508  85201280.21208
> 2026 02 28 12 17 30.0000000  0  2
G05  24356745.143    24356750.366   127995607.45806  99736869.65406
G18  20802467.545    20802469.148   109317835.10608  85182804.81808
> 2026 02 28 12 18 00.0000000  0  2
G05  24358602.103    24358607.556   128005367.03006  99744474.52606
G18  20798062.630    20798064.175   109294687.35108  85164767.61208
> 2026 02 28 12 18 30.0000000  0  2
G05  24360568.358    24360573.840   128015698.95806  99752525.40406
G18  20793764.150    20793765.689   109272098.98708  85147166.29708
> 2026 02 28 12 19 00.0000000  0  2
G05  24362643.525    24362649.339   128026603.75906  99761022.65906
G18  20789572.372    20789573.883   109250070.91708  85130001.58108
> 2026 02 28 12 19 30.0000000  0  2
G05  24364828.833    24364833.964   128038085.80406  99769969.69806
G18  20785488.117    20785489.529   109228607.69808  85113276.99108
> 2026 02 28 12 20 00.0000000  0  2
G05  24367123.177    24367127.981   128050141.71905  99779363.98005
G18  20781510.589    20781511.965   109207705.87808  85096989.86108
> 2026 02 28 12 20 30.0000000  0  2
G05  24369526.945    24369531.319   128062771.43605  99789205.38005
G18  20777639.947    20777641.350   109187365.61408  85081140.32008
> 2026 02 28 12 21 00.0000000  0  2
G05  24372039.328    24372047.256
G18  20773876.757    20773878.209   109167589.98608  85065730.75708
> 2026 02 28 12 21 30.0000000  0  1
G18  20770221.238    20770222.675   109148379.90908  85050761.88708
> 2026 02 28 12 22 00.0000000  0  1
G18  20766672.779    20766674.160   109129732.23808  85036231.25408
> 2026 02 28 12 22 30.0000000  0  2
G05  24380236.702
G18  20763231.446    20763232.741   109111647.70908  85022139.44508
> 2026 02 28 12 23 00.0000000  0  2
G05  24383184.933    24383190.991   128134501.82616  99845082.20615
G18  20759897.779    20759898.942   109094129.11108  85008488.61208
> 2026 02 28 12 23 30.0000000  0  2
G05  24386244.284    24386249.698   128150580.32605  99857610.97805
G18  20756671.280    20756672.447   109077174.07708  84995276.94108
> 2026 02 28 12 24 00.0000000  0  2
G05  24389412.686    24389417.717   128167232.93206  99870586.90205
G18  20753552.142    20753553.446   109060783.52108  84982505.10608
> 2026 02 28 12 24 30.0000000  0  2
G05  24392690.378    24392697.056   128184459.44106  99884010.18805
G18  20750540.386    20750541.692   109044956.66708  84970172.52808
> 2026 02 28 12 25 00.0000000  0  2
G05  24396077.530    24396084.966   128202261.21205  99897881.78005
G18  20747636.493    20747637.765   109029696.79308  84958281.74508
> 2026 02 28 12 25 30.0000000  0  2
G05  24399574.270    24399580.789   128220636.34606  99912200.11705
G18  20744839.973    20744841.231   109015001.39508  84946830.81808
> 2026 02 28 12 26 00.0000000  0  2
G05  24403180.613    24403186.887   128239585.50106  99926965.74905
G18  20742151.201    20742152.476   109000872.24408  84935821.12008
> 2026 02 28 12 26 30.0000000  0  2
G05  24406895.705    24406901.879   128259106.33606  99942176.80406
G18  20739569.812    20739571.088   108987306.94908  84925250.78008
> 2026 02 28 12 27 00.0000000  0  2
G05  24410720.218    24410726.073   128279201.89306  99957835.64106
G18  20737096.079    20737097.282   108974307.31508  84915121.22108
> 2026 02 28 12 27 30.0000000  0  2
G05  24414653.032    24414658.907   128299868.49005  99973939.45705
G18  20734729.656    20734730.866   108961871.82708  84905431.24708
> 2026 02 28 12 28 00.0000000  0  2
G05  24418694.544    24418699.762   128321106.19105  99990488.40705
G18  20732470.581    20732471.955   108950001.06008  84896181.30808
> 2026 02 28 12 28 30.0000000  0  2
G05  24422845.448    24422849.947   128342915.95605 100007482.98205
G18  20730319.032    20730320.565   108938695.19308  84887371.54608
> 2026 02 28 12 29 00.0000000  0  1
G18  20728274.910    20728276.532   108927953.76008  84879001.60208
> 2026 02 28 12 29 30.0000000  0  2
G05  24431472.869    24431477.668
G18  20726338.823    20726340.374   108917779.46308  84871073.56908
> 2026 02 28 12 30 00.0000000  0  2
G05  24435948.711    24435953.067   128411780.74715 100061147.95315
G18  20724510.459    20724511.832   108908170.80708  84863586.30008
> 2026 02 28 12 30 30.0000000  0  2
G05  24440532.449    24440538.655   128435874.89005 100079922.59405
G18  20722789.390    20722790.671   108899126.03608  84856538.42008
> 2026 02 28 12 31 00.0000000  0  2
G05  24445225.287    24445230.942   128460536.83706 100099139.70906
G18  20721175.355    20721176.609   108890643.86308  84849928.91408
> 2026 02 28 12 31 30.0000000  0  2
G05  24450027.626    24450033.182   128485771.94406 100118803.48506
G18  20719669.457    20719670.798   108882730.47008  84843762.62208
> 2026 02 28 12 32 00.0000000  0  2
G05  24454937.823    24454943.077   128511573.85507 100138908.85306
G18  20718270.584    20718271.865   108875379.68908  84838034.74508
> 2026 02 28 12 32 30.0000000  0  2
G05  24459955.717    24459959.617   128537941.32007 100159454.99207
G18  20716978.569    20716979.859   108868590.46508  84832744.45408
> 2026 02 28 12 33 00.0000000  0  2
G05  24465082.069    24465085.714   128564878.86007 100180445.30507
G18  20715794.541    20715795.905   108862368.37108  84827896.07508
> 2026 02 28 12 33 30.0000000  0  2
G05  24470315.493    24470319.685   128592382.01806 100201876.31006
G18  20714717.594    20714718.991   108856708.78108  84823486.00608
> 2026 02 28 12 34 00.0000000  0  2
G05  24475656.739    24475661.459   128620452.60106 100223749.48406
G18  20713748.093    20713749.390   108851613.70108  84819515.83008
> 2026 02 28 12 34 30.0000000  0  2
G05  24481105.600    24481110.618   128649088.31706 100246063.01806
G18  20712885.703    20712886.874   108847081.43208  84815984.21008
> 2026 02 28 12 35 00.0000000  0  2
G05  24486661.444    24486666.772   128678285.21007 100268813.84707
G18  20712129.640    20712130.849   108843108.27208  84812888.28008
> 2026 02 28 12 35 30.0000000  0  2
G05  24492325.611    24492330.434   128708049.08607 100292006.45307
G18  20711480.960    20711482.336   108839699.97508  84810232.50308
> 2026 02 28 12 36 00.0000000  0  2
G05  24498096.884    24498101.356   128738377.14006 100315638.74506
G18  20710939.547    20710941.017   108836855.11908  84808015.77708
> 2026 02 28 12 36 30.0000000  0  2
G05  24503974.953    24503979.530   128769266.43906 100339708.32306
G18  20710504.918    20710506.344   108834571.03608  84806236.02708
> 2026 02 28 12 37 00.0000000  0  2
G05  24509959.682    24509964.841   128800717.80406 100364215.87606
G18  20710177.061    20710178.416   108832848.15808  84804893.56808
> 2026 02 28 12 37 30.0000000  0  2
G05  24516051.141    24516056.463   128832727.62307 100389158.52507
G18  20709955.513    20709956.693   108831683.59308  84803986.15808
> 2026 02 28 12 38 00.0000000  0  2
G05  24522250.061    24522255.518   128865302.86207 100414541.81207
G18  20709841.648    20709842.840   108831085.22208  84803519.93208
> 2026 02 28 12 38 30.0000000  0  2
G05  24528554.672    24528559.967   128898432.93407 100440357.39707
G18  20709833.434    20709834.684   108831042.33008  84803486.54808
> 2026 02 28 12 39 00.0000000  0  2
G05  24534965.509    24534970.712   128932121.57907 100466608.26807
G18  20709931.596    20709932.947   108831559.16008  84803889.31108
> 2026 02 28 12 39 30.0000000  0  2
G05  24541482.218    24541487.342   128966367.18007 100493293.11107
G18  20710135.956    20710137.383   108832633.85708  84804726.77608
> 2026 02 28 12 40 00.0000000  0  2
G05  24548104.853    24548109.972   129001170.11106 100520412.25706
G18  20710447.057    20710448.500   108834268.55908  84806000.59708
> 2026 02 28 12 40 30.0000000  0  2
G05  24554832.979    24554837.604   129036526.11106 100547962.41306
G18  20710863.949    20710865.360   108836458.59708  84807707.14008
> 2026 02 28 12 41 00.0000000  0  2
G05  24561667.069    24561671.590   129072438.27506 100575945.84306
G18  20711387.121    20711388.406   108839207.50908  84809849.16108
> 2026 02 28 12 41 30.0000000  0  2
G05  24568606.365    24568611.180   129108904.23506 100604360.82206
G18  20712016.192    20712017.339   108842513.37308  84812425.17108
> 2026 02 28 12 42 00.0000000  0  2
G05  24575650.661    24575655.909
G18  20712751.225    20712752.367   108846376.42508  84815435.35008
> 2026 02 28 12 42 30.0000000  0  2
G05  24582800.182    24582805.497   129183487.32415 100662479.59315
G18  20713592.053    20713593.247   108850795.35408  84818878.67108
> 2026 02 28 12 43 00.0000000  0  2
G05  24590054.698    24590059.526   129221606.98605 100692183.19305
G18  20714538.000    20714539.209   108855766.58608  84822752.35908
> 2026 02 28 12 43 30.0000000  0  1
G18  20715589.229    20715590.447   108861290.74008  84827056.89208
> 2026 02 28 12 44 00.0000000  0  2
G05  24604875.947    24604879.317   129299498.32715 100752857.32515
G18  20716746.031    20716747.321   108867369.77608  84831793.79808
> 2026 02 28 12 44 30.0000000  0  2
G05  24612443.029    24612445.128   129339260.68505 100783840.97505
G18  20718007.584    20718008.974   108873999.61308  84836959.89708
> 2026 02 28 12 45 00.0000000  0  2
G05  24620112.921    24620116.062   129379564.75215 100815258.38215
G18  20719374.632    20719376.092   108881183.57308  84842557.78908
> 2026 02 28 12 45 30.0000000  0  2
G05  24627887.931    24627890.684   129420418.47906 100847092.47206
G18  20720846.365    20720847.791   108888917.60308  84848584.31408
> 2026 02 28 12 46 00.0000000  0  2
G05  24635765.118    24635767.788   129461814.15106 100879348.85206
G18  20722422.664    20722423.992   108897200.89308  84855038.82708
> 2026 02 28 12 46 30.0000000  0  2
G05  24643745.937    24643749.126   129503754.36906 100912029.47905
G18  20724103.918    20724105.186   108906035.89708  84861923.24908
> 2026 02 28 12 47 00.0000000  0  2
G05  24651829.417    24651833.740   129546234.71106 100945130.90406
G18  20725889.418    20725890.614   108915418.50608  84869234.38408
> 2026 02 28 12 47 30.0000000  0  2
G05  24660015.190    24660020.781   129589256.37405 100978654.17505
G18  20727779.418    20727780.706   108925350.93008  84876973.94308
> 2026 02 28 12 48 00.0000000  0  2
G05  24668303.550    24668309.572   129632812.27316 101012604.19716
G18  20729773.402    20729774.703   108935829.61008  84885139.14508
> 2026 02 28 12 48 30.0000000  0  2
G05  24676694.862    24676700.348   129676907.51406 101046964.10206
G18  20731871.267    20731872.527   108946853.54108  84893729.23608
> 2026 02 28 12 49 00.0000000  0  2
G05  24685184.107    24685189.089   129721516.26006 101081724.14406
G18  20734068.706    20734069.955   108958400.72108  84902727.06408
> 2026 02 28 12 49 30.0000000  0  2
G05  24693783.632    24693788.475   129766705.47107 101116936.48906
G18  20736378.416    20736379.740   108970538.53008  84912185.11308
> 2026 02 28 12 50 00.0000000  0  2
G05  24702479.183    24702483.589   129812398.08406 101152541.09306
G18  20738785.898    20738787.234   108983190.42308  84922043.75108
> 2026 02 28 12 50 30.0000000  0  2
G05  24711275.173    24711279.537   129858619.79006 101188557.94606
G18  20741296.216    20741297.357   108996382.15208  84932323.04008
> 2026 02 28 12 51 00.0000000  0  2
G05  24720172.750    24720177.235   129905377.10506 101224992.17906
G18  20743910.611    20743911.679   109010120.94608  84943028.61108
> 2026 02 28 12 51 30.0000000  0  2
G05  24729171.267    24729176.188   129952665.63306 101261840.28106
G18  20746628.383    20746629.497   109024402.87408  84954157.39508
> 2026 02 28 12 52 00.0000000  0  2
G05  24738269.588    24738274.974   130000480.08506 101299098.28306
G18  20749448.529    20749449.609   109039222.72908  84965705.35508
> 2026 02 28 12 52 30.0000000  0  2
G05  24747468.618    24747474.339   130048820.66706 101336766.21106
G18  20752371.116    20752372.208   109054581.24808  84977673.04608
> 2026 02 28 12 53 00.0000000  0  2
G05  24756767.115    24756772.536   130097683.55106 101374841.15306
G18  20755395.758    20755397.024   109070475.98708  84990058.57408
> 2026 02 28 12 53 30.0000000  0  2
G05  24766165.155    24766170.298   130147068.64806 101413322.97006
G18  20758522.442    20758523.863   109086906.59708  85002861.65808
> 2026 02 28 12 54 00.0000000  0  2
G05  24775662.292    24775667.181   130196974.55306 101452210.68106
G18  20761750.955    20761752.414   109103872.22108  85016081.63308
> 2026 02 28 12 54 30.0000000  0  2
G05  24785258.334    24785262.726   130247401.33506 101491504.30406
G18  20765081.366    20765082.685   109121373.43708  85029718.95708
> 2026 02 28 12 55 00.0000000  0  2
G05  24794952.711    24794957.145   130298344.70305 101531200.41705
G18  20768512.737    20768513.960   109139405.68308  85043770.06508
> 2026 02 28 12 55 30.0000000  0  2
G05  24804744.890    24804749.875   130349805.26906 101571299.47906
G18  20772045.369    20772046.580   109157970.70908  85058236.32108
> 2026 02 28 12 56 00.0000000  0  2
G05  24814634.338    24814640.009   130401779.11605 101611798.55005
G18  20775678.801    20775680.033   109177065.41008  85073115.31408
> 2026 02 28 12 56 30.0000000  0  2
G05  24824622.393    24824628.429   130454267.66406 101652698.65806
G18  20779413.486    20779414.697   109196691.34808  85088408.24608
> 2026 02 28 12 57 00.0000000  0  2
G05  24834707.467    24834713.814   130507265.17606 101693995.34606
G18  20783248.416    20783249.538   109216843.31408  85104111.07408
> 2026 02 28 12 57 30.0000000  0  2
G05  24844886.679    24844892.821   130560755.85406 101735676.29506
G18  20787180.514    20787181.523   109237505.83008  85120211.73308
> 2026 02 28 12 58 00.0000000  0  2
G05  24855166.346    24855171.737   130614774.29506 101777768.45606
G18  20791216.389    20791217.237   109258714.01408  85136737.59308
> 2026 02 28 12 58 30.0000000  0  2
G05  24865541.885    24865547.157   130669296.18107 101820252.96207
G18  20795351.416    20795352.304   109280444.02108  85153670.05608
> 2026 02 28 12 59 00.0000000  0  2
G05  24876013.545    24876018.399   130724322.47807 101863130.53607
G18  20799585.943    20799586.942   109302697.10408  85171010.11008
> 2026 02 28 12 59 30.0000000  0  2
G05  24886580.604    24886585.307   130779851.53406 101906399.87006
G18  20803919.934    20803920.937   109325472.63008  85188757.26608
> 2026 02 28 13 00 00.0000000  0  2
G05  24897242.251    24897247.348   130835880.98805 101950059.10505
G18  20808352.863    20808353.978   109348768.25308  85206909.68908
> 2026 02 28 13 00 30.0000000  0  2
G05  24907998.646    24908004.276   130892410.13905 101994107.77805
G18  20812884.888    20812886.092   109372584.18508  85225467.56108
> 2026 02 28 13 01 00.0000000  0  2
G05  24918849.692    24918855.824   130949434.65406 102038542.38606
G18  20817515.146    20817516.453   109396916.25208  85244427.60408
> 2026 02 28 13 01 30.0000000  0  2
G05  24929795.217    24929801.123   131006952.89906 102083361.77206
G18  20822243.453    20822244.879   109421763.49208  85263789.07708
> 2026 02 28 13 02 00.0000000  0  2
G05  24940835.355    24940840.977   131064966.76007 102128567.27806
G18  20827070.237    20827071.693   109447128.22108  85283553.79108
> 2026 02 28 13 02 30.0000000  0  2
G05  24951968.615    24951974.131   131123470.18707 102174154.29806
G18  20831994.384    20831995.774   109473004.76208  85303717.31208
> 2026 02 28 13 03 00.0000000  0  2
G05  24963195.456    24963200.859   131182466.22907 102220125.19507
G18  20837016.514    20837017.802   109499396.56208  85324282.35008
> 2026 02 28 13 03 30.0000000  0  2
G05  24974515.309    24974520.122   131241951.34207 102266477.12207
G18  20842136.008    20842137.432   109526300.33708  85345246.31708
> 2026 02 28 13 04 00.0000000  0  2
G05  24985926.803    24985931.858   131301919.35207 102313205.36806
G18  20847352.065    20847353.553   109553711.30708  85366605.51908
> 2026 02 28 13 04 30.0000000  0  2
G05  24997430.518    24997435.522   131362372.63307 102360311.74106
G18  20852665.296    20852666.725   109581632.26608  85388362.10908
> 2026 02 28 13 05 00.0000000  0  2
G05  25009026.363    25009030.700   131423308.41907 102407794.11606
G18  20858074.985    20858076.449   109610060.04208  85410513.61708
> 2026 02 28 13 05 30.0000000  0  2
G05  25020713.327    25020717.721   131484723.41306 102455649.95906
G18  20863580.665    20863582.242   109638992.39008  85433058.28208
> 2026 02 28 13 06 00.0000000  0  2
G05  25032491.172    25032495.802   131546616.18506 102503878.04506
G18  20869182.275    20869183.785   109668428.31408  85455995.36008
> 2026 02 28 13 06 30.0000000  0  2
G05  25044360.609    25044365.390   131608989.65006 102552480.69506
G18  20874880.332    20874881.714   109698371.35508  85479327.59308
> 2026 02 28 13 07 00.0000000  0  2
G05  25056318.753    25056324.098   131671831.68706 102601448.45806
G18  20880672.500    20880673.923   109728809.62208  85503045.71508
> 2026 02 28 13 07 30.0000000  0  2
G05  25068366.625    25068372.383   131735144.89806 102650783.32706
G18  20886559.635    20886560.997   109759746.52608  85527152.38708
> 2026 02 28 13 08 00.0000000  0  2
G05  25080504.516    25080510.173   131798928.31507 102700484.69007
G18  20892541.574    20892542.819   109791181.49708  85551647.16108
> 2026 02 28 13 08 30.0000000  0  2
G05  25092731.583    25092736.697   131863179.74607 102750550.71307
G18  20898617.859    20898619.097   109823112.51708  85576528.47108
> 2026 02 28 13 09 00.0000000  0  2
G05  25105046.376    25105050.857   131927894.06007 102800977.44006
G18  20904787.625    20904788.909   109855535.15608  85601792.85608
> 2026 02 28 13 09 30.0000000  0  2
G05  25117449.568    25117454.350   131993074.17906 102851767.11806
G18  20911051.619    20911053.021   109888453.38308  85627443.41608
> 2026 02 28 13 10 00.0000000  0  2
G05  25129940.209    25129945.847   132058715.46106 102902916.12706
G18  20917409.059    20917410.642   109921862.45808  85653476.43708
> 2026 02 28 13 10 30.0000000  0  2
G05  25142518.604    25142524.429   132124815.53206 102954422.68006
G18  20923859.728    20923861.300   109955760.57208  85679890.53108
> 2026 02 28 13 11 00.0000000  0  2
G05  25155184.347    25155190.152   132191372.86206 103006285.50506
G18  20930403.401    20930404.801   109990146.86508  85706685.03208
> 2026 02 28 13 11 30.0000000  0  2
G05  25167936.751    25167942.578   132258385.14007 103058502.86806
G18  20937039.496    20937040.768   110025019.32908  85733858.34908
> 2026 02 28 13 12 00.0000000  0  2
G05  25180775.543    25180781.512   132325852.54606 103111074.82906
G18  20943768.343    20943769.471   110060379.16808  85761411.45108
> 2026 02 28 13 12 30.0000000  0  2
G05  25193699.591    25193705.485   132393768.84906 103163996.57306
G18  20950588.696    20950589.800   110096220.24308  85789339.53708
> 2026 02 28 13 13 00.0000000  0  2
G05  25206708.832    25206714.627   132462133.52006 103217267.67906
G18  20957500.385    20957501.599   110132542.16008  85817642.29608
> 2026 02 28 13 13 30.0000000  0  2
G05  25219803.108    25219808.734   132530945.06106 103270887.07606
G18  20964503.462    20964504.806   110169344.25908  85846319.23808
> 2026 02 28 13 14 00.0000000  0  2
G05  25232981.579    25232987.350   132600200.47106 103324852.31906
G18  20971597.732    20971599.172   110206624.93808  85875369.08808
> 2026 02 28 13 14 30.0000000  0  2
G05  25246244.791    25246250.720   132669899.53006 103379163.26806
G18  20978783.073    20978784.469   110244383.71808  85904791.48308
> 2026 02 28 13 15 00.0000000  0  2
G05  25259590.960    25259596.996   132740033.25606 103433812.92006
G18  20986057.717    20986059.065   110282611.58408  85934579.40608
> 2026 02 28 13 15 30.0000000  0  2
G05  25273020.603    25273026.370   132810605.64906 103488804.42206
G18  20993422.503    20993423.923   110321313.65208  85964736.83408
> 2026 02 28 13 16 00.0000000  0  2
G05  25286532.596    25286538.425   132881612.51306 103544134.44906
G18  21000876.859    21000878.262   110360486.44708  85995261.05608
> 2026 02 28 13 16 30.0000000  0  2
G05  25300127.398    25300133.285   132953054.17206 103599803.25806
G18  21008421.076    21008422.379   110400131.12508  86026152.99508
> 2026 02 28 13 17 00.0000000  0  2
G05  25313803.988    25313809.849   133024924.63907 103655806.25507
G18  21016053.913    21016055.136   110440241.54108  86057407.84608
> 2026 02 28 13 17 30.0000000  0  2
G05  25327562.195    25327568.024   133097223.46106 103712143.02106
G18  21023775.317    21023776.526   110480817.89508  86089025.75308
> 2026 02 28 13 18 00.0000000  0  2
G05  25341401.264    25341407.042   133169948.39106 103768811.80206
G18  21031585.093    21031586.242   110521858.27808  86121005.24908
> 2026 02 28 13 18 30.0000000  0  2
G05  25355320.464    25355326.200   133243095.21606 103825809.27706
G18  21039482.589    21039483.574   110563359.34908  86153343.73608
> 2026 02 28 13 19 00.0000000  0  2
G05  25369319.778    25369325.475   133316662.69606 103883134.54606
G18  21047467.583    21047468.433   110605320.39208  86186040.63107
> 2026 02 28 13 19 30.0000000  0  2
G05  25383398.679    25383403.860   133390648.08306 103940785.50706
G18  21055539.589    21055540.497   110647739.24108  86219094.26008
> 2026 02 28 13 20 00.0000000  0  2
G05  25397557.139    25397562.488   133465051.67506 103998762.32806
G18  21063698.765    21063699.855   110690616.43308  86252505.03608
> 2026 02 28 13 20 30.0000000  0  2
G05  25411794.683    25411800.043   133539868.45406 104057061.08406
G18  21071944.367    21071945.543   110733947.48808  86286269.47708
> 2026 02 28 13 21 00.0000000  0  2
G05  25426110.151    25426115.115   133615095.77406 104115679.76906
G18  21080275.946    21080277.265   110777730.44608  86320386.06508
> 2026 02 28 13 21 30.0000000  0  2
G05  25440503.316    25440508.581   133690733.57806 104174618.34706
G18  21088693.503    21088694.972   110821965.54308  86354854.94808
> 2026 02 28 13 22 00.0000000  0  2
G05  25454973.891    25454979.610   133766778.21005 104233873.91205
G18  21097196.711    21097198.166   110866649.80008  86389673.82408
> 2026 02 28 13 22 30.0000000  0  2
G05  25469521.596    25469527.012
G18  21105784.796    21105786.190   110911779.67908  86424839.95608
> 2026 02 28 13 23 00.0000000  0  1
G18  21114457.649    21114459.107   110957355.46308  86460353.53108
> 2026 02 28 13 23 30.0000000  0  1
G18  21123214.681    21123216.162   111003373.76808  86496211.93107
> 2026 02 28 13 24 00.0000000  0  1
G18  21132056.089    21132057.532   111049835.73508  86532416.03708
> 2026 02 28 13 24 30.0000000  0  1
G18  21140980.838    21140982.262   111096736.00608  86568961.68307
> 2026 02 28 13 25 00.0000000  0  1
G18  21149988.609    21149989.984   111144072.38308  86605847.14808
> 2026 02 28 13 25 30.0000000  0  1
G18  21159079.327    21159080.676   111191844.75708  86643072.34307
> 2026 02 28 13 26 00.0000000  0  1
G18  21168252.460    21168253.700   111240049.53308  86680634.47807
> 2026 02 28 13 26 30.0000000  0  1
G18  21177507.872    21177509.069   111288686.57008  86718533.44107
> 2026 02 28 13 27 00.0000000  0  1
G18  21186844.907    21186846.093   111337752.67808  86756766.74707
> 2026 02 28 13 27 30.0000000  0  1
G18  21196263.208    21196264.458   111387246.29208  86795333.15607
> 2026 02 28 13 28 00.0000000  0  1
G18  21205762.531    21205763.860   111437165.63308  86834231.31907
> 2026 02 28 13 28 30.0000000  0  1
G18  21215342.848    21215344.271   111487510.58308  86873461.12507
> 2026 02 28 13 29 00.0000000  0  1
G18  21225002.878    21225004.316   111538274.36808  86913017.29708
> 2026 02 28 13 29 30.0000000  0  1
G18  21234743.026    21234744.507   111589459.15008  86952901.51608
> 2026 02 28 13 30 00.0000000  0  1
G18  21244562.360    21244563.891   111641060.05108  86993109.98007
> 2026 02 28 13 30 30.0000000  0  1
G18  21254460.461    21254462.011   111693075.09108  87033641.17007
> 2026 02 28 13 31 00.0000000  0  1
G18  21264437.418    21264438.901   111745504.14708  87074494.96007
> 2026 02 28 13 31 30.0000000  0  1
G18  21274492.657    21274494.123   111798344.71908  87115669.41507
> 2026 02 28 13 32 00.0000000  0  1
G18  21284626.313    21284627.794   111851597.23608  87157164.86507
> 2026 02 28 13 32 30.0000000  0  1
G18  21294837.515    21294839.036   111905257.13008  87198977.75407
> 2026 02 28 13 33 00.0000000  0  1
G18  21305125.269    21305126.830   111959319.13308  87241103.97308
> 2026 02 28 13 33 30.0000000  0  1
G18  21315489.527    21315491.177   112013783.34708  87283543.59908
> 2026 02 28 13 34 00.0000000  0  1
G18  21325930.925    21325932.544   112068653.11408  87326299.22908
> 2026 02 28 13 34 30.0000000  0  1
G18  21336447.788    21336449.412   112123920.12408  87369364.40107
> 2026 02 28 13 35 00.0000000  0  1
G18  21347040.085    21347041.562   112179582.76908  87412737.87207
> 2026 02 28 13 35 30.0000000  0  1
G18  21357707.528    21357708.864   112235640.06408  87456418.85407
> 2026 02 28 13 36 00.0000000  0  1
G18  21368449.532    21368450.789   112292089.49308  87500405.38907
> 2026 02 28 13 36 30.0000000  0  1
G18  21379265.913    21379267.263   112348930.23108  87544696.84307
> 2026 02 28 13 37 00.0000000  0  1
G18  21390156.076    21390157.552   112406158.68008  87589290.40007
> 2026 02 28 13 37 30.0000000  0  1
G18  21401120.072    21401121.538   112463774.85508  87634186.09107
> 2026 02 28 13 38 00.0000000  0  1
G18  21412157.054    21412158.366   112521774.20608  87679380.35707
> 2026 02 28 13 38 30.0000000  0  1
G18  21423266.790    21423267.969   112580155.68108  87724872.38607
> 2026 02 28 13 39 00.0000000  0  1
G18  21434448.616    21434449.831   112638916.58808  87770660.08007
> 2026 02 28 13 39 30.0000000  0  1
G18  21445701.307    21445702.692   112698050.51608  87816738.42007
> 2026 02 28 13 40 00.0000000  0  1
G18  21457026.584    21457027.985   112757564.72908  87863113.09907
> 2026 02 28 13 40 30.0000000  0  1
G18  21468423.052    21468424.321   112817452.53908  87909778.90607
> 2026 02 28 13 41 00.0000000  0  1
G18  21479890.238    21479891.454   112877712.37708  87956734.59607
> 2026 02 28 13 41 30.0000000  0  1
G18  21491427.300    21491428.631   112938340.12108  88003976.96507
> 2026 02 28 13 42 00.0000000  0  1
G18  21503034.270    21503035.730   112999335.49508  88051505.79707
> 2026 02 28 13 42 30.0000000  0  1
G18  21514712.396    21514713.958   113060704.80608  88099326.00807
> 2026 02 28 13 43 00.0000000  0  1
G18  21526458.141    21526459.688   113122428.85308  88147422.62907
> 2026 02 28 13 43 30.0000000  0  1
G18  21538272.418    21538273.819   113184512.79708  88195799.69907
> 2026 02 28 13 44 00.0000000  0  1
G18  21550155.162    21550156.393   113246956.39408  88244457.01807
> 2026 02 28 13 44 30.0000000  0  1
G18  21562105.485    21562106.728   113309755.55108  88293391.38207
> 2026 02 28 13 45 00.0000000  0  1
G18  21574123.016    21574124.291   113372907.99908  88342601.05607
> 2026 02 28 13 45 30.0000000  0  1
G18  21586207.475    21586208.812   113436412.40508  88392084.96707
> 2026 02 28 13 46 00.0000000  0  1
G18  21598358.315    21598359.710   113500265.96708  88441840.95507
> 2026 02 28 13 46 30.0000000  0  1
G18  21610575.548    21610577.069   113564468.28808  88491868.69607
> 2026 02 28 13 47 00.0000000  0  1
G18  21622858.912    21622860.341   113629017.34408  88542166.63507
> 2026 02 28 13 47 30.0000000  0  1
G18  21635207.369    21635208.734   113693908.56708  88592731.18607
> 2026 02 28 13 48 00.0000000  0  1
G18  21647620.488    21647621.859   113759139.78308  88643560.66507
> 2026 02 28 13 48 30.0000000  0  1
G18  21660097.958    21660099.453   113824709.75908  88694654.10207
> 2026 02 28 13 49 00.0000000  0  1
G18  21672639.671    21672641.249   113890617.32708  88746010.60707
> 2026 02 28 13 49 30.0000000  0  1
G18  21685244.684    21685246.285   113956856.85608  88797625.77207
> 2026 02 28 13 50 00.0000000  0  1
G18  21697913.098    21697914.600   114023429.02508  88849500.15907
> 2026 02 28 13 50 30.0000000  0  1
G18  21710644.201    21710645.698   114090331.02608  88901631.54207
> 2026 02 28 13 51 00.0000000  0  1
G18  21723433.538    21723435.140   114157539.41608  88954001.66907
> 2026 02 28 13 51 30.0000000  0  1
G18  21736290.500    21736292.092   114225102.69308  89006648.33407
> 2026 02 28 13 52 00.0000000  0  1
G18  21749208.133    21749209.644   114292984.68008  89059543.34907
> 2026 02 28 13 52 30.0000000  0  1
G18  21762186.503    21762188.019   114361186.11008  89112687.26707
> 2026 02 28 13 53 00.0000000  0  1
G18  21775225.902    21775227.431   114429708.16708  89166081.02807
> 2026 02 28 13 53 30.0000000  0  1
G18  21788325.476    21788327.053   114498546.73908  89219721.41607
> 2026 02 28 13 54 00.0000000  0  1
G18  21801484.847    21801486.508   114567699.30308  89273606.48507
> 2026 02 28 13 54 30.0000000  0  1
G18  21814704.124    21814705.826   114637166.93608  89327737.05907
> 2026 02 28 13 55 00.0000000  0  1
G18  21827981.639    21827983.397   114706941.02708  89382106.43707
> 2026 02 28 13 55 30.0000000  0  1
G18  21841318.247    21841319.975   114777025.27608  89436717.49507
> 2026 02 28 13 56 00.0000000  0  1
G18  21854710.952    21854712.766   114847404.40108  89491558.33407
> 2026 02 28 13 56 30.0000000  0  1
G18  21868163.247    21868165.177   114918097.22808  89546643.61607
> 2026 02 28 13 57 00.0000000  0  1
G18  21881672.215    21881674.225   114989087.53708  89601960.70307
> 2026 02 28 13 57 30.0000000  0  1
G18  21895238.549    21895240.583   115060379.25508  89657512.65307
> 2026 02 28 13 58 00.0000000  0  1
G18  21908861.172    21908863.239   115131966.70608  89713295.04107
> 2026 02 28 13 58 30.0000000  0  1
G18  21922540.188    21922542.087   115203849.99308  89769307.95607
> 2026 02 28 13 59 00.0000000  0  1
G18  21936274.997    21936276.690   115276026.52908  89825549.38107
> 2026 02 28 13 59 30.0000000  0  1
G18  21950065.221    21950066.738   115348494.32808  89882017.76407
> 2026 02 28 14 00 00.0000000  0  1
G18  21963910.226    21963911.677   115421249.67808  89938710.20007
> 2026 02 28 14 00 30.0000000  0  1
G18  21977809.286    21977810.718   115494289.04208  89995623.94107
> 2026 02 28 14 01 00.0000000  0  1
G18  21991762.647    21991763.941   115567613.57408  90052759.90107
> 2026 02 28 14 01 30.0000000  0  1
G18  22005769.692    22005770.869   115641220.75608  90110116.09307
> 2026 02 28 14 02 00.0000000  0  1
G18  22019829.419    22019830.770   115715105.43408  90167688.52107
> 2026 02 28 14 02 30.0000000  0  1
G18  22033942.018    22033943.528   115789268.04908  90225477.52907
> 2026 02 28 14 03 00.0000000  0  1
G18  22048107.160    22048108.802   115863706.97208  90283481.82507
> 2026 02 28 14 03 30.0000000  0  1
G18  22062324.210    22062326.120   115938418.71108  90341698.69507
> 2026 02 28 14 04 00.0000000  0  1
G18  22076592.951    22076594.910   116013400.76208  90400126.22507
> 2026 02 28 14 04 30.0000000  0  1
G18  22090912.400    22090914.351   116088649.12708  90458761.26407
> 2026 02 28 14 05 00.0000000  0  1
G18  22105283.148    22105285.194   116164167.71208  90517606.84607
> 2026 02 28 14 05 30.0000000  0  1
G18  22119703.727    22119705.841   116239948.40608  90576656.69107
> 2026 02 28 14 06 00.0000000  0  1
G18  22134174.234    22134176.365   116315991.44408  90635910.93507
> 2026 02 28 14 06 30.0000000  0  1
G18  22148694.120    22148696.010   116392293.45608  90695367.00107
> 2026 02 28 14 07 00.0000000  0  1
G18  22163263.537    22163265.214   116468855.50808  90755025.69007
> 2026 02 28 14 07 30.0000000  0  1
G18  22177881.427    22177882.999   116545672.09508  90814882.70807
> 2026 02 28 14 08 00.0000000  0  1
G18  22192547.226    22192548.872   116622741.02508  90874936.36907
> 2026 02 28 14 08 30.0000000  0  1
G18  22207261.018    22207262.785   116700062.23308  90935186.61007
> 2026 02 28 14 09 00.0000000  0  1
G18  22222022.025    22222023.901   116777631.73008  90995630.31907
> 2026 02 28 14 09 30.0000000  0  1
G18  22236830.391    22236832.395   116855450.23208  91056268.05407
> 2026 02 28 14 10 00.0000000  0  1
G18  22251685.369    22251687.372   116933513.40008  91117096.44207
> 2026 02 28 14 10 30.0000000  0  1
G18  22266586.238    22266588.382   117011817.93808  91178112.91607
> 2026 02 28 14 11 00.0000000  0  1
G18  22281532.608    22281534.820   117090361.67308  91239315.76807
> 2026 02 28 14 11 30.0000000  0  1
G18  22296524.863    22296527.063   117169146.17608  91300706.22207
> 2026 02 28 14 12 00.0000000  0  1
G18  22311561.679    22311563.812   117248164.53208  91362278.92007
> 2026 02 28 14 12 30.0000000  0  1
G18  22326643.516    22326645.803   117327420.32008  91424036.61107
> 2026 02 28 14 13 00.0000000  0  1
G18  22341769.009    22341771.377   117406905.64208  91485973.15307
> 2026 02 28 14 13 30.0000000  0  1
G18  22356938.494    22356940.673   117486621.05008  91548089.00607
> 2026 02 28 14 14 00.0000000  0  1
G18  22372151.433    22372153.420   117566565.32808  91610383.20207
> 2026 02 28 14 14 30.0000000  0  1
G18  22387407.338    22387409.326   117646735.31608  91672853.27407
> 2026 02 28 14 15 00.0000000  0  1
G18  22402705.739    22402707.883   117727129.04908  91735497.68407
> 2026 02 28 14 15 30.0000000  0  1
G18  22418045.869    22418048.008   117807741.70008  91798312.68507
> 2026 02 28 14 16 00.0000000  0  1
G18  22433428.084    22433430.288   117888575.60208  91861300.07607
> 2026 02 28 14 16 30.0000000  0  1
G18  22448851.817    22448854.136   117969627.49908  91924457.36107
> 2026 02 28 14 17 00.0000000  0  1
G18  22464316.751    22464319.212   118050896.55108  91987783.83007
> 2026 02 28 14 17 30.0000000  0  1
G18  22479822.298    22479824.770   118132378.64208  92051276.31907
> 2026 02 28 14 18 00.0000000  0  1
G18  22495367.343    22495369.719   118214068.17608  92114930.44107
> 2026 02 28 14 18 30.0000000  0  1
G18  22510952.817    22510955.191   118295970.44808  92178750.35507
> 2026 02 28 14 19 00.0000000  0  1
G18  22526577.341    22526579.624   118378077.63108  92242729.93107
> 2026 02 28 14 19 30.0000000  0  1
G18  22542240.687    22542243.107   118460389.07308  92306868.65507
> 2026 02 28 14 20 00.0000000  0  1
G18  22557942.827    22557945.359   118542904.40708  92371166.27207
> 2026 02 28 14 20 30.0000000  0  1
G18  22573682.943    22573685.504   118625618.86008  92435619.03007
> 2026 02 28 14 21 00.0000000  0  1
G18  22589461.005    22589463.650   118708532.88408  92500227.29707
> 2026 02 28 14 21 30.0000000  0  1
G18  22605276.549    22605279.111   118791643.56708  92564988.81207
> 2026 02 28 14 22 00.0000000  0  1
G18  22621129.481    22621132.061   118874951.05208  92629903.67307
> 2026 02 28 14 22 30.0000000  0  1
G18  22637018.700    22637021.201   118958448.84108  92694966.82207
> 2026 02 28 14 23 00.0000000  0  1
G18  22652944.343    22652946.837   119042138.22208  92760179.27407
> 2026 02 28 14 23 30.0000000  0  1
G18  22668905.698    22668908.051   119126014.92908  92825537.69707
> 2026 02 28 14 24 00.0000000  0  1
G18  22684902.792    22684905.051   119210080.28208  92891043.09307
> 2026 02 28 14 24 30.0000000  0  1
G18  22700934.676    22700936.953   119294328.55808  92956691.04407
> 2026 02 28 14 25 00.0000000  0  1
G18  22717001.571    22717003.922   119378760.03508  93022481.75507
> 2026 02 28 14 25 30.0000000  0  1
G18  22733102.370    22733104.868   119463369.90008  93088411.44107
> 2026 02 28 14 26 00.0000000  0  1
G18  22749237.506    22749240.043   119548160.66208  93154482.08607
> 2026 02 28 14 26 30.0000000  0  1
G18  22765406.376    22765408.937   119633128.69608  93220690.88007
> 2026 02 28 14 27 00.0000000  0  1
G18  22781608.154    22781610.878   119718269.64408  93287034.39907
> 2026 02 28 14 27 30.0000000  0  1
G18  22797842.952    22797845.675   119803583.76008  93353512.87107
> 2026 02 28 14 28 00.0000000  0  1
G18  22814110.107    22814112.807   119889067.95708  93420123.85007
> 2026 02 28 14 28 30.0000000  0  1
G18  22830409.550    22830412.245   119974721.74508  93486866.97707
> 2026 02 28 14 29 00.0000000  0  1
G18  22846740.547    22846743.116   120060541.20908  93553739.21807
> 2026 02 28 14 29 30.0000000  0  1
G18  22863103.271    22863105.765   120146527.76008  93620741.66307
> 2026 02 28 14 30 00.0000000  0  1
G18  22879496.776    22879499.088   120232675.32008  93687869.57207
> 2026 02 28 14 30 30.0000000  0  1
G18  22895920.548    22895922.968   120318982.67708  93755121.97907
> 2026 02 28 14 31 00.0000000  0  1
G18  22912374.817    22912377.230   120405450.06008  93822499.07407
> 2026 02 28 14 31 30.0000000  0  1
G18  22928859.117    22928861.441   120492074.78508  93889998.79007
> 2026 02 28 14 32 00.0000000  0  1
G18  22945372.991    22945375.350   120578855.54708  93957620.09407
> 2026 02 28 14 32 30.0000000  0  1
G18  22961916.054    22961918.596   120665790.65507  94025361.64907
> 2026 02 28 14 33 00.0000000  0  1
G18  22978487.636    22978490.250   120752875.42508  94093219.81507
> 2026 02 28 14 33 30.0000000  0  1
G18  22995087.814    22995090.629   120840109.92808  94161194.66607
> 2026 02 28 14 34 00.0000000  0  1
G18  23011716.118    23011719.020   120927491.93008  94229284.45207
> 2026 02 28 14 34 30.0000000  0  1
G18  23028372.098    23028374.875   121015018.72208  94297487.07507
> 2026 02 28 14 35 00.0000000  0  1
G18  23045055.415    23045058.267   121102689.66408  94365801.99607
> 2026 02 28 14 35 30.0000000  0  1
G18  23061765.818    23061768.718   121190502.84808  94434227.76307
> 2026 02 28 14 36 00.0000000  0  1
G18  23078503.322    23078506.249   121278458.22008  94502764.33107
> 2026 02 28 14 36 30.0000000  0  1
G18  23095272.649    23095275.608   121366580.91208  94571431.26907
> 2026 02 28 14 37 00.0000000  0  1
G18  23112061.643    23112064.585   121454807.04407  94640178.80407
> 2026 02 28 14 37 30.0000000  0  1
G18  23128876.689    23128879.572   121543170.30207  94709033.19007
> 2026 02 28 14 38 00.0000000  0  1
G18  23145717.196    23145720.118   121631667.47907  94777991.92207
> 2026 02 28 14 38 30.0000000  0  1
G18  23162582.622    23162585.678   121720295.81507  94847052.84907
> 2026 02 28 14 39 00.0000000  0  1
G18  23179472.603    23179475.660   121809053.16207  94916214.31007
> 2026 02 28 14 39 30.0000000  0  1
G18  23196386.690    23196389.602   121897936.67908  94985474.09407
> 2026 02 28 14 40 00.0000000  0  1
G18  23213324.727    23213327.640   121986946.41108  95054832.23007
> 2026 02 28 14 40 30.0000000  0  1
G18  23230285.943    23230288.769   122076078.03608  95124285.33507
> 2026 02 28 14 41 00.0000000  0  1
G18  23247270.781    23247273.431   122165333.30207  95193834.79507
> 2026 02 28 14 41 30.0000000  0  1
G18  23264278.787    23264281.503   122254710.19908  95263479.05107
> 2026 02 28 14 42 00.0000000  0  1
G18  23281309.081    23281311.901   122344204.37908  95333214.65907
> 2026 02 28 14 42 30.0000000  0  1
G18  23298361.589    23298364.607   122433816.10407  95403041.88407
> 2026 02 28 14 43 00.0000000  0  1
G18  23315435.705    23315439.024   122523541.80307  95472957.89207
> 2026 02 28 14 43 30.0000000  0  1
G18  23332531.508    23332534.681   122613380.64007  95542962.07606
> 2026 02 28 14 44 00.0000000  0  1
G18  23349648.599    23349651.453   122703330.38207  95613052.69406
> 2026 02 28 14 44 30.0000000  0  1
G18  23366781.351    23366784.273   122793362.96507  95683207.87007
> 2026 02 28 14 45 00.0000000  0  1
G18  23383940.525    23383943.398   122883533.77207  95753470.73406
> 2026 02 28 14 45 30.0000000  0  1
G18  23401119.687    23401122.411   122973809.97407  95823815.74006
> 2026 02 28 14 46 00.0000000  0  1
G18  23418318.003    23418320.867   123064187.42207  95894239.62807
> 2026 02 28 14 46 30.0000000  0  1
G18  23435536.725    23435539.991   123154672.75407  95964747.55707
> 2026 02 28 14 47 00.0000000  0  1
G18  23452774.589    23452777.914   123245257.52707  96035333.02006
> 2026 02 28 14 47 30.0000000  0  1
G18  23470032.564    23470035.786   123335948.06707  96106000.89406
> 2026 02 28 14 48 00.0000000  0  1
G18  23487306.933    23487310.062   123426725.13807  96176736.18706
> 2026 02 28 14 48 30.0000000  0  1
G18  23504599.538    23504602.757   123517598.98307  96247546.89607
> 2026 02 28 14 49 00.0000000  0  1
G18  23521910.946    23521914.558   123608572.14007  96318434.97307
> 2026 02 28 14 49 30.0000000  0  1
G18  23539239.416    23539243.488   123699634.57507  96389392.61107
> 2026 02 28 14 50 00.0000000  0  1
G18  23556585.725    23556590.039   123790790.21407  96460422.89007
> 2026 02 28 14 50 30.0000000  0  1
G18  23573948.966    23573953.181   123882034.12707  96531521.95007
> 2026 02 28 14 51 00.0000000  0  1
G18  23591328.912    23591332.795   123973365.09807  96602688.85807
> 2026 02 28 14 51 30.0000000  0  1
G18  23608725.644    23608729.409   124064785.03607  96673925.08307
> 2026 02 28 14 52 00.0000000  0  1
G18  23626138.061    23626141.753   124156287.54207  96745225.64006
> 2026 02 28 14 52 30.0000000  0  1
G18  23643566.563    23643570.272   124247874.03107  96816591.64207
> 2026 02 28 14 53 00.0000000  0  1
G18  23661010.670    23661014.383   124339541.99507  96888021.12107
> 2026 02 28 14 53 30.0000000  0  1
G18  23678469.928    23678473.506   124431290.02007  96959512.98806
> 2026 02 28 14 54 00.0000000  0  1
G18  23695944.060    23695947.311   124523116.26607  97031065.82906
> 2026 02 28 14 54 30.0000000  0  1
G18  23713432.668    23713435.697   124615018.57607  97102677.91506
> 2026 02 28 14 55 00.0000000  0  1
G18  23730935.746    23730938.671   124706997.37007  97174349.60706
> 2026 02 28 14 55 30.0000000  0  1
G18  23748452.767    23748455.743   124799050.07807  97246078.88906
> 2026 02 28 14 56 00.0000000  0  1
G18  23765982.931    23765986.148   124891171.66707  97317861.87706
> 2026 02 28 14 56 30.0000000  0  1
G18  23783526.896    23783530.212   124983365.18207  97389700.87606
> 2026 02 28 14 57 00.0000000  0  1
G18  23801084.160    23801087.636   125075628.85907  97461594.53606
> 2026 02 28 14 57 30.0000000  0  1
G18  23818654.277    23818657.883   125167960.02007  97533540.79006
> 2026 02 28 14 58 00.0000000  0  1
G18  23836238.814    23836242.445   125260367.53907  97605546.54706
> 2026 02 28 14 58 30.0000000  0  1
G18  23853831.152    23853835.070   125352815.79307  97677584.04606
> 2026 02 28 14 59 00.0000000  0  1
G18  23871438.166    23871442.098   125445340.98307  97749681.49206
> 2026 02 28 14 59 30.0000000  0  1
G18  23889056.207    23889060.248   125537924.27607  97821824.21106
> 2026 02 28 15 00 00.0000000  0  1
G18  23906686.117    23906690.306   125630570.08507  97894015.63706
> 2026 02 28 15 00 30.0000000  0  1
G18  23924328.956    23924333.264   125723283.14307  97966259.45406
> 2026 02 28 15 01 00.0000000  0  1
G18  23941979.151    23941983.373   125816034.31807  98038533.00306
> 2026 02 28 15 01 30.0000000  0  1
G18  23959641.738    23959646.012   125908851.32507  98110857.84906
> 2026 02 28 15 02 00.0000000  0  1
G18  23977314.831    23977318.977   126001723.64007  98183225.77906
> 2026 02 28 15 02 30.0000000  0  1
G18  23994999.384    23995003.204   126094656.48007  98255640.87506
> 2026 02 28 15 03 00.0000000  0  1
G18  24012691.606    24012695.414   126187629.48407  98328087.28206
> 2026 02 28 15 03 30.0000000  0  1
G18  24030393.392    24030397.539   126280652.57407  98400572.68606
> 2026 02 28 15 04 00.0000000  0  1
G18  24048104.549    24048108.745   126373725.01407  98473096.55006
> 2026 02 28 15 04 30.0000000  0  1
G18  24065824.837    24065828.854   126466844.93007  98545657.42206
> 2026 02 28 15 05 00.0000000  0  1
G18  24083554.143    24083558.120   126560012.12407  98618255.15306
> 2026 02 28 15 05 30.0000000  0  1
G18  24101291.657    24101295.484   126653222.22107  98690886.30706
> 2026 02 28 15 06 00.0000000  0  1
G18  24119037.575    24119041.361   126746478.09906  98763553.08706
> 2026 02 28 15 06 30.0000000  0  1
G18  24136790.843    24136794.982   126839772.84406  98836250.18906
> 2026 02 28 15 07 00.0000000  0  1
G18  24154552.213    24154556.161   126933108.39706  98908979.08606
> 2026 02 28 15 07 30.0000000  0  1
G18  24172320.624    24172324.633   127026481.36206  98981737.13106
> 2026 02 28 15 08 00.0000000  0  1
G18  24190095.799    24190099.783   127119888.87306  99054522.10706
> 2026 02 28 15 08 30.0000000  0  1
G18  24207877.752    24207881.953   127213333.42006  99127335.92806
> 2026 02 28 15 09 00.0000000  0  1
G18  24225666.782    24225671.366   127306816.49406  99200179.72805
> 2026 02 28 15 09 30.0000000  0  1
G18  24243461.810    24243466.910   127400331.40706  99273048.38906
> 2026 02 28 15 10 00.0000000  0  1
G18  24261263.237    24261268.392   127493877.58806  99345941.37006
> 2026 02 28 15 10 30.0000000  0  1
G18  24279070.686    24279075.328   127587453.97906  99418857.97006
> 2026 02 28 15 11 00.0000000  0  1
G18  24296886.560    24296890.824   127681075.16106  99491809.39706
> 2026 02 28 15 11 30.0000000  0  1
G18  24314704.942    24314709.372   127774711.25206  99564772.45506
> 2026 02 28 15 12 00.0000000  0  1
G18  24332528.493    24332532.799   127868374.41606  99637756.64606
> 2026 02 28 15 12 30.0000000  0  1
G18  24350357.258    24350361.690   127962064.58406  99710761.86106
> 2026 02 28 15 13 00.0000000  0  1
G18  24368190.220    24368194.925   128055776.91506  99783784.34306
> 2026 02 28 15 13 30.0000000  0  1
G18  24386027.912    24386032.146   128149514.13406  99856826.22905
> 2026 02 28 15 14 00.0000000  0  1
G18  24403869.566    24403873.596   128243272.58406  99929884.69405
> 2026 02 28 15 14 30.0000000  0  1
G18  24421715.202    24421719.353   128337051.83606 100002959.36506
> 2026 02 28 15 15 00.0000000  0  1
G18  24439564.216    24439568.631   128430849.90006 100076048.65405
> 2026 02 28 15 15 30.0000000  0  1
G18  24457416.905    24457421.432   128524665.82206 100149151.88606
> 2026 02 28 15 16 00.0000000  0  1
G18  24475272.600    24475276.991   128618497.81106 100222267.59805
> 2026 02 28 15 16 30.0000000  0  1
G18  24493131.593    24493136.138   128712346.60106 100295396.43506
> 2026 02 28 15 17 00.0000000  0  1
G18  24510993.348    24510997.831   128806210.87906 100368537.32005
> 2026 02 28 15 17 30.0000000  0  1
G18  24528858.109    24528862.739   128900090.45406 100441690.14905
> 2026 02 28 15 18 00.0000000  0  1
G18  24546725.417    24546729.996   128993982.82306 100514852.82105
> 2026 02 28 15 18 30.0000000  0  1
G18  24564592.140    24564596.420   129087871.75106 100588012.94406
> 2026 02 28 15 19 00.0000000  0  1
G18  24582463.106    24582466.971   129181782.62106 100661190.15005
> 2026 02 28 15 19 30.0000000  0  1
G18  24600335.344    24600339.197   129275701.29706 100734373.44904
> 2026 02 28 15 20 00.0000000  0  1
G18  24618209.052    24618212.894   129369628.68306 100807563.48605
> 2026 02 28 15 20 30.0000000  0  1
G18  24636084.053    24636087.792   129463561.12206 100880757.51705
> 2026 02 28 15 21 00.0000000  0  1
G18  24653959.869    24653963.879   129557498.76906 100953955.59005
> 2026 02 28 15 21 30.0000000  0  1
G18  24671836.855    24671840.663   129651441.64506 101027157.73705
> 2026 02 28 15 22 00.0000000  0  1
G18  24689714.498    24689718.190   129745387.90306 101100362.48405
> 2026 02 28 15 22 30.0000000  0  1
G18  24707589.817    24707593.497   129839324.22106 101173559.57905
> 2026 02 28 15 23 00.0000000  0  1
G18  24725468.127    24725472.054   129933277.04506 101246769.45205
> 2026 02 28 15 23 30.0000000  0  1
G18  24743346.280    24743350.372   130027226.74506 101319976.82905
> 2026 02 28 15 24 00.0000000  0  1
G18  24761224.583    24761228.391   130121176.36806 101393184.23405
> 2026 02 28 15 24 30.0000000  0  1
G18  24779101.343    24779105.482   130215119.19006 101466386.35305
> 2026 02 28 15 25 00.0000000  0  1
G18  24796978.104    24796982.136   130309062.41206 101539588.75005
> 2026 02 28 15 25 30.0000000  0  1
G18  24814853.551    24814857.891   130403000.09305 101612786.84605
> 2026 02 28 15 26 00.0000000  0  1
G18  24832728.737    24832733.073   130496932.80006 101685981.06705
> 2026 02 28 15 26 30.0000000  0  1
G18  24850602.712    24850607.179   130590861.88605 101759172.49005
> 2026 02 28 15 27 00.0000000  0  1
G18  24868474.447    24868478.931   130684778.94106 101832354.49906
> 2026 02 28 15 27 30.0000000  0  1
G18  24886344.968    24886349.421   130778688.98006 101905531.18705
> 2026 02 28 15 28 00.0000000  0  1
G18  24904213.158    24904218.493   130872590.40806 101978701.05405
> 2026 02 28 15 28 30.0000000  0  1
G18  24922079.619    24922085.334   130966480.80906 102051862.36106
> 2026 02 28 15 29 00.0000000  0  1
G18  24939945.295    24939950.606   131060362.53206 102125016.87706
> 2026 02 28 15 29 30.0000000  0  1
G18  24957808.053    24957812.861   131154228.65206 102198159.27705
> 2026 02 28 15 30 00.0000000  0  1
G18  24975668.639    24975672.936   131248083.32706 102271292.82405
> 2026 02 28 15 30 30.0000000  0  1
G18  24993525.004    24993529.054   131341916.94306 102344409.89605
> 2026 02 28 15 31 00.0000000  0  1
G18  25011378.614    25011383.145   131435738.64106 102417517.69004
> 2026 02 28 15 31 30.0000000  0  1
G18  25029229.122    25029234.052   131529545.79606 102490614.04705
> 2026 02 28 15 32 00.0000000  0  1
G18  25047076.203    25047081.578   131623335.58806 102563611.02214
> 2026 02 28 15 32 30.0000000  0  1
G18  25064920.205    25064925.555   131717106.30206 102636679.05004
> 2026 02 28 15 33 00.0000000  0  1
G18  25082760.871    25082766.098   131810858.43706 102709732.57905
> 2026 02 28 15 33 30.0000000  0  1
G18  25100597.466    25100602.442   131904589.63506 102782769.89004
> 2026 02 28 15 34 00.0000000  0  1
G18  25118430.040    25118435.142   131998300.89805 102855791.59305
> 2026 02 28 15 34 30.0000000  0  1
G18  25136257.953    25136263.811   132091927.03915 102928796.36914
> 2026 02 28 15 35 00.0000000  0  1
G18  25154081.937    25154087.554
> 2026 02 28 15 35 30.0000000  0  1
G18  25171900.879    25171907.094
> 2026 02 28 15 36 30.0000000  0  1
G18  25207524.568    25207522.456
> 2026 02 28 15 38 30.0000000  0  1
G18  25278713.611                   132840549.05115
> 2026 02 28 15 39 00.0000000  0  1
G18  25296497.516                   132934000.80705
> 2026 02 28 15 39 30.0000000  0  1
G18  25314277.068
> 2026 02 28 15 40 00.0000000  0  1
G18  25332047.076                   133120813.06615
> 2026 02 28 15 42 00.0000000  0  1
G18  25403068.609                   133494029.65615
> 2026 02 28 15 42 30.0000000  0  1
G18  25420808.617                   133587249.86105
> 2026 02 28 15 44 00.0000000  0  1
G18  25473981.268
> 2026 02 28 15 44 30.0000000  0  1
G18  25491694.379
> 2026 02 28 23 43 00.0000000  0  1
G05  25211082.557    25211082.107   132485129.71016 103235163.95916
> 2026 02 28 23 43 30.0000000  0  1
G05  25192177.154    25192175.125   132385779.86006 103157748.57306
> 2026 02 28 23 44 00.0000000  0  1
G05  25173263.282    25173261.787   132286386.38807 103080299.22607
> 2026 02 28 23 44 30.0000000  0  1
G05  25154342.322    25154341.125   132186955.73807 103002820.85907
> 2026 02 28 23 45 00.0000000  0  1
G05  25135415.127    25135414.486   132087492.38807 102925317.02807
> 2026 02 28 23 45 30.0000000  0  1
G05  25116479.330    25116478.789   131987984.27707 102847778.31307
> 2026 02 28 23 46 00.0000000  0  1
G05  25097537.382    25097536.274   131888442.93707 102770213.69107
> 2026 02 28 23 46 30.0000000  0  1
G05  25078590.246    25078589.040   131788875.30207 102692628.61007
> 2026 02 28 23 47 00.0000000  0  1
G05  25059635.438    25059634.157   131689267.94207 102615012.55907
> 2026 02 28 23 47 30.0000000  0  1
G05  25040675.899    25040674.703   131589637.12006 102537378.18606
> 2026 02 28 23 48 00.0000000  0  1
G05  25021710.900    25021709.678   131489976.71207 102459720.78907
> 2026 02 28 23 48 30.0000000  0  1
G05  25002738.875    25002737.859   131390279.62307 102382034.81006
> 2026 02 28 23 49 00.0000000  0  1
G05  24983762.290    24983761.282   131290556.54807 102304328.55507
> 2026 02 28 23 49 30.0000000  0  1
G05  24964779.999    24964779.103   131190803.35307 102226598.84307
> 2026 02 28 23 50 00.0000000  0  1
G05  24945792.713    24945792.062   131091025.23607 102148849.74107
> 2026 02 28 23 50 30.0000000  0  1
G05  24926800.541    24926799.942   130991221.47406 102071080.66606
> 2026 02 28 23 51 00.0000000  0  1
G05  24907803.485    24907802.823   130891391.51606 101993291.14406
> 2026 02 28 23 51 30.0000000  0  1
G05  24888802.723    24888802.274   130791542.14107 101915486.51607
> 2026 02 28 23 52 00.0000000  0  1
G05  24869797.750    24869797.225   130691670.29007 101837664.35507
> 2026 02 28 23 52 30.0000000  0  1
G05  24850788.550    24850788.040   130591776.64006 101759825.22706
> 2026 02 28 23 53 00.0000000  0  1
G05  24831775.458    24831774.866   130491863.64306 101681971.02306
> 2026 02 28 23 53 30.0000000  0  1
G05  24812758.890    24812757.876   130391931.13607 101604101.58707
> 2026 02 28 23 54 00.0000000  0  1
G05  24793739.474    24793737.984   130291983.21607 101526220.15007
> 2026 02 28 23 54 30.0000000  0  1
G05  24774716.850    24774715.030   130192018.07107 101448325.28307
> 2026 02 28 23 55 00.0000000  0  1
G05  24755691.653    24755689.648   130092038.53807 101370419.21707
> 2026 02 28 23 55 30.0000000  0  1
G05  24736663.600    24736661.635   129992044.36707 101292501.71707
> 2026 02 28 23 56 00.0000000  0  1
G05  24717633.203    24717631.526   129892039.36507 101214575.78007
> 2026 02 28 23 56 30.0000000  0  1
G05  24698600.100    24698599.006   129792021.56207 101136639.89007
> 2026 02 28 23 57 00.0000000  0  1
G05  24679565.146    24679564.544   129691993.79007 101058696.20707
> 2026 02 28 23 57 30.0000000  0  1
G05  24660528.541    24660528.222   129591956.79307 100980745.35407
> 2026 02 28 23 58 00.0000000  0  1
G05  24641490.615    24641490.404   129491912.34007 100902788.68707
> 2026 02 28 23 58 30.0000000  0  1
G05  24622451.815    24622451.382   129391862.26607 100824827.65107
> 2026 02 28 23 59 00.0000000  0  1
G05  24603412.155    24603411.269   129291806.95507 100746862.50507
> 2026 02 28 23 59 30.0000000  0  1
G05  24584371.404    24584370.390   129191747.08307 100668893.81607
