     3.04           OBSERVATION DATA    M (MIXED)           RINEX VERSION / TYPE
Spider V6.2.0.6944  ICGC                20180102 000228 UTC PGM / RUN BY / DATE 
gfzrnx-1.12-7747    FILE PROCESSING     20260908 113855 UTC COMMENT             
EBRE                                                        MARKER NAME         
13410M001                                                   MARKER NUMBER       
ICGC                ICGC                                    OBSERVER / AGENCY   
1831701             LEICA GR50          4.11/7.102          REC # / TYPE / VERS 
726359              LEIAR25.R4      NONE                    ANT # / TYPE        
        0.0770        0.0000        0.0000                  ANTENNA: DELTA H/E/N
  4833520.3622    41536.8319  4147461.3011                  APPROX POSITION XYZ 
C    4 C7I D7I L7I S7I                                      SYS / # / OBS TYPES 
E    4 C1C D1C L1C S1C                                      SYS / # / OBS TYPES 
G    4 C1C D1C L1C S1C                                      SYS / # / OBS TYPES 
R    4 C1C D1C L1C S1C                                      SYS / # / OBS TYPES 
SNR is mapped to RINEX snr flag value [1-9]                 COMMENT             
LX:     < 12dBHz -> 1; 12-17dBHz -> 2; 18-23dBHz -> 3       COMMENT             
       24-29dBHz -> 4; 30-35dBHz -> 5; 36-41dBHz -> 6       COMMENT             
       42-47dBHz -> 7; 48-53dBHz -> 8; >= 54dBHz -> 9       COMMENT             
DBHZ                                                        SIGNAL STRENGTH UNIT
     0                                                      RCV CLOCK OFFS APPL 
 24 R01  1 R02 -4 R03  5 R04  6 R05  1 R06 -4 R07  5 R08  6 GLONASS SLOT / FRQ #
    R09 -2 R10 -7 R11  0 R12 -1 R13 -2 R14 -7 R15  0 R16 -1 GLONASS SLOT / FRQ #
    R17  4 R18 -3 R19  3 R20  2 R21  4 R22 -3 R23  3 R24  2 GLONASS SLOT / FRQ #
 C1C  -71.940 C1P  -71.940 C2C  -71.940 C2P  -71.940        GLONASS COD/PHS/BIS 
    18    18  1929     7                                    LEAP SECONDS        
    83                                                      # OF SATELLITES     
   C05   287   287   287   287                              PRN / # OF OBS      
   C06    35    35    35    35                              PRN / # OF OBS      
   C07    32    32    32    32                              PRN / # OF OBS      
   C08    51    51    51    51                              PRN / # OF OBS      
   C09    82    82    82    82                              PRN / # OF OBS      
   C10    83    83    82    83                              PRN / # OF OBS      
   C11   117   117   117   117                              PRN / # OF OBS      
   C12    96    96    96    96                              PRN / # OF OBS      
   C13    82    82    82    82                              PRN / # OF OBS      
   C14    99    99    99    99                              PRN / # OF OBS      
   E01    87    87    87    87                              PRN / # OF OBS      
   E02   122   122   122   122                              PRN / # OF OBS      
   E03   102   102   102   102                              PRN / # OF OBS      
   E04    97    97    97    97                              PRN / # OF OBS      
   E05    81    81    81    81                              PRN / # OF OBS      
   E07   112   112   112   112                              PRN / # OF OBS      
   E08   117   117   117   117                              PRN / # OF OBS      
   E09    92    92    92    92                              PRN / # OF OBS      
   E11    48    48    48    48                              PRN / # OF OBS      
   E12    25    25    25    25                              PRN / # OF OBS      
   E14   107   107   107   107                              PRN / # OF OBS      
   E18    38    38    38    38                              PRN / # OF OBS      
   E19    82    82    82    82                              PRN / # OF OBS      
   E20    77    77    77    77                              PRN / # OF OBS      
   E24    35    35    35    35                              PRN / # OF OBS      
   E26   125   125   125   125                              PRN / # OF OBS      
   E30   148   148   148   148                              PRN / # OF OBS      
   G01    89    89    89    89                              PRN / # OF OBS      
   G02   112   112   111   112                              PRN / # OF OBS      
   G03    88    88    86    88                              PRN / # OF OBS      
   G04    83    83    83    83                              PRN / # OF OBS      
   G05    94    94    93    94                              PRN / # OF OBS      
   G06   104   104   104   104                              PRN / # OF OBS      
   G07   102   102   102   102                              PRN / # OF OBS      
   G08    81    81    81    81                              PRN / # OF OBS      
   G09    86    86    85    86                              PRN / # OF OBS      
   G10   106   106   105   106                              PRN / # OF OBS      
   G11    82    82    82    82                              PRN / # OF OBS      
   G12    86    86    86    86                              PRN / # OF OBS      
   G13    88    88    88    88                              PRN / # OF OBS      
   G14   110   110   109   110                              PRN / # OF OBS      
   G15    80    80    80    80                              PRN / # OF OBS      
   G16    93    93    91    93                              PRN / # OF OBS      
   G17   112   112   112   112                              PRN / # OF OBS      
   G18   112   112   112   112                              PRN / # OF OBS      
   G19   112   112   111   112                              PRN / # OF OBS      
   G20   110   110   110   110                              PRN / # OF OBS      
   G21    99    99    98    99                              PRN / # OF OBS      
   G22    89    89    89    89                              PRN / # OF OBS      
   G23    82    82    82    82                              PRN / # OF OBS      
   G24    90    90    90    90                              PRN / # OF OBS      
   G25    93    93    93    93                              PRN / # OF OBS      
   G26    81    81    81    81                              PRN / # OF OBS      
   G27    89    89    89    89                              PRN / # OF OBS      
   G28   109   109   107   109                              PRN / # OF OBS      
   G29    83    83    83    83                              PRN / # OF OBS      
   G30    87    87    87    87                              PRN / # OF OBS      
   G31   106   106   106   106                              PRN / # OF OBS      
   G32   114   114   114   114                              PRN / # OF OBS      
   R01   102   102   102   102                              PRN / # OF OBS      
   R02   102   102   101   102                              PRN / # OF OBS      
   R03    93    93    93    93                              PRN / # OF OBS      
   R04    92    92    92    92                              PRN / # OF OBS      
   R05   101   101   101   101                              PRN / # OF OBS      
   R06   102   102   102   102                              PRN / # OF OBS      
   R07   108   108   108   108                              PRN / # OF OBS      
   R08   108   108   108   108                              PRN / # OF OBS      
   R09    81    81    81    81                              PRN / # OF OBS      
   R10   104   104   104   104                              PRN / # OF OBS      
   R11   119   119   118   119                              PRN / # OF OBS      
   R12   119   119   119   119                              PRN / # OF OBS      
   R13   113   113   113   113                              PRN / # OF OBS      
   R14    98    98    98    98                              PRN / # OF OBS      
   R15    94    94    94    94                              PRN / # OF OBS      
   R16    87    87    86    87                              PRN / # OF OBS      
   R17    91    91    91    91                              PRN / # OF OBS      
   R18    95    95    95    95                              PRN / # OF OBS      
   R19    99    99    98    99                              PRN / # OF OBS      
   R20   102   102   101   102                              PRN / # OF OBS      
   R21    26    26    26    26                              PRN / # OF OBS      
   R22   117   117   117   117                              PRN / # OF OBS      
   R23   110   110   110   110                              PRN / # OF OBS      
   R24    88    88    88    88                              PRN / # OF OBS      
   300.000                                                  INTERVAL            
  2018     1     1     0     0    0.0000000     GPS         TIME OF FIRST OBS   
  2018     1     1    23    55    0.0000000     GPS         TIME OF LAST OBS    
                                                            END OF HEADER      
> 2018 01 01 00 00 00.0000000  0 25
C05  39942884.600          -2.258   160833485.11207        43.100
C12  26330315.580        2099.646   106021271.92907        43.850
E02  24818876.140        1981.965   130424084.64548        50.850
E11  22919481.400        -858.710   120442714.65548        49.200
E12  25957979.900       -2635.544   136410115.91647        45.000
E18  17819917.560       -5446.227    93644314.75548        51.250
E24  24186381.920       -2702.512   127100336.27748        50.200
G04  20205288.980         561.108   106179520.19608        51.400
G16  22770038.640        2832.771   119657372.18808        48.300
G18  24532424.200        2632.067   128918750.26207        43.600
G20  23382463.660        1586.319   122875670.04807        46.550
G21  21026687.560         435.686   110496021.01708        50.250
G25  23651368.500       -2969.724   124288824.00108        49.300
G26  21015185.480        1725.200   110435565.83908        51.100
G27  24048059.680        2889.209   126373408.17707        46.350
G29  22192013.420       -2544.960   116619853.53808        50.900
G31  21444097.280       -2013.585   112689494.79608        51.400
R04  24345143.340        -254.548   130367133.20607        43.900
R05  24347898.960        2156.437   130153484.25105        32.000
R10  21997784.700       -3982.421   117260566.54408        49.350
R11  19193799.360        -632.125   102565842.92308        50.600
R12  20765120.360        2997.935   110923539.79508        49.250
R20  23128684.180       -3793.960   123679490.70406        38.950
R21  19508727.540       -1487.907   104395179.76308        50.400
R22  20540722.460        2275.236   109647798.01808        51.250
> 2018 01 01 00 05 00.0000000  0 27
C05  39943083.240          -3.339   160834285.49007        42.950
C12  26174890.020        2072.070   105395439.42607        43.600
C13  41194691.860        -823.171   165873951.30305        32.100
E02  24707909.820        1904.400   129840951.25848        51.150
E11  22971219.560        -953.023   120714600.65048        49.250
E12  26108862.460       -2649.714   137203008.58247        45.700
E18  18135797.180       -5616.496    95304270.74048        51.100
E24  24342334.820       -2760.713   127919875.76148        49.100
G04  20177034.020         427.941   106031037.34208        51.600
G05  24965079.400        -964.182   131192376.99516        36.900
G16  22609494.720        2790.695   118813707.65308        49.150
G18  24381987.140        2636.823   128128199.25907        45.100
G20  23295883.560        1445.208   122420690.16507        47.500
G21  21006489.760         271.993   110389878.92508        50.750
G25  23822674.060       -3031.448   125189040.90008        49.000
G26  20919587.260        1622.686   109933193.08208        51.350
G27  23884432.040        2842.814   125513543.82607        45.050
G29  22338384.940       -2582.759   117389043.29008        50.750
G31  21563342.620       -2163.107   113316132.61708        51.800
R04  24365894.640        -486.271   130478252.29207        43.800
R05  24231547.820        1988.107   129531504.25705        31.700
R10  22224997.760       -4090.592   118471737.85408        48.750
R11  19236333.700        -883.456   102793131.94708        50.850
R12  20601280.340        2834.438   110048335.32308        49.250
R20  23341552.680       -3793.622   124817796.52506        38.750
R21  19596416.220       -1639.059   104864414.09408        50.600
R22  20417434.160        2111.749   108989678.07508        50.950
> 2018 01 01 00 10 00.0000000  0 25
C05  39943341.680          -3.883   160835326.16507        42.850
C12  26021553.700        2043.640   104778018.46307        43.550
E02  24601498.640        1822.186   129281757.19048        51.150
E11  23028200.420       -1042.881   121014036.92748        49.300
E12  26260419.320       -2659.363   137999445.59047        44.300
E18  18460727.900       -5763.633    97011792.83648        51.100
E24  24501497.660       -2815.049   128756279.67148        49.650
G04  20156467.380         291.616   105922959.51608        51.650
G16  22451473.020        2744.198   117983299.15708        49.700
G18  24231527.260        2632.795   127337524.84107        46.300
G20  23217571.180        1296.800   122009154.44307        47.950
G21  20995584.260         109.983   110332573.85908        49.850
G25  23997404.880       -3089.821   126107256.92408        49.050
G26  20829977.460        1515.248   109462290.43308        51.400
G27  23723473.980        2795.615   124667701.35107        47.800
G29  22486782.040       -2615.987   118168872.33208        50.900
G31  21690905.060       -2305.019   113986479.01208        51.350
R04  24399571.900        -716.028   130658598.00807        42.250
R05  24124943.720        1808.783   128961632.12905        35.600
R10  22457982.780       -4187.706   119713680.28908        49.250
R11  19292947.980       -1133.585   103095661.84408        51.200
R12  20446958.700        2658.838   109223975.92108        49.650
R20  23554170.820       -3785.235   125954758.70406        40.900
R21  19692296.600       -1780.396   105377492.54508        50.550
R22  20303356.340        1947.482   108380725.57208        50.950
> 2018 01 01 00 15 00.0000000  0 26
C05  39943661.920          -4.676   160836615.63707        43.000
C12  25870386.280        2014.063   104169327.30407        43.700
E02  24499947.480        1734.558   128748101.09748        51.000
E11  23090194.100       -1128.573   121339814.49848        49.600
E12  26412434.220       -2665.620   138798285.17547        42.150
E18  18793453.620       -5889.466    98760276.83548        50.750
E24  24663673.060       -2865.994   129608520.51948        48.800
G04  20143797.200         151.679   105856378.26908        51.600
G05  25094857.460       -1307.724   131874378.82406        39.350
G16  22296272.160        2692.163   117167710.30908        49.650
G18  24081541.000        2620.129   126549347.44507        44.650
G20  23147945.420        1141.043   121643269.49807        47.750
G21  20993892.800         -50.410   110323684.30008        49.950
G25  24175398.500       -3145.457   127042619.67008        48.850
G26  20746682.960        1401.862   109024573.57808        51.250
G27  23565257.720        2746.960   123836272.47307        46.650
G29  22637000.300       -2646.115   118958273.24708        50.650
G31  21826371.580       -2439.596   114698356.82908        51.550
R04  24446057.320        -942.859   130907522.30107        42.600
R05  24028711.440        1619.342   128447216.54506        36.550
R10  22696151.900       -4274.448   120983255.92607        47.200
R11  19363582.220       -1382.393   103473110.78508        51.200
R12  20302864.680        2470.592   108454252.54008        49.350
R20  23766147.880       -3770.930   127088301.29806        37.050
R21  19795855.980       -1912.673   105931661.07408        50.200
R22  20198552.300        1782.138   107821272.66308        51.050
> 2018 01 01 00 20 00.0000000  0 26
C05  39944042.320          -5.471   160838147.53107        42.850
C12  25721451.300        1983.779   103569634.12507        43.000
E02  24403554.020        1641.642   128241549.75448        51.400
E11  23156962.080       -1209.711   121690684.32548        49.350
E12  26564694.820       -2667.910   139598423.48946        40.200
E18  19132781.000       -5994.990   100543456.63048        50.300
E24  24828655.180       -2913.098   130475502.40048        49.300
G04  20139213.360           8.465   105832287.34208        51.850
G05  25174281.160       -1474.244   132291738.71507        45.000
G16  22144198.200        2634.694   116368557.22208        50.000
G18  23932533.280        2598.723   125766303.31207        45.650
G20  23087391.160         979.327   121325054.09907        47.900
G21  21001297.700        -208.441   110362596.51008        49.900
G25  24356479.300       -3197.852   127994206.05208        48.750
G26  20670023.800        1282.885   108621728.16108        51.450
G27  23409850.640        2697.358   123019603.03107        47.200
G29  22788847.260       -2672.950   119756234.14008        50.500
G31  21969297.860       -2566.224   115449444.50308        51.550
R04  24505157.020       -1165.992   131224003.16506        39.050
R05  23943428.800        1419.563   127991356.74315        34.900
R10  22938902.720       -4350.231   122277253.03507        46.900
R11  19448102.980       -1628.015   103924762.20008        51.200
R12  20169686.260        2270.232   107742839.79808        49.150
R20  23977123.020       -3750.671                          28.350
R21  19906574.660       -2035.728   106524137.35308        50.400
R22  20103043.480        1616.828   107311441.72708        50.650
> 2018 01 01 00 25 00.0000000  0 24
C05  39944484.200          -6.345   160839927.06707        42.800
C12  25574813.420        1952.580   102979184.64107        43.900
E02  24312615.080        1543.530   127763663.65248        51.350
E11  23228268.420       -1287.588   122065398.57048        49.900
E12  26717007.840       -2667.485   140398823.71356        38.350
E18  19477593.000       -6081.853   102355453.15348        49.700
E24  24996226.140       -2956.621   131356098.05847        47.900
G04  20142890.200        -137.766   105851610.31308        51.750
G05  25263108.160       -1636.917   132758530.81206        41.550
G16  21995575.480        2571.118   115587540.74208        50.150
G18  23785010.060        2568.173   124991066.55907        47.400
G20  23036261.020         811.235   121056363.33207        47.650
G21  21017653.680        -363.890   110448549.30808        49.850
G25  24540464.960       -3247.257   128961056.41108        48.300
G26  20600320.020        1158.168   108255432.07508        51.650
G27  23257315.340        2646.334   122218027.80407        47.550
G29  22942148.220       -2697.043   120561834.43808        50.350
G31  22119226.660       -2684.813   116237322.70608        51.600
R04  24576621.600       -1384.016   131606692.25905        31.000
R10  23185626.720       -4415.692   123592431.10007        46.350
R11  19546308.520       -1869.650   104449544.01108        51.300
R12  20048090.300        2058.163   107093295.07908        49.400
R21  20023935.980       -2149.640   107152165.96008        49.800
R22  20016822.000        1451.793   106851184.28208        51.300
> 2018 01 01 00 30 00.0000000  0 27
C05  39944985.720          -7.339   160841946.67107        42.900
C12  25430521.900        1920.588   102398178.34507        46.000
E02  24227419.680        1440.142   127315958.03948        51.400
E11  23303869.200       -1360.586   122462685.65548        49.900
E12  26869181.600       -2664.010   141198506.01946        38.850
E18  19826838.600       -6150.927   104190749.44248        49.700
E24  25166163.260       -2996.190   132249120.67747        47.650
E30  26555222.720        2915.282   139548637.24046        40.800
G04  20154982.940        -286.556   105915156.92908        51.900
G05  25361077.940       -1794.591   133273367.85107        42.700
G10  25673894.840        3118.706   134917214.83417        42.350
G16  21850736.460        2501.742   114826406.18108        50.250
G18  23639481.680        2528.589   124226308.64907        47.000
G20  22994867.280         637.837   120838839.61207        47.550
G21  21042783.560        -516.133   110580606.98508        49.950
G25  24727159.960       -3293.047   129942145.46307        47.750
G26  20537881.160        1028.193   107927312.36108        51.900
G27  23107709.100        2594.539   121431844.62007        47.300
G29  23096737.680       -2718.573   121374208.05108        50.200
G31  22275674.120       -2794.870   117059459.77308        51.350
R05  23807763.140         992.380   127266129.03105        32.900
R10  23435708.520       -4469.962   124925505.83207        45.600
R11  19657929.060       -2106.053   105046009.55208        51.000
R12  19938707.080        1835.156   106508989.31308        49.050
R21  20147430.240       -2254.665   107813005.79508        49.750
R22  19939840.760        1287.729   106440253.66208        50.900
R23  24145652.360        3452.069   129162959.33207        44.950
> 2018 01 01 00 35 00.0000000  0 28
C05  39945547.540          -8.187   160844208.77507        42.800
C12  25288617.220        1888.205   101826793.08907        47.550
E02  24148250.540        1332.154   126899922.85348        51.200
E11  23383526.300       -1429.533   122881286.95848        49.550
E12  27021044.400       -2656.426   141996547.89246        40.800
E18  20179542.500       -6203.355   106044220.53948        49.300
E24  25338233.580       -3031.749   133153357.37947        47.350
E30  26389144.340        2901.760   138675880.79046        41.550
G04  20175626.600        -437.385   106023642.42208        51.600
G10  25494162.060        3176.213   133972721.71007        42.800
G16  21710026.800        2426.421   114086971.55408        50.550
G18  23496458.060        2480.019   123474717.67207        46.900
G20  22963486.560         460.319   120673932.44007        47.700
G21  21076483.620        -664.283   110757701.76508        49.800
G25  24916362.680       -3335.174   130936412.16008        48.450
G26  20483009.460         892.965   107638961.69208        51.450
G27  22961088.420        2541.382   120661345.06708        48.600
G29  23252467.560       -2737.295   122192572.91908        49.700
G31  22438145.900       -2895.918   117913254.25908        51.050
R05  23758277.480         768.984   127001616.71505        34.700
R06  24097884.000        3171.847   128590935.83415        31.200
R10  23688531.420       -4513.209   126273191.20907        47.550
R11  19782631.720       -2335.741   105712381.64908        51.350
R12  19842131.300        1602.096   105993099.10108        48.750
R13  24191459.960        4292.757   129181047.48505        35.250
R21  20276554.880       -2350.754   108503978.62408        50.300
R22  19872023.540        1125.546   106078241.71608        51.000
R23  23953729.080        3391.054   128136303.31206        41.850
> 2018 01 01 00 40 00.0000000  0 27
C05  39946168.620          -8.822   160846709.27007        42.800
C12  25149138.820        1855.596   101265169.55207        47.250
E02  24075381.560        1219.625   126516992.49448        51.350
E11  23466999.260       -1494.367   123319940.65548        49.100
E18  20534798.720       -6240.453   107911105.64348        49.050
E24  25512199.820       -3062.621   134067550.24747        47.150
E30  26223970.180        2883.742   137807895.27046        40.750
G04  20204935.880        -589.876   106177660.25208        51.700
G10  25311379.960        3225.730   133012191.55507        43.350
G16  21573799.700        2344.798   113371096.78308        50.100
G18  23356450.360        2423.105   122738969.88007        47.200
G20  22942350.800         279.465   120562863.40508        48.250
G21  21118523.820        -808.091   110978624.55408        49.800
G25  25107860.420       -3373.379   131942739.69407        47.750
G26  20435996.340         752.953   107391903.93708        51.750
G27  22817503.080        2488.172   119906798.59208        48.750
G29  23409200.200       -2753.533   123016208.77708        49.350
G31  22606132.000       -2987.848   118796027.49308        50.600
R05  23721520.020         539.684   126805136.12106        39.000
R06  23921716.820        3092.584   127650872.38605        35.100
R10  23943476.560       -4545.350   127632190.19107        45.200
R11  19920020.760       -2557.697   106446547.34908        50.900
R12  19758910.680        1359.892   105548549.84108        49.000
R13  23951341.160        4253.332   127898819.78706        38.100
R21  20410820.620       -2438.004   109222462.10308        49.800
R22  19813261.720         965.780   105764568.35808        50.800
R23  23765322.960        3327.013   127128457.49207        45.600
> 2018 01 01 00 45 00.0000000  0 27
C05  39946849.040          -9.598   160849448.60507        42.850
C12  25012112.300        1822.543   100713424.60807        47.300
E02  24009075.240        1102.438   126168551.51848        51.300
E11  23554051.200       -1555.130   123777402.55248        49.050
E18  20891772.220       -6263.549   109787013.39248        48.750
E24  25687813.920       -3089.236   134990415.43447        45.700
E30  26059995.380        2860.161   136946200.99747        44.550
G04  20242999.240        -743.905   106377685.54708        51.600
G10  25126000.260        3267.162   132038021.49307        46.200
G16  21442420.360        2256.619   112680692.77708        50.300
G18  23219963.980        2356.983   122021730.92508        48.000
G20  22931650.220          95.167   120506632.97007        47.500
G21  21168651.700        -947.350   111242050.18108        50.150
G25  25301433.780       -3407.736   132959973.90508        48.100
G26  20397117.640         608.249   107187596.13308        51.850
G27  22677002.660        2433.734   119168469.58708        48.850
G29  23566812.780       -2768.008   123844466.60808        49.550
G31  22779113.860       -3070.741   119705052.22008        50.950
R05  23697786.640         305.284   126678250.63915        35.950
R06  23750413.780        2998.936   126736761.96806        38.250
R10  24199930.180       -4566.412   128999228.35507        42.250
R11  20069645.480       -2771.234   107246096.67108        51.400
R12  19689541.940        1109.158   105177991.85008        49.050
R13  23713800.080        4201.151   126630356.03106        40.700
R21  20549753.480       -2517.137   109965918.01708        50.050
R22  19763418.600         808.481   105498502.51608        50.650
R23  23580619.140        3259.266   126140413.46607        45.750
> 2018 01 01 00 50 00.0000000  0 27
C05  39947587.980         -10.368   160852425.60107        42.550
C12  24877562.040        1789.317   100171645.65008        48.050
E02  23949582.880         981.152   125855917.34548        51.150
E11  23644449.140       -1611.471   124252443.60948        49.650
E18  21249693.440       -6273.603   111667900.39147        47.350
E24  25864830.600       -3111.496   135920638.25747        46.100
E30  25897514.900        2831.441   136092364.23547        46.150
G04  20289883.180        -898.676   106624062.99508        51.100
G10  24938501.520        3300.213   131052706.37907        47.250
G16  21316258.100        2162.229   112017704.64808        50.350
G18  23087501.600        2282.257   121325636.53307        47.800
G20  22931530.820         -91.124   120506005.81607        47.400
G21  21226594.240       -1081.679   111546539.72608        49.850
G25  25496854.660       -3437.771   133986916.26207        44.850
G26  20366634.760         459.116   107027406.59208        51.850
G27  22539638.240        2378.710   118446613.13008        49.150
G29  23725192.240       -2780.308   124676757.94507        47.800
G31  22956564.080       -3144.251   120637556.46208        50.800
R05  23687300.680          67.667   126622198.73706        38.250
R06  23584792.320        2890.584   125852976.02907        42.700
R10  24457283.180       -4577.276   130371065.90506        39.000
R11  20231002.300       -2975.292   108108338.32508        51.200
R12  19634460.700         851.271   104883760.26908        49.300
R13  23479533.000        4136.819   125379388.43406        40.650
R21  20692895.620       -2588.069   110731898.52908        49.900
R22  19722329.500         654.354   105279167.64708        50.900
R23  23399784.840        3189.201   125173072.86308        48.400
> 2018 01 01 00 55 00.0000000  0 26
C05  39948386.060         -10.827   160855638.34907        42.400
C12  24745501.680        1756.075    99639895.28708        48.000
E02  23897140.980         856.004   125580332.79948        51.250
E11  23737962.060       -1663.295   124743856.54048        49.950
E18  21607856.360       -6271.610   113550057.78347        47.800
E24  26042990.680       -3128.749   136856878.67947        45.300
E30  25736837.520        2797.450   135247993.37347        46.950
G04  20345626.880       -1053.634   106916999.54808        51.000
G10  24749371.480        3324.734   130058824.73407        46.900
G16  21195687.320        2061.343   111384103.31208        50.400
G18  22959556.860        2199.229   120653283.69208        48.650
G20  22942092.160        -278.505   120561504.10108        48.400
G21  21292058.920       -1210.190   111890558.88908        49.850
G25  25693886.900       -3463.662   135022331.03007        43.950
G26  20344788.380         306.288   106912603.76308        51.800
G27  22405455.880        2322.844   117741481.04108        49.450
G29  23884239.100       -2790.813   125512554.64908        48.800
G31  23137948.520       -3208.184   121590739.12008        51.000
R05  23690219.120        -171.536   126637795.28306        40.200
R06  23425667.540        2768.461   125003856.33507        43.550
R11  20403539.760       -3168.851   109030325.70408        51.150
R12  19594040.560         587.801   104667841.98708        49.050
R13  23249263.520        4059.115   124149763.05906        41.900
R21  20839807.600       -2651.101   111518055.44908        49.800
R22  19689806.880         504.270   105105557.74508        50.950
R23  23222971.980        3116.720   124227244.95407        45.550
> 2018 01 01 01 00 00.0000000  0 27
C05  39949241.960         -12.063   160859084.83007        42.700
C12  24615941.940        1722.009    99118212.34808        48.150
E02  23851969.740         726.249   125342957.11148        51.300
E04  28520852.460        2021.686   149878089.19846        41.300
E11  23834365.380       -1712.655   125250459.82448        49.900
E18  21965615.060       -6259.823   115430093.03747        46.600
E24  26222036.680       -3142.817   137797775.56147        42.250
E30  25578274.180        2756.938   134414736.11747        47.650
G04  20410243.840       -1209.625   107256563.15808        51.250
G10  24559116.140        3339.265   129059028.27907        46.200
G16  21081087.500        1952.751   110781875.18808        50.700
G18  22836614.680        2106.771   120007216.07608        49.500
G20  22963386.340        -467.294   120673408.33407        47.600
G21  21364737.920       -1334.695   112272490.07508        50.000
G25  25892292.320       -3485.997   136064957.02807        43.300
G26  20331799.000         148.690   106844343.55308        52.000
G27  22274504.060        2265.098   117053325.01808        49.400
G29  24043863.200       -2800.652   126351382.98607        47.850
G31  23322731.140       -3263.550   122561779.97208        50.100
R05  23706624.000        -412.652   126725491.19006        39.950
R06  23273842.860        2630.869   124193689.08607        44.800
R11  20586663.920       -3352.564   110008885.34808        51.150
R12  19568582.180         318.458   104531847.85108        49.550
R13  23023728.640        3967.730   122945422.22907        43.350
R21  20990071.580       -2707.979   112322148.84308        49.750
R22  19665638.820         356.904   104976547.36508        50.900
R23  23050314.640        3040.827   123303645.77107        46.650
> 2018 01 01 01 05 00.0000000  0 27
C05  39950157.340         -12.678   160862770.99607        42.400
C12  24488887.880        1688.636    98606623.55207        46.750
E02  23814274.960         593.771   125144868.73848        51.400
E04  28407023.660        1965.102   149279916.33847        43.800
E11  23933442.640       -1757.740   125771114.09248        49.750
E18  22322383.960       -6237.480   117304924.26147        47.400
E24  26401710.900       -3151.009   138741962.21446        39.800
E30  25422146.560        2711.783   133594284.93947        47.050
G04  20483720.140       -1364.329   107642682.91408        51.400
G10  24368255.160        3345.688   128056049.75507        47.200
G16  20972838.660        1838.390   110213024.32808        50.700
G18  22719147.680        2007.072   119389926.35908        48.800
G20  22995423.160        -655.038   120841765.54507        47.050
G21  21444312.120       -1452.259   112690654.80008        50.000
G25  26091831.200       -3504.103   137113541.82105        32.500
G26  20327864.740         -11.307   106823668.84108        51.950
G27  22146833.980        2207.363   116382412.73208        49.950
G29  24203986.240       -2808.685   127192834.04708        49.100
G31  23510376.400       -3308.779   123547862.04808        50.050
R05  23736531.860        -652.719   126885363.27806        40.300
R06  23130106.220        2480.119   123426684.99907        44.150
R11  20779745.360       -3523.914   111040654.12408        50.750
R12  19558314.900          46.617   104477001.06208        49.250
R13  22803684.840        3863.438   121770395.74107        44.350
R21  21143292.900       -2757.096   113142066.93008        49.000
R22  19649598.200         214.691   104890920.85108        50.950
R23  22881930.700        2963.825   122402908.69508        48.850
> 2018 01 01 01 10 00.0000000  0 26
C05  39951126.360         -13.370   160866672.73007        42.550
C12  24364337.320        1654.938    98105107.87407        47.800
E02  23784234.400         458.256   124987007.35948        51.100
E04  28296617.280        1901.803   148699726.28647        44.100
E11  24034976.120       -1798.785   126304675.88448        49.650
E18  22677621.920       -6206.378   119171711.62647        46.400
E30  25268777.340        2660.493   132788323.37947        46.950
G04  20566008.280       -1518.218   108075110.11608        51.100
G10  24177313.900        3342.360   127052645.77607        47.350
G16  20871313.480        1717.361   109679506.62008        50.700
G18  22607610.200        1899.283   118803790.30508        49.800
G20  23038159.080        -841.856   121066341.90007        47.000
G21  21530443.600       -1564.108   113143278.67508        50.450
G26  20333150.960        -174.204   106851448.08308        51.850
G27  22022488.800        2148.682   115728980.79708        50.000
G29  24364532.200       -2815.496   128036507.11408        48.250
G31  23700341.980       -3344.724   124546134.41908        49.700
R05  23779876.440        -891.268   127117068.94106        38.900
R06  22995218.840        2316.109   122706902.48907        44.400
R07  24455236.320        3704.126   130910800.36006        40.700
R11  20982115.800       -3683.278   112122060.11408        50.650
R12  19563381.000        -227.153   104504065.10108        49.000
R13  22589887.900        3745.459   120628737.40007        42.400
R21  21299091.620       -2799.938   113975778.11408        49.400
R22  19641432.700          76.776   104847334.40508        50.850
R23  22717915.540        2885.084   121525538.69807        47.200
> 2018 01 01 01 15 00.0000000  0 26
C05  39952153.360         -14.362   160870808.53207        42.450
C12  24242289.060        1621.117    97613671.17908        48.050
E02  23762018.900         319.517   124870260.73548        51.250
E04  28190002.540        1832.096   148139461.80647        45.100
E11  24138766.100       -1836.585   126850095.62148        49.550
E18  23030848.920       -6167.400   121027933.12547        45.750
E30  25118500.540        2603.121   131998614.73447        47.750
G04  20657042.140       -1670.916   108553496.14508        51.000
G10  23986837.900        3329.112   126051685.13907        47.800
G16  20776891.960        1589.357   109183315.71108        50.500
G18  22502445.960        1783.572   118251150.36508        49.100
G20  23091513.520       -1027.129   121346721.02307        46.650
G21  21622797.120       -1670.463   113628600.14508        50.150
G26  20347805.960        -339.690   106928459.80508        52.000
G27  21901530.040        2088.571   115093334.14508        50.200
G29  24525443.140       -2821.768   128882102.00207        47.250
G31  23892096.860       -3371.825   125553813.39108        50.000
R05  23836534.740       -1127.319   127419940.67706        41.150
R06  22869925.920        2138.900   122038314.00907        44.600
R07  24247373.180        3711.279   129798093.06106        36.300
R11  21193090.180       -3830.631   113249443.10108        50.800
R12  19583854.400        -501.949   104613428.71308        49.350
R13  22383117.220        3613.129   119524592.68207        44.400
R21  21457123.260       -2836.979   114821434.08008        48.900
R22  19640889.020         -56.756   104844430.48308        51.250
R23  22558356.420        2804.741   120672006.09808        49.050
> 2018 01 01 01 20 00.0000000  0 28
C05  39953238.120         -15.254   160875176.87007        42.800
C09  41411745.960        1392.933   166747944.25006        40.250
C12  24122738.060        1587.651    97132287.24108        48.800
E02  23747768.900         178.832   124795376.28748        51.250
E04  28087536.660        1756.035   147601003.11847        45.000
E11  24244615.400       -1871.609   127406339.61248        49.200
E18  23381627.200       -6121.224   122871285.27547        45.550
E30  24971650.980        2540.037   131226914.68547        47.550
G04  20756722.200       -1821.471   109077320.78708        50.800
G08  25047372.700        2797.844   131624821.17107        44.750
G10  23797376.420        3306.149   125056060.87708        48.100
G16  20689940.380        1455.258   108726384.21808        50.250
G18  22404078.280        1660.950   117734222.68608        49.850
G20  23155357.760       -1209.481   121682224.74207        47.750
G21  21721026.260       -1770.371   114144798.76908        50.050
G26  20371943.060        -506.675   107055301.89208        52.000
G27  21784010.240        2027.748   114475767.86308        50.450
G29  24686666.680       -2826.872   129729334.55707        45.800
G31  24085111.480       -3389.266   126568110.99608        49.750
R05  23906307.940       -1358.933   127792919.19106        41.200
R06  22754932.620        1949.643   121424688.96407        45.400
R07  24039449.940        3705.586   128685060.79007        42.650
R11  21411956.980       -3964.859   114418999.89508        50.700
R12  19619719.400        -775.527   104805012.27008        49.250
R13  22184145.560        3467.424   118462095.87707        43.850
R21  21617059.760       -2868.333   115677287.51608        48.700
R22  19647695.840        -185.209   104880767.88008        50.700
R23  22403320.720        2723.458   119842671.51407        46.850
> 2018 01 01 01 25 00.0000000  0 29
C05  39954377.820         -15.817   160879765.51307        42.950
C09  41308734.300        1371.563   166333162.12607        42.050
C12  24005671.320        1554.465    96660908.62908        49.250
E02  23741600.900          36.479   124762965.95648        51.100
E04  27989568.340        1674.535   147086173.06647        46.050
E09  26446100.620        2512.604   138975200.26646        40.950
E11  24352333.740       -1902.418   127972403.72748        49.100
E18  23729558.420       -6067.673   124699676.66847        43.850
E30  24828562.260        2471.359   130474976.86548        48.450
G04  20864920.580       -1969.169   109645905.43008        51.000
G08  24887951.720        2786.632   130787058.73407        45.000
G10  23609486.080        3274.008   124068693.88108        48.350
G16  20610816.800        1315.103   108310585.19108        50.550
G18  22312902.140        1531.653   117255089.76708        50.050
G20  23229518.560       -1388.382   122071941.64407        46.600
G21  21824778.220       -1863.868   114690019.46108        50.350
G26  20405642.920        -674.605   107232395.03408        51.950
G27  21669989.660        1966.133   113876582.19408        50.850
G29  24848151.020       -2830.856   130577941.56307        46.700
G31  24278857.760       -3397.442   127586255.05008        48.100
R05  23988929.160       -1585.017   128234574.89106        40.750
R06  22650905.280        1748.872   120869578.99607        46.300
R07  23832247.300        3685.838   127575892.36206        41.750
R11  21637984.540       -4085.634   115626822.26108        50.100
R12  19670875.800       -1046.326   105078279.70308        49.250
R13  21993743.480        3308.168   117445359.24307        45.300
R21  21778596.040       -2894.234   116541704.08207        47.700
R22  19661574.060        -308.379   104954849.79208        50.900
R23  22252858.440        2641.758   119037796.96408        49.400
> 2018 01 01 01 30 00.0000000  0 29
C05  39955573.000         -16.509   160884578.55307        42.700
C09  41207371.940        1348.791   165925020.04907        42.300
C12  23891079.560        1521.297    96199497.92508        48.850
E02  23743612.760        -107.396   124773536.22348        51.150
E04  27896436.580        1586.909   146596764.80747        45.650
E09  26302184.340        2527.962   138218909.96346        40.900
E11  24461743.360       -1930.131   128547351.92648        49.500
E18  24074289.400       -6008.662   126511247.62347        42.800
E30  24689572.960        2396.708   129744581.97748        48.700
G04  20981482.420       -2114.062   110258443.89108        51.000
G08  24729194.260        2774.788   129952787.22007        44.250
G10  23423734.660        3231.760   123092560.36508        49.400
G16  20539867.700        1169.217   107937746.68608        50.000
G18  22229294.920        1396.100   116815732.62308        49.700
G20  23313784.740       -1563.223   122514763.44507        47.350
G21  21933703.240       -1951.255   115262422.49908        50.300
G26  20448957.120        -843.081   107460012.06608        51.950
G27  21559531.960        1903.204   113296121.73608        51.000
G29  25009857.760       -2834.210   131427714.11007        45.250
G31  24472819.720       -3396.445   128605532.20008        48.800
R05  24084071.160       -1804.723   128743161.92406        40.600
R06  22558468.160        1537.541   120376316.22107        45.800
R07  23626573.860        3651.362   126474905.02608        48.000
R11  21870432.480       -4193.273   116868956.30508        49.150
R12  19737145.000       -1313.250   105432279.62108        49.050
R13  21812675.760        3135.342   116478470.04607        44.550
R21  21941456.840       -2915.288   117413201.56908        48.800
R22  19682241.700        -426.519   105065175.64208        50.800
R23  22107006.040        2559.387   118257588.66608        48.650
> 2018 01 01 01 35 00.0000000  0 27
C05  39956822.820         -16.842   160889610.86107        42.700
C09  41107765.320        1324.971   165523946.55306        41.300
C12  23778951.480        1488.615    95748004.27808        49.400
E02  23753872.280        -252.134   124827449.82448        51.450
E04  27808470.100        1494.015   146134499.98947        45.850
E09  26157569.860        2537.222   137458948.89447        42.250
E11  24572671.000       -1955.211   129130284.65848        48.750
E30  24555018.820        2316.235   129037496.91448        49.200
G04  21106226.620       -2255.413   110913980.86008        50.850
G08  24571140.040        2762.337   129122208.37507        45.200
G10  23240688.980        3179.308   122130649.12608        49.250
G16  20477425.900        1017.471   107609610.52108        49.950
G18  22153604.780        1254.857   116417979.20408        49.700
G20  23407904.600       -1733.200   123009366.80807        46.550
G21  22047448.400       -2032.403   115860156.02208        50.150
G26  20501901.880       -1011.491   107738239.08308        51.950
G27  21452705.000        1839.223   112734745.11808        50.650
G29  25171749.600       -2837.131   132278461.44207        43.250
G31  24666487.020       -3386.786   129623260.47807        47.350
R05  24191345.320       -2016.944   129316604.69206        39.700
R06  22478193.460        1316.694   119947956.00107        46.350
R07  23423248.480        3602.376   125386490.20207        46.750
R11  22108551.900       -4287.331   118141391.48908        50.150
R12  19818267.880       -1574.680   105865620.30708        49.650
R13  21641693.980        2949.449   115565436.01507        45.700
R22  19709413.440        -539.587   105210221.96508        50.900
R23  21965788.320        2476.845   117502167.82208        49.100
> 2018 01 01 01 40 00.0000000  0 27
C05  39958126.400         -17.792   160894859.92007        42.950
C09  41010019.540        1298.921   165130363.79007        42.000
C12  23669273.640        1455.652    95306378.49708        49.100
E02  23772423.700        -397.861   124924937.01448        51.600
E04  27725984.960        1395.084   145701036.26347        46.450
E09  26012626.640        2539.632   136697267.37946        41.950
E11  24684958.540       -1977.997   129720355.48048        49.250
E30  24425235.480        2229.546   128355482.35748        49.400
G04  21238946.120       -2393.384   111611423.98008        50.800
G08  24413832.140        2748.437   128295549.76307        45.550
G10  23060920.780        3116.731   121185966.59808        49.300
G16  20423804.040         860.282   107327828.02608        49.750
G18  22086151.880        1107.645   116063508.92908        50.300
G20  23511590.640       -1898.072   123554242.87007        45.700
G21  22165663.680       -2107.994   116481385.10108        50.300
G26  20564460.240       -1179.914   108066987.33608        51.600
G27  21349584.440        1773.453   112192842.57608        51.000
G29  25333796.300       -2839.721   133130023.65006        41.750
G31  24859360.380       -3368.713   130636810.31008        48.350
R05  24310309.000       -2221.043   129952536.39106        39.750
R06  22410598.900        1086.684   119587258.79207        46.350
R07  23223105.840        3537.614   124315110.37007        47.650
R11  22351586.400       -4368.417   119440096.90607        47.550
R12  19913905.540       -1829.967   106376499.54408        49.450
R13  21481528.540        2750.529   114710161.59407        45.300
R22  19742805.900        -647.915   105388470.04308        51.150
R23  21829214.780        2393.791   116771590.33008        49.100
> 2018 01 01 01 45 00.0000000  0 27
C05  39959484.580         -18.499   160900328.23307        43.250
C09  40914237.200        1271.915   164744689.86806        41.500
C12  23562036.080        1422.946    94874578.32308        49.400
E02  23799285.020        -543.337   125066095.52248        51.550
E04  27649283.020        1291.292   145297963.76547        46.500
E09  25867735.680        2535.354   135935863.35847        43.250
E11  24798453.040       -1997.962   130316775.48148        48.450
E30  24300555.960        2137.406   127700288.30848        49.550
G04  21379407.720       -2526.768   112349556.87508        50.800
G07  25550166.420        2454.188   134267033.37916        40.850
G08  24257320.180        2734.343   127473072.50007        46.000
G10  22885006.980        3044.344   120261529.11408        49.950
G16  20379298.360         698.056   107093948.32408        49.750
G18  22027225.200         955.902   115753848.29708        50.100
G20  23624523.420       -2057.451   124147710.51307        45.200
G21  22288007.180       -2177.281   117124301.95308        50.150
G26  20636583.820       -1346.671   108445994.29408        51.900
G27  21250251.180        1706.308   111670842.18608        51.050
G31  25050948.680       -3342.102   131643616.78007        46.900
R05  24440470.960       -2415.707   130648326.36706        37.550
R06  22356142.060         849.472   119296667.89707        45.850
R07  23026989.160        3458.348   123265284.62708        48.100
R11  22598784.720       -4435.770   120761044.82808        49.100
R12  20023649.340       -2076.956   106962731.62608        49.550
R13  21332885.160        2539.180   113916414.50507        45.350
R22  19782137.040        -751.093   105598424.43208        51.050
R23  21697285.400        2311.118   116065858.81108        49.750
> 2018 01 01 01 50 00.0000000  0 27
C05  39960894.480         -19.286   160906006.59407        42.600
C09  40820518.560        1243.450   164367322.30007        43.100
C12  23457227.280        1390.483    94452555.08108        49.550
E02  23834445.880        -688.436   125250867.17548        51.450
E04  27578648.060        1182.641   144926775.06847        46.850
E09  25723280.860        2524.302   135176747.84647        47.250
E11  24913013.000       -2015.494   130918792.54148        48.250
E30  24181305.440        2039.360   127073623.94948        49.550
G04  21527354.820       -2655.536   113127025.55408        50.900
G07  25413636.960        2327.581   133549566.65007        45.350
G08  24101653.900        2718.994   126655048.23207        45.000
G10  22713513.840        2961.817   119360329.24508        50.150
G16  20344176.480         531.555   106909382.51308        49.850
G18  21977080.260         800.050   115490335.61308        50.300
G20  23746351.160       -2209.851   124787915.55307        46.050
G21  22414136.060       -2240.643   117787113.61208        49.950
G26  20718182.620       -1511.792   108874801.77308        51.800
G27  21154789.780        1637.749   111169189.63708        51.200
G31  25240775.520       -3307.056   132641157.58707        47.700
R05  24581291.500       -2600.749   131401093.90806        39.950
R06  22315212.660         605.573   119078262.09907        45.350
R07  22835746.940        3363.830   122241548.27007        47.000
R11  22849389.620       -4489.862   122100204.90207        46.700
R12  20147018.620       -2315.000   107621748.34508        48.800
R13  21196433.980        2316.438   113187771.40407        45.100
R22  19827130.320        -849.364   105838602.46508        50.950
R23  21569987.720        2228.608   115384902.21808        49.400
> 2018 01 01 01 55 00.0000000  0 26
C05  39962357.080         -20.025   160911894.94207        42.700
C09  40728960.260        1213.838   163998655.65107        43.400
C12  23354837.920        1357.966    94040277.64808        49.800
E02  23877870.280        -832.779   125479063.30748        51.250
E04  27514349.820        1069.420   144588885.13247        46.850
E09  25579650.800        2506.519   134421965.55647        47.650
E11  25028507.660       -2030.883   131525718.72748        48.400
E30  24067805.620        1935.865   126477175.48748        49.850
G04  21682509.360       -2779.274   113942366.02908        50.900
G07  25284518.980        2194.611   132871045.58807        44.650
G08  23946898.420        2702.507   125841797.29907        45.950
G10  22547011.160        2869.508   118485350.02708        50.100
G16  20318684.280         360.915   106775417.82208        49.950
G18  21935940.300         640.555   115274142.21908        50.650
G20  23876692.780       -2355.437   125472868.15907        43.800
G21  22543719.240       -2298.214   118468077.79008        49.900
G26  20809140.060       -1674.474   109352784.21808        51.950
G27  21063293.780        1567.146   110688377.22908        51.200
G31  25428374.580       -3263.975   133626994.27407        45.000
R06  22288133.700         356.708   118933762.68107        45.900
R07  22650228.980        3254.113   121248456.37308        48.350
R11  23102657.600       -4530.535   123453587.98507        47.700
R12  20283472.120       -2542.799   108350656.26408        49.600
R13  21072805.360        2082.956   112527604.60207        45.000
R22  19877517.880        -942.956   106107571.94408        51.050
R23  21447301.340        2146.698   114728616.27908        49.550
> 2018 01 01 02 00 00.0000000  0 27
C05  39963871.980         -20.671   160917994.82507        42.950
C09  40639658.100        1183.053   163639074.61907        42.200
C12  23254864.740        1325.571    93637726.98908        49.900
E02  23929495.720        -975.773   125750355.44948        51.350
E04  27456638.820         951.626   144285614.17647        46.300
E09  25437237.740        2481.672   133673580.43548        48.100
E11  25144816.120       -2044.042   132136920.96948        48.750
E30  23960368.180        1826.933   125912588.17048        49.800
G04  21844570.920       -2897.559   114794005.86908        50.650
G07  25163201.580        2054.438   132233525.69507        44.700
G08  23793117.480        2684.625   125033678.52507        47.000
G10  22386059.140        2767.387   117639541.49608        50.700
G16  20303036.980         186.729   106693190.83508        49.550
G18  21903992.040         478.050   115106255.52308        49.850
G20  24015148.120       -2493.779   126200452.73407        43.100
G21  22676433.820       -2350.440   119165497.01108        49.800
G26  20909301.960       -1834.270   109879141.53708        51.450
G27  20975865.260        1495.131   110228935.18808        51.400
G31  25613296.280       -3213.313   134598764.28307        46.400
R06  22275155.020         104.148   118864506.00807        46.600
R07  22471284.360        3129.322   120290550.57208        48.550
R11  23357849.300       -4558.461   124817250.76308        48.050
R12  20432409.660       -2759.470   109146256.58608        49.550
R13  20962586.220        1839.226   111939037.43407        46.150
R21  22973319.240       -2966.015   122934874.29107        47.000
R22  19933039.620       -1032.167   106403952.34808        50.950
R23  21329200.940        2065.109   114096856.85908        50.000
> 2018 01 01 02 05 00.0000000  0 28
C05  39965438.140         -21.319   160924302.02007        42.550
C09  40552704.220        1150.962   163288946.33707        42.650
C12  23157304.240        1293.130    93244892.12408        50.150
E02  23989230.980       -1116.930   126064266.01748        51.600
E04  27405746.320         830.350   144018171.86047        46.350
E09  25296435.440        2449.643   132933660.42348        48.400
E11  25261824.780       -2055.128   132751810.80947        47.750
E30  23859295.420        1712.792   125381446.57548        50.200
G04  22013219.800       -3010.157   115680261.22108        50.550
G07  25050055.980        1908.232   131638937.68307        44.800
G08  23640389.520        2665.416   124231084.57007        47.100
G10  22231208.000        2655.728   116825795.96408        50.350
G16  20297419.320           9.478   106663669.07008        49.750
G18  21881386.480         313.356   114987461.42108        50.000
G20  24161289.140       -2624.735   126968431.31806        40.650
G21  22811964.720       -2397.151   119877715.83308        49.650
G26  21018483.380       -1990.332   110452893.08608        51.650
G27  20892608.960        1421.052   109791422.11508        51.150
G31  25795107.760       -3155.313   135554191.46207        44.050
R06  22276450.480        -150.884   118871418.15607        46.350
R07  22299751.640        2989.442   119372323.76808        48.300
R08  24473398.700        4056.527   131053945.40905        35.900
R11  23614234.520       -4573.549   126187297.54307        45.650
R12  20593181.100       -2964.148   110005068.24008        50.000
R13  20866303.360        1586.713   111424892.15407        46.000
R14  24401154.300        3987.797   130071880.95907        43.000
R22  19993447.400       -1117.106   106726412.93408        51.000
R23  21215650.040        1984.205   113489438.69208        50.000
> 2018 01 01 02 10 00.0000000  0 27
C05  39967053.600         -21.979   160930805.73107        43.000
C09  40468183.260        1117.731   162948617.55507        42.200
C12  23062156.500        1260.871    92861771.84408        50.200
E02  24056957.200       -1255.616   126420169.83448        51.450
E04  27361879.660         705.662   143787649.97647        47.000
E09  25157636.840        2411.370   132204270.68948        48.650
E11  25379433.160       -2064.576   133369844.04048        48.150
E30  23764874.920        1594.010   124885264.97848        50.300
G04  22188115.820       -3116.336   116599346.88208        50.550
G07  24945419.460        1756.492   131089065.78806        41.300
G08  23488792.480        2645.040   123434442.67807        47.200
G10  22082995.360        2534.934   116046932.58208        50.600
G16  20301980.120        -169.824   106687635.85808        49.650
G18  21868232.960         147.111   114918341.12508        50.300
G20  24314671.700       -2747.480   127774463.61706        38.350
G21  22950005.640       -2438.316   120603127.04608        49.850
G26  21136463.860       -2142.293   111072883.58908        51.350
G27  20813637.720        1345.119   109376425.45008        51.050
R06  22292115.200        -406.729   118955008.33807        46.500
R07  22136456.340        2835.457   118498189.79208        49.300
R08  24244969.560        4095.780   129830717.19306        36.950
R11  23871097.900       -4575.352   127559891.83507        47.650
R12  20765088.340       -3155.763   110923364.48208        49.450
R13  20784423.680        1326.780   110987660.58507        45.700
R14  24179260.040        3895.189   128889060.09607        44.700
R22  20058502.680       -1197.554   107073680.87008        51.050
R23  21106609.220        1904.407   112906142.87208        50.300
> 2018 01 01 02 15 00.0000000  0 27
C05  39968718.640         -22.731   160937510.72307        42.650
C09  40386182.660        1083.366   162618437.08406        41.950
C12  22969429.920        1228.333    92488400.21008        50.200
E02  24132533.280       -1391.518   126817325.63248        51.550
E04  27325227.720         577.875   143595045.68547        46.850
E09  25021239.620        2365.979   131487495.89548        48.600
E11  25497549.260       -2072.790   133990547.50547        47.850
E30  23677385.640        1470.318   124425506.62548        50.100
G04  22368907.000       -3216.291   117549409.28208        50.500
G07  24849605.920        1599.223   130585562.67607        44.350
G08  23338424.260        2622.585   122644252.15907        47.200
G10  21941945.340        2405.102   115305709.76908        50.900
G16  20316836.820        -350.811   106765709.90108        49.750
G18  21864609.200         -20.204   114899296.52708        50.150
G20  24474839.720       -2862.288   128616150.25106        37.150
G21  23090267.040       -2474.570   121340202.85808        49.850
G26  21262996.740       -2289.729   111737817.80508        51.800
G27  20739073.520        1266.853   108984588.76008        51.350
R06  22322171.100        -662.197   119115394.74607        46.100
R07  21982206.420        2667.053   117672483.29408        49.200
R08  24014718.680        4122.323   128597738.45606        36.200
R11  24127737.960       -4565.278   128931299.36707        45.650
R12  20947398.560       -3334.393   111897233.90708        49.200
R13  20717351.000        1060.116   110629495.60907        45.850
R14  23962974.960        3788.937   127736137.67307        45.450
R22  20127983.660       -1274.390   107444575.70308        50.950
R23  21002037.720        1825.155   112346755.19108        50.400
> 2018 01 01 02 20 00.0000000  0 27
C05  39970432.620         -23.357   160944412.21807        42.950
C09  40306784.120        1047.878   162298729.33207        43.250
C12  22879135.400        1195.597    92124822.96508        50.700
E02  24215791.060       -1524.527   127254846.95548        51.200
E04  27295956.160         447.344   143441223.05647        47.800
E09  24887635.560        2313.615   130785401.17248        48.450
E11  25616090.440       -2079.772   134613486.85647        47.700
E30  23597088.200        1342.248   124003541.86048        50.000
G04  22555221.900       -3309.669   118528502.85208        50.250
G07  24762896.960        1437.703   130129903.28207        47.400
G08  23189386.140        2598.542   121861047.92908        48.300
G10  21808562.340        2266.518   114604776.75808        50.850
G16  20342069.540        -533.099   106898307.83608        49.600
G18  21870550.180        -187.766   114930516.56608        50.200
G20  24641320.540       -2968.190   129491014.89116        36.050
G21  23232466.520       -2506.103   122087468.56308        49.300
G26  21397803.800       -2432.057   112446235.84308        51.000
G27  20669043.720        1186.347   108616578.57308        51.400
R06  22366561.140        -916.357   119352270.41007        44.850
R07  21837787.060        2484.936   116899393.26608        49.700
R08  23783373.540        4134.863   127358895.99806        39.600
R11  24383474.820       -4543.077   130297871.31507        44.350
R12  21139346.280       -3498.888   112922580.59808        48.850
R13  20665412.840         788.269   110352150.38507        44.950
R14  23753050.780        3669.204   126617121.99107        46.400
R22  20201682.160       -1347.592   107837983.02108        51.000
R23  20901891.020        1746.661   111811039.04108        50.200
> 2018 01 01 02 25 00.0000000  0 27
C05  39972196.640         -23.897   160951514.60407        42.850
C09  40230064.360        1011.568   161989812.64707        43.100
C12  22791293.040        1162.611    91771119.25908        50.350
E02  24306538.840       -1653.842   127731731.33248        50.950
E04  27274207.280         314.579   143326933.83647        46.700
E09  24757217.240        2254.453   130100049.60248        48.550
E11  25734986.600       -2085.479   135238289.15447        46.950
E30  23524228.980        1209.799   123620662.95048        50.150
G04  22746681.520       -3396.418   119534626.16808        50.000
G07  24685540.560        1271.980   129723395.51508        48.300
G08  23041791.140        2572.125   121085434.61608        48.250
G10  21683330.440        2119.708   113946680.46608        50.700
G16  20377720.900        -715.740   107085656.69208        49.800
G18  21886056.200        -355.102   115012003.20608        49.700
G20  24813636.840       -3066.506   130396543.33806        39.250
G21  23376339.420       -2533.226   122843525.95208        48.800
G26  21540583.580       -2568.789   113196546.58408        51.350
G27  20603683.540        1103.227   108273107.28208        51.450
R06  22425154.020       -1167.316   119664932.84807        45.950
R07  21703950.540        2289.501   116182955.66208        49.350
R08  23551687.260        4134.100   126118227.22806        40.800
R11  24637652.000       -4509.807                          29.100
R12  21340139.500       -3649.207   113995185.21308        48.750
R13  20628863.420         512.659   110156975.98807        45.550
R14  23550242.380        3536.017   125536042.88307        45.950
R22  20279406.620       -1417.622   108252881.25308        50.800
R23  20806127.880        1668.920   111298770.25808        50.550
> 2018 01 01 02 30 00.0000000  0 28
C05  39974006.000         -24.843   160958800.44507        42.750
C06  40829723.380         328.756   164404387.39706        38.200
C09  40156094.420         973.885   161691967.48607        43.700
C12  22705923.880        1128.923    91427372.52008        50.500
E02  24404558.520       -1779.482   128246825.28448        51.450
E04  27260095.240         179.575   143252773.00447        47.100
E05  28286346.040        2721.860   148645749.14946        41.300
E09  24630367.940        2188.333   129433454.29148        48.150
E11  25854169.960       -2090.380   135864601.42847        47.250
E30  23459029.220        1073.626   123278035.21848        50.200
G04  22942885.560       -3476.271   120565686.20608        49.700
G07  24617746.140        1102.602   129367128.87508        49.150
G08  22895762.100        2543.200   120318043.33708        48.650
G10  21566705.160        1964.761   113333809.22408        51.050
G16  20423789.560        -898.265   107327751.49408        49.350
G18  21911085.840        -521.632   115143532.86808        49.900
G20  24991298.960       -3156.619   131330148.63305        35.800
G21  23521627.520       -2556.174   123607019.14608        49.050
G26  21691000.740       -2699.852   113986996.45708        50.950
G27  20543128.820        1017.495   107954890.61108        51.450
R06  22497738.400       -1414.193   120052258.21907        45.600
R07  21581408.420        2081.607   115526977.85908        49.850
R08  23320430.900        4119.279   124879859.14107        42.100
R12  21548965.380       -3785.195   115110693.33808        48.650
R13  20607868.080         234.424   110044862.76207        45.850
R14  23355298.880        3389.261   124496884.51907        47.600
R22  20360975.980       -1484.872   108688305.57308        50.850
R23  20714701.380        1591.546   110809702.93008        50.500
> 2018 01 01 02 35 00.0000000  0 29
C05  39975863.080         -25.390   160966277.73807        43.300
C06  40806868.100         284.591   164312354.81006        39.850
C09  40084945.840         935.699   161405483.05807        43.300
C12  22623061.780        1095.139    91093720.12408        50.850
E02  24509612.780       -1900.405   128798892.17348        51.350
E04  27253713.980          43.589   143219237.28847        45.600
E05  28129821.880        2760.612   147823208.33047        43.650
E09  24507472.680        2115.860   128787633.47548        49.500
E11  25973588.640       -2093.814   136492150.87747        47.100
E30  23401696.840         934.155   122976750.46648        50.700
G04  23143432.860       -3548.673   121619573.53708        48.550
G07  24559685.140         930.876   129062024.38807        47.250
G08  22751435.040        2512.308   119559602.42407        47.950
G10  21459118.400        1802.900   112768437.91708        51.250
G16  20480242.820       -1079.518   107624415.11008        49.750
G18  21945564.440        -686.129   115324720.63208        50.050
G20  25173822.020       -3237.078   132289308.80805        35.350
G21  23668091.820       -2574.574   124376697.50408        48.400
G26  21848706.020       -2824.214   114815742.15108        50.700
G27  20487527.800         929.646   107662706.95008        51.400
R06  22584040.220       -1655.290   120512777.63007        46.200
R07  21470834.600        1862.449   114935068.47208        50.200
R08  23090400.920        4090.153   123648057.18007        42.550
R12  21764999.840       -3906.104   116264709.76508        48.600
R13  20602515.400         -44.146   110016283.14007        46.350
R14  23168964.620        3229.892   123503616.85408        48.450
R22  20446233.020       -1549.019   109143412.19908        51.100
R23  20627576.180        1515.327   110343640.09108        50.550
R24  24107884.780        2855.664   128915688.30306        39.850
> 2018 01 01 02 40 00.0000000  0 28
C05  39977765.240         -26.025   160973936.62607        43.150
C06  40787311.840         240.139   164233613.62206        39.950
C09  40016682.500         896.405   161130614.07207        44.150
C12  22542743.300        1060.568    90770311.67308        50.750
E02  24621443.080       -2016.932   129386562.29648        51.350
E04  27255127.220         -93.642   143226666.93947        45.400
E05  27971249.680        2793.387   146989907.40047        44.650
E09  24388902.860        2036.731   128164545.54648        49.650
E11  26093195.320       -2096.734   137120686.85147        46.800
E30  23352412.520         791.614   122717762.04448        50.750
G04  23347910.780       -3614.005   122694107.54508        49.100
G07  24511493.820         756.900   128808769.84007        47.400
G08  22608957.400        2478.267   118810876.46008        49.450
G10  21360967.820        1634.177   112252655.37908        50.800
G16  20547003.120       -1259.352   107975239.82708        49.600
G18  21989380.000        -848.803   115554973.94408        50.200
G21  23815505.440       -2589.427   125151359.22408        48.350
G26  22013322.240       -2942.047   115680804.16108        51.350
G27  20437029.840         838.764   107397337.63308        51.400
R06  22683709.620       -1889.895   121044635.42907        45.300
R07  21372848.820        1632.427   114410544.02808        49.750
R08  22862405.840        4046.397   122427157.57107        43.100
R12  21987407.280       -4012.189   117452768.21507        47.850
R13  20612805.960        -322.169   110071230.61307        46.050
R14  22991965.120        3057.554   122560112.29807        47.900
R22  20535031.020       -1611.009   109617421.63108        51.200
R23  20544714.120        1439.478   109900385.53008        50.550
R24  23948296.100        2833.427   128062294.12806        39.250
> 2018 01 01 02 45 00.0000000  0 28
C05  39979713.760         -26.590   160981783.04807        42.900
C06  40771055.580         196.035   164168157.42206        40.050
C09  39951365.640         856.484   160867612.47207        44.050
C12  22465017.720        1025.500    90457343.64708        50.950
E02  24739771.440       -2128.053   130008382.95248        51.350
E04  27264378.840        -230.880   143275287.36347        44.500
E05  27810965.820        2820.639   146147612.43547        46.050
E09  24275027.180        1951.468   127566124.73848        49.500
E11  26212953.740       -2098.928   137750022.09247        47.000
E30  23311339.440         646.593   122501920.51748        50.950
G04  23555898.460       -3671.755   123787092.31208        48.900
G07  24473260.200         582.072   128607854.79707        47.950
G08  22468489.200        2441.847   118072714.45808        50.350
G10  21272621.760        1459.645   111788391.64308        51.400
G16  20623956.420       -1436.562   108379633.14908        50.500
G18  22042389.060       -1008.151   115833539.41008        49.700
G21  23963656.200       -2600.361   125929896.95907        47.050
G26  22184455.980       -3052.515   116580120.70408        50.600
G27  20391791.400         745.309   107159605.65108        51.800
R06  22796342.120       -2116.132   121645663.69207        45.700
R07  21288018.100        1393.131   113956439.91508        49.700
R08  22637275.900        3987.990   121221593.27807        44.200
R12  22215350.720       -4103.223   118670402.54007        47.400
R13  20638652.520        -597.659   110209252.12207        45.250
R14  22825011.660        2873.082   121670154.80407        47.850
R22  20627244.320       -1670.597   110109661.56208        51.100
R23  20466088.580        1364.218   109479794.20808        50.500
R24  23789944.860        2811.157   127215519.60106        39.050
> 2018 01 01 02 50 00.0000000  0 29
C05  39981705.240         -27.337   160989801.90707        43.100
C06  40758087.600         151.698   164115938.51306        40.500
C09  39889049.100         815.862   160616690.97407        43.300
C11  26638596.000        1896.189   107262592.60306        38.500
C12  22389936.600         989.478    90155024.48408        50.850
E02  24864298.980       -2234.035   130662779.09748        51.050
E04  27281480.800        -368.657   143365161.31847        45.400
E05  27649309.500        2841.603   145298105.12347        45.700
E09  24166198.420        1859.814   126994225.81048        50.250
E11  26332831.360       -2100.999   138379983.46147        46.900
E30  23278608.700         499.379   122329919.93748        50.550
G04  23766969.280       -3721.979   124896275.39608        48.250
G07  24445032.020         406.578   128459517.93407        47.200
G08  22330200.460        2401.928   117346004.79208        50.700
G10  21194404.200        1279.347   111377357.07308        51.450
G16  20710947.020       -1610.868   108836771.87408        50.550
G18  22104410.940       -1164.392   116159464.86308        50.250
G21  24112343.320       -2608.405   126711251.17007        47.600
G26  22361694.300       -3155.875   117511512.27608        50.700
G27  20351966.040         648.984   106950324.97508        51.450
R06  22921467.100       -2333.862   122313354.20607        46.200
R07  21216843.420        1145.181   113575434.62608        50.700
R08  22415843.800        3914.159   120035836.94107        45.000
R12  22447990.420       -4179.632   119913120.73007        46.650
R13  20679882.520        -869.542   110429413.73907        47.700
R14  22668781.900        2676.521   120837364.82908        48.350
R22  20722757.800       -1728.515   110619519.66908        51.050
R23  20391674.900        1289.253   109081731.04208        50.500
R24  23632815.320        2789.554   126375280.91906        40.500
> 2018 01 01 02 55 00.0000000  0 29
C05  39983739.620         -27.495   160997994.22707        42.900
C06  40748393.120         108.403   164076905.57106        38.650
C09  39829784.760         774.752   160378060.20107        43.200
C11  26497194.300        1899.074   106693227.32306        40.850
C12  22317564.620         953.002    89863612.62908        50.700
E02  24994713.480       -2333.919   131348109.17048        51.350
E04  27306424.080        -505.309   143496238.16747        44.800
E05  27486632.140        2856.613   144443227.20447        47.300
E09  24062762.180        1762.868   126450664.07448        50.350
E11  26452806.660       -2102.332   139010458.36747        46.550
E30  23254331.220         350.839   122202339.82148        50.750
G04  23980693.280       -3764.400   126019403.75307        47.300
G07  24426816.700         231.854   128363789.11207        47.750
G08  22194277.400        2359.218   116631721.50508        50.800
G10  21126605.940        1095.103   111021076.62508        51.150
G16  20807784.080       -1781.054   109345657.42508        49.650
G18  22175236.640       -1316.204   116531655.92908        50.200
G21  24261382.180       -2612.747   127494454.94307        47.150
G26  22544610.320       -3251.074   118472740.43008        50.800
G27  20317716.860         550.263   106770343.09008        51.600
R06  23058565.800       -2541.792   123044939.12907        46.500
R07  21159760.300         890.801   113269867.02008        49.950
R08  22198958.460        3825.882   118874426.52907        45.350
R12  22684493.700       -4240.542   121176475.46007        47.000
R13  20736238.460       -1135.848   110730350.43107        45.650
R14  22523928.120        2469.277   120065212.38208        49.100
R22  20821476.680       -1784.518   111146488.59608        50.600
R23  20321459.500        1214.766   108706125.05508        50.750
R24  23476898.880        2768.604   125541522.29007        42.250
> 2018 01 01 03 00 00.0000000  0 30
C05  39985818.140         -28.241   161006363.60407        43.050
C06  40741956.900          64.411   164050989.77006        38.700
C09  39773622.060         732.886   160151913.92907        44.550
C11  26355635.620        1900.938   106123225.30007        43.800
C12  22247974.720         914.946    89583404.15708        50.950
E02  25130687.320       -2428.591   132062655.74948        51.250
E04  27339173.640        -641.680   143668336.82947        44.600
E05  27323289.720        2864.870   143584859.45347        47.550
E09  23965050.980        1659.523   125937189.71148        50.300
E11  26572866.340       -2103.961   139641374.70947        46.200
E30  23238590.660         200.539   122119622.68848        51.000
G04  24196641.000       -3799.705   127154212.69807        47.250
G07  24418573.440          57.412   128320475.15807        47.800
G08  22060916.820        2312.346   115930907.81808        50.950
G10  21069476.960         905.959   110720861.11808        51.450
G11  25249434.980        3270.037   132686681.81806        41.800
G16  20914244.000       -1947.543   109905103.48808        50.700
G18  22254630.680       -1464.297   116948875.38408        50.050
G21  24410603.200       -2614.556   128278622.31307        46.000
G26  22732764.720       -3339.202   119461501.49208        50.050
G27  20289206.200         448.173   106620518.54208        51.850
R06  23207073.180       -2739.652   123837400.79807        43.850
R07  21117135.840         629.699   113041694.55208        50.200
R08  21987472.860        3721.637   117741933.17007        45.900
R12  22924035.120       -4287.472   122456066.14607        46.150
R13  20807384.460       -1395.742   111110268.16307        46.300
R14  22391063.280        2250.854   119356966.76908        49.050
R22  20923322.440       -1839.603   111690147.03908        51.050
R23  20255439.420        1139.784   108352961.00708        50.950
R24  23322185.460        2746.753   124714203.80806        41.900
> 2018 01 01 03 05 00.0000000  0 30
C05  39987937.080         -28.797   161014896.15407        42.650
C06  40738753.060          21.485   164038085.18706        38.850
C09  39720597.520         690.275   159938408.63807        43.750
C11  26213923.860        1902.992   105552615.03307        43.600
C12  22181245.460         875.997    89314711.99708        51.000
E02  25271875.720       -2516.758   132804606.71148        50.800
E04  27379665.500        -776.344   143881121.73347        43.700
E05  27159642.820        2867.059   142724890.44547        47.750
E09  23873379.320        1551.032   125455452.64848        50.250
E11  26692998.120       -2104.765   140272671.90047        44.500
E30  23231439.520          49.845   122082042.72848        51.050
G04  24414373.340       -3827.175   128298407.74007        46.100
G07  24420219.460        -114.979   128329124.78807        47.550
G08  21930327.060        2261.953   115244653.70308        51.300
G10  21023218.260         714.084   110477769.81908        51.250
G11  25063100.700        3257.142   131707493.22807        42.550
G16  21030058.720       -2109.030   110513717.50208        50.350
G18  22342326.440       -1607.178   117409720.04508        50.150
G21  24559850.260       -2613.555   129062913.12407        46.950
G26  22925706.240       -3418.945   120475410.42908        50.350
G27  20266593.520         343.509   106501687.72508        51.850
R06  23366375.820       -2925.890   124687473.94707        43.200
R07  21089254.680         364.621   112892444.74708        50.200
R08  21782236.720        3602.643   116642906.30907        45.600
R12  23165799.100       -4319.788   123747526.85607        44.650
R13  20892903.420       -1647.551   111566934.09307        45.850
R14  22270751.500        2023.109   118715636.91208        49.050
R22  21028225.600       -1893.491   112250127.62108        51.000
R23  20193616.740        1064.783   108022253.21508        50.350
R24  23168668.360        2725.893   123893281.17806        41.800
> 2018 01 01 03 10 00.0000000  0 33
C05  39990097.020         -29.003   161023593.43407        42.800
C06  40738752.680         -21.207   164038081.81706        38.150
C09  39670751.360         647.618   159737696.28807        44.400
C11  26072080.020        1904.744   104981466.62407        44.550
C12  22117466.420         835.959    89057899.83108        51.250
E02  25417925.980       -2598.686   133572106.95348        50.700
E04  27427815.060        -909.745   144134148.58047        44.100
E05  26996059.560        2862.976   141865256.90347        47.250
E09  23788048.340        1437.722   125007038.23348        50.150
E11  26813201.100       -2105.763   140904341.91647        45.000
E30  23232905.800        -101.077   122089746.04848        50.800
G01  25197537.800        3285.908   132413947.36307        42.200
G04  24633459.040       -3846.744   129449711.81807        45.700
G07  24431629.040        -284.202   128389080.93107        47.000
G08  21802730.780        2207.692   114574130.62108        51.200
G10  20987990.580         519.885   110292646.39908        51.450
G11  24877584.500        3242.040   130732590.74607        43.200
G16  21154937.060       -2264.837   111169954.62508        50.650
G18  22438036.860       -1744.743   117912681.26308        49.700
G21  24708976.560       -2610.343   129846582.09107        45.750
G26  23122972.540       -3490.361   121512054.41508        49.850
G27  20250040.400         236.116   106414702.31408        51.850
G30  25297714.560         896.820   132940388.32706        38.500
R01  24463063.620        4392.716   130769092.20507        43.350
R06  23535832.880       -3100.289   125591727.95606        41.750
R07  21076326.980          96.563   112823242.81208        49.800
R08  21584102.160        3468.593   115581898.32907        46.700
R12  23408986.960       -4337.988   125046585.95907        44.900
R13  20992308.140       -1889.590   112097747.76607        45.950
R14  22163510.300        1786.691   118143982.69408        49.600
R22  21136135.260       -1946.442   112826156.26108        50.800
R23  20136011.180         989.515   107714099.84408        50.650
R24  23016347.820        2704.768   123078757.34007        44.250
> 2018 01 01 03 15 00.0000000  0 34
C05  39992296.900         -29.812   161032451.53407        42.700
C06  40741920.740         -63.762   164050845.49505        35.550
C09  39624112.880         604.243   159549903.29507        44.900
C11  25930123.300        1905.909   104409871.59307        45.050
C12  22056734.920         794.110    88813361.35808        50.850
E02  25568473.240       -2674.451   134363239.05048        50.350
E04  27483512.180       -1041.253   144426841.07947        45.650
E05  26832913.080        2851.697   141007912.19148        48.750
E09  23709341.820        1319.030   124593431.99848        50.250
E11  26933477.260       -2107.857   141536399.05147        44.600
E30  23242986.360        -252.054   122142721.14448        50.550
G01  25010986.660        3249.080   131433621.79207        43.150
G04  24853465.480       -3859.571   130605845.70207        46.900
G07  24452633.100        -450.768   128499454.02807        47.350
G08  21678361.600        2148.791   113920567.41908        51.050
G10  20963906.680         323.718   110166085.51308        51.250
G11  24692992.400        3224.482   129762557.60007        45.650
G16  21288550.800       -2415.058   111872099.87608        50.500
G18  22541451.240       -1877.200   118456130.05208        49.350
G21  24857856.360       -2605.177   130628946.55407        45.900
G26  23324098.560       -3554.230   122568976.06708        49.900
G27  20239706.160         125.371   106360394.88008        51.800
G30  25251309.840         728.669   132696526.05506        38.800
G32  25798206.600        2715.976   135570490.23306        40.300
R01  24215453.000        4429.414   129445477.03507        42.350
R06  23714768.320       -3263.106   126546563.35607        43.100
R07  21078481.620        -173.588   112834775.14108        49.750
R08  21393905.520        3319.134   114563407.52207        46.950
R12  23652810.740       -4342.777   126349052.67307        45.650
R13  21105042.320       -2121.846   112699741.99707        46.400
R14  22069799.920        1542.321   117644454.08108        49.400
R22  21247011.760       -1999.245   113418022.05608        50.800
R23  20082648.600         913.298   107428651.36708        50.600
R24  22865229.760        2682.831   122270661.10207        44.500
> 2018 01 01 03 20 00.0000000  0 35
C05  39994536.140         -30.180   161041467.69507        42.850
C06  40748224.060        -105.195   164076224.93706        37.250
C09  39580709.740         560.747   159375136.95007        44.600
C11  25788087.180        1906.791   103837952.05607        46.250
C12  21999158.760         751.156    88581525.36608        51.100
E02  25723144.760       -2743.040   135176040.08248        50.350
E04  27546624.740       -1169.421   144758503.86647        43.050
E05  26670576.500        2834.448   140154830.19448        48.550
E09  23637523.200        1196.396   124216020.36448        50.600
E11  27053835.900       -2109.010   142168885.95247        44.650
E30  23261651.500        -401.640   122240806.22348        50.950
G01  24826620.340        3209.615   130464766.01607        45.350
G04  25073957.420       -3863.887   131764542.45807        47.200
G07  24483018.740        -612.913   128659135.85507        47.250
G08  21557465.820        2085.840   113285257.07108        51.000
G10  20951033.780         127.259   110098437.64608        51.400
G11  24509441.540        3205.553   128797990.21707        45.250
G16  21430545.460       -2558.395   112618288.55608        50.150
G18  22652241.740       -2003.288   119038336.33008        49.200
G21  25006371.020       -2597.519   131409394.26607        45.600
G26  23528609.300       -3609.222   123643691.51108        48.700
G27  20235744.880          12.857   106339580.23108        51.650
G30  25214526.820         560.021   132503229.45706        41.950
G32  25642298.400        2744.438   134751192.02007        43.800
R01  23966092.880        4454.935   128112506.46507        45.750
R06  23902485.640       -3412.873   127548257.77107        42.650
R07  21095763.300        -443.192   112927287.60508        50.200
R08  21212476.100        3155.536   113591859.08207        47.900
R12  23896507.580       -4333.455   127650834.31507        42.850
R13  21230489.400       -2342.057   113369622.12507        45.850
R14  21990018.620        1291.930   117219173.21308        50.050
R15  24588054.640        3439.906   131391109.66417        42.800
R22  21360827.200       -2051.124   114025576.65808        50.750
R23  20033573.180         836.658   107166129.75008        50.650
R24  22715327.380        2661.190   121469065.47107        44.000
> 2018 01 01 03 25 00.0000000  0 35
C05  39996813.440         -30.783   161050636.58107        42.650
C06  40757618.460        -146.369   164114047.78406        38.950
C09  39540563.060         516.990   159213481.20507        45.550
C11  25646009.220        1907.246   103265861.27407        45.200
C12  21944851.180         706.528    88362851.89008        51.050
E02  25881557.440       -2805.315   136008504.66248        50.300
E04  27616998.060       -1295.134   145128304.74056        37.800
E05  26509429.260        2810.260   139307996.04748        48.850
E09  23572834.400        1069.618   123876079.15148        50.850
E11  27174288.240       -2110.335   142801866.44147        44.400
E30  23288840.100        -550.297   122383684.53448        50.850
G01  24644589.420        3167.620   129508185.43007        42.750
G04  25294509.380       -3861.095   132923546.75007        44.600
G07  24522537.160        -770.427   128866804.48608        48.100
G08  21440300.160        2018.271   112669546.88908        51.400
G10  20949390.640         -69.306   110089803.65908        51.450
G11  24327045.560        3184.241   127839496.06607        44.250
G16  21580540.220       -2694.952   113406514.83108        50.600
G18  22770060.960       -2123.221   119657480.27108        49.400
G21  25154416.000       -2588.337   132187376.14407        45.000
G26  23736030.500       -3655.931   124733694.78808        49.100
G27  20238307.280        -102.697   106353043.81608        51.850
G30  25187413.040         390.120   132360747.42306        41.150
G32  25485042.440        2763.361   133924806.31807        44.600
R01  23715668.840        4467.621   126773847.94707        44.900
R06  24098267.640       -3549.590   128592985.78307        42.650
R07  21128136.720        -711.561   113100584.78608        49.500
R08  21040617.560        2977.658   112671567.83107        47.600
R12  24139329.860       -4311.470   128947945.76306        41.650
R13  21367977.600       -2549.978   114103799.91307        45.750
R14  21924495.660        1036.058   116869900.53508        49.500
R15  24398839.060        3299.032   130380001.22606        41.450
R22  21477564.060       -2102.967   114648726.02408        50.550
R23  19988837.300         758.801   106926820.56408        50.850
R24  22566662.300        2638.846   120674089.85007        44.650
> 2018 01 01 03 30 00.0000000  0 36
C05  39999127.560         -31.344   161059955.28407        42.750
C06  40770054.280        -186.915   164164126.95406        38.850
C09  39503687.280         473.072   159065001.37707        44.850
C11  25503934.900        1906.744   102693790.07807        45.550
C12  21893935.400         660.187    88157835.45408        51.250
E02  26043324.420       -2860.664   136858598.54948        49.350
E04  27694459.740       -1417.459   145535358.92647        42.000
E05  26349850.860        2779.394   138469407.24048        49.100
E09  23515497.360         938.864   123574772.88048        50.550
E11  27294850.780       -2112.964   143435428.91447        43.250
E30  23324464.500        -697.271   122570891.32848        50.950
G01  24465039.520        3122.651   128564647.43307        45.000
G04  25514694.860       -3851.178   134080631.94806        39.200
G07  24570896.800        -922.625   129120936.00507        47.700
G08  21327131.400        1945.849   112074840.57608        51.350
G10  20958950.680        -265.113   110140042.01408        51.300
G11  24145925.640        3160.944   126887704.57707        46.300
G16  21738129.420       -2824.395   114234648.32208        50.950
G18  22894548.840       -2236.801   120311670.59008        48.850
G21  25301899.780       -2578.151   132962410.32807        42.150
G22  25638471.500        3656.110   134731079.43407        42.650
G26  23945882.620       -3694.328   125836472.80208        48.400
G27  20247535.740        -220.815   106401539.81908        51.750
G30  25169975.440         220.555   132269112.46106        39.400
G32  25326961.060        2773.256   133094082.32307        44.000
R01  23464891.180        4467.411   125433298.15107        47.550
R06  24301385.520       -3673.193   129676862.77206        39.400
R07  21175484.540        -977.337   113354039.09108        49.950
R08  20879111.980        2786.004   111806713.31407        47.400
R12  24380555.100       -4276.793   130236526.42907        42.300
R13  21516786.180       -2745.079   114898430.43207        44.750
R14  21873491.380         776.248   116598018.77408        48.800
R15  24217896.060        3145.216   129413096.34807        43.200
R22  21597214.800       -2154.874   115287429.38908        50.700
R23  19948507.000         679.508   106711083.67908        50.700
R24  22419269.840        2615.731   119885914.25107        44.150
> 2018 01 01 03 35 00.0000000  0 35
C05  40001478.180         -31.645   161069418.80107        42.950
C06  40785484.440        -226.592   164226256.14606        39.250
C09  39470095.320         429.005   158929740.44207        45.100
C11  25361922.400        1905.562   102121964.28507        46.200
C12  21846541.320         612.027    87966999.70908        50.950
E02  26208055.280       -2908.888   137724260.89248        49.800
E04  27778809.920       -1536.456   145978620.92847        43.300
E05  26192222.200        2742.141   137641062.92048        49.300
E09  23465710.560         805.161   123313142.90748        50.650
E11  27415544.420       -2115.461   144069677.45947        42.800
E30  23368407.140        -841.538   122801810.36948        50.900
G01  24288109.760        3075.942   127634875.01407        47.350
G04  25734098.000       -3833.443   135233602.85206        39.800
G07  24627771.060       -1068.404   129419814.09007        46.250
G08  21218236.120        1868.697   111502592.13808        51.650
G10  20979639.940        -458.978   110248767.20008        51.250
G11  23966204.320        3135.474   125943262.19307        46.450
G16  21902884.200       -2945.861   115100443.68708        50.300
G18  23025334.460       -2343.528   120998951.14408        48.700
G21  25448743.540       -2565.961   133734074.63206        41.300
G22  25429578.500        3661.309   133633340.61007        44.850
G26  24157685.440       -3724.249   126949507.82807        46.400
G27  20263565.980        -340.782   106485778.30808        52.000
G30  25162177.020          52.732   132228133.43206        40.300
G32  25168590.760        2773.591   132261843.24907        44.950
R01  23214489.720        4454.422   124094758.00207        46.400
R07  21237608.940       -1238.564   113686598.38908        49.900
R08  20728706.660        2581.632   111001298.99308        48.000
R12  24619488.080       -4229.839   131512865.52407        42.250
R13  21676153.660       -2925.787   115749446.00407        44.800
R14  21837189.620         514.031   116404508.00908        49.950
R15  24045929.120        2979.369   128494156.01407        44.050
R22  21719779.140       -2206.522   115941685.81808        50.100
R23  19912664.120         598.858   106519345.01608        50.800
R24  22273192.900        2592.122   119104775.86107        44.900
> 2018 01 01 03 40 00.0000000  0 34
C05  40003863.160         -32.047   161079023.97707        42.300
C06  40803851.700        -265.784   164300214.49506        38.550
C09  39439792.040         384.727   158807721.98907        44.450
C11  25220036.680        1903.336   101550650.79207        46.700
C12  21802806.900         561.992    87790898.26408        51.000
E02  26375353.260       -2950.432   138603415.91648        49.750
E04  27869836.600       -1651.314   146456968.91147        44.950
E05  26036923.420        2697.924   136824962.55548        49.900
E09  23423648.920         668.360   123092107.03448        50.750
E11  27536392.200       -2117.920   144704734.06047        44.500
E30  23420522.580        -983.323   123075681.99848        50.600
G01  24113929.420        3026.499   126719550.07707        45.800
G04  25952310.640       -3809.445   136380327.33806        36.300
G07  24692800.920       -1208.063   129761542.07007        47.300
G08  21113899.580        1786.259   110954299.98308        51.600
G10  21011342.080        -650.559   110415360.43708        51.650
G11  23788008.600        3107.527   125006839.71407        46.150
G16  22074360.680       -3059.613   116001558.12008        50.450
G18  23162034.660       -2443.730   121717319.38307        47.850
G21  25594876.660       -2552.913   134502009.96206        39.250
G22  25220588.220        3659.832   132535086.60407        45.600
G26  24370964.160       -3745.780   128070290.33407        47.700
G27  20286523.960        -463.293   106606422.24008        52.200
G30  25163941.200        -113.918   132237396.38607        42.350
G32  25010481.160        2764.095   131430976.70107        45.400
R01  22965211.640        4427.466   122762224.15607        47.000
R07  21314239.440       -1494.609   114096806.19208        49.800
R08  20590110.600        2364.652   110259122.25308        48.700
R13  21845285.920       -3092.284   116652597.88107        46.450
R14  21815695.900         250.314   116289934.93308        50.100
R15  23883625.140        2801.140   127626852.00307        45.350
R22  21845264.440       -2258.569   116611533.04008        50.600
R23  19881399.740         516.243   106352104.16008        50.650
R24  22128489.960        2566.816   118330985.75407        46.000
> 2018 01 01 03 45 00.0000000  0 33
C05  40006283.300         -32.497   161088768.84207        42.450
C06  40825097.380        -304.060   164385766.77806        37.350
C09  39412778.560         340.753   158698949.96907        44.400
C11  25078355.280        1900.156   100980159.21907        46.600
C12  21762875.920         509.998    87630112.86908        51.100
E02  26544820.780       -2984.936   139493979.18048        48.000
E04  27967308.820       -1762.389   146969192.59747        44.100
E05  25884334.220        2647.233   136023099.60948        50.050
E09  23389462.140         529.330   122912453.73048        50.550
E11  27657419.340       -2121.280   145340736.10747        43.150
E30  23480642.020       -1121.813   123391606.34648        50.100
G01  23942619.800        2975.185   125819314.56707        44.400
G07  24765590.920       -1340.319   130144059.17307        47.950
G08  21014414.760        1698.643   110431503.16308        51.700
G10  21053895.100        -838.951   110638978.49308        51.300
G11  23611472.700        3077.298   124079138.60307        45.400
G16  22252095.940       -3165.187   116935562.10108        50.150
G18  23304263.760       -2537.167   122464737.91407        47.400
G21  25740242.740       -2539.050   135265884.50415        35.850
G22  25011887.500        3651.136   131438363.41607        44.200
G26  24585241.900       -3759.300   129196325.46307        46.850
G27  20316524.900        -587.577   106764079.57908        51.750
G30  25175145.920        -277.644   132296282.66006        37.200
G32  24853194.220        2744.967   130604425.66207        45.400
R01  22717820.200        4387.026   121439776.22107        47.800
R07  21405031.240       -1743.773   114582821.69108        49.350
R08  20463987.040        2136.479   109583738.91308        48.800
R13  22023357.600       -3244.006   117603489.87307        44.500
R14  21809037.740         -13.061   116254443.88908        49.650
R15  23731645.040        2611.623   126814713.38507        44.350
R22  21973682.340       -2310.957   117297038.72408        49.800
R23  19854822.100         431.710   106209929.84608        51.000
R24  21985233.800        2540.364   117564934.64907        44.500
> 2018 01 01 03 50 00.0000000  0 34
C05  40008735.440         -33.192   161098641.71407        42.600
C06  40849161.600        -341.575   164482652.57706        40.800
C09  39389048.440         296.569   158603398.04707        45.350
C11  24936963.080        1895.458   100410834.30307        46.850
C12  21726896.440         455.807    87485239.23908        51.100
E02  26716061.320       -3012.752   140393849.59948        49.200
E04  28070979.740       -1868.639   147513986.87547        43.000
E05  25734827.800        2589.751   135237441.10148        49.950
E09  23363272.220         388.195   122774824.29148        50.700
E11  27778652.480       -2125.452   145977818.89246        39.700
E30  23548562.760       -1256.706   123748534.20148        50.450
G01  23774293.920        2921.818   124934756.78907        47.150
G07  24845720.460       -1465.239   130565138.36307        46.350
G08  20920077.960        1605.701   109935760.48208        51.450
G10  21107095.140       -1023.748   110918548.43708        50.900
G11  23436733.000        3044.344   123160875.37907        46.850
G14  25503686.440        2681.615   134022777.72807        42.300
G16  22435611.060       -3262.345   117899941.06308        49.950
G18  23451626.840       -2623.835   123239131.30007        47.800
G21  25884795.220       -2524.965   136025507.40306        37.550
G22  24803873.120        3635.599   130345236.97907        45.550
G26  24800045.660       -3764.390   130325125.52507        46.600
G27  20353670.240        -713.733   106959281.21608        51.700
G30  25195633.140        -439.018   132403933.85406        38.950
G32  24697294.020        2715.370   129785164.49207        46.300
R01  22473089.560        4332.477   120131553.28708        48.450
R07  21509571.080       -1985.199   115142431.98208        49.250
R08  20350946.200        1897.706   108978412.45708        48.000
R13  22209521.780       -3380.441   118597598.71807        44.350
R14  21817159.420        -274.868   116297735.52908        49.750
R15  23590610.420        2411.081   126061073.38107        43.800
R22  22105048.960       -2363.735   117998278.91808        49.950
R23  19833045.520         344.849   106093441.88908        50.450
R24  21843511.800        2512.029   116807081.20607        45.400
> 2018 01 01 03 55 00.0000000  0 33
C05  40011220.980         -33.492   161108650.71207        42.450
C06  40875974.140        -378.065   164590617.32206        41.050
C09  39368594.700         252.816   158521038.95007        45.100
C11  24795963.500        1889.506    99843084.97907        47.550
C12  21695026.500         399.627    87356913.27208        51.050
E02  26888677.040       -3033.291   141300954.07148        48.450
E03  28658652.900        2972.754   150602240.78747        44.100
E04  28180591.180       -1970.063   148089997.11747        43.600
E05  25588780.860        2525.960   134469959.07548        50.150
E09  23345179.400         245.764   122679747.61748        50.900
E11  27900122.880       -2129.654   146616150.41046        39.250
E30  23624067.160       -1387.407   124145310.82248        50.450
G01  23609060.380        2866.794   124066450.59907        46.900
G07  24932741.840       -1581.695   131022438.53607        44.350
G08  20831195.740        1507.574   109468680.01008        51.900
G10  21170705.020       -1203.678   111252819.84008        51.350
G11  23263936.480        3009.073   122252824.88108        48.050
G14  25349723.940        2711.053   133213698.61507        42.750
G16  22624421.160       -3350.628   118892142.86708        50.200
G18  23603728.920       -2703.377   124038434.87507        47.650
G22  24596941.700        3613.159   129257811.53807        46.700
G26  25014911.640       -3761.261   131454255.04007        46.200
G27  20398053.180        -841.093   107192512.56208        51.900
G32  24543358.780        2676.178   128976228.65007        47.050
R01  22231810.500        4263.983   118841777.82208        48.900
R07  21627388.400       -2217.487   115773118.71308        49.700
R08  20251544.680        1649.702   108446120.51108        48.450
R13  22402922.100       -3501.586   119630344.57907        43.800
R14  21839928.460        -533.354   116419108.51308        49.350
R15  23461114.600        2200.623   125369086.35407        44.250
R22  22239383.560       -2416.566   118715368.03808        49.850
R23  19816203.660         255.688   106003349.94408        50.750
R24  21703430.340        2481.868   116057998.97807        45.800
> 2018 01 01 04 00 00.0000000  0 32
C05  40013736.900         -34.032   161118781.23707        42.800
C06  40905465.520        -413.339   164709369.60506        40.050
C09  39351399.440         208.996   158451802.17207        44.900
C11  24655461.680        1881.912    99277344.68907        47.400
C12  21667423.540         341.159    87245765.75608        51.200
E02  27062272.080       -3047.064   142213197.92748        48.950
E03  28487834.160        3010.669   149704577.80147        46.400
E04  28295865.940       -2067.254   148695772.54747        43.250
E05  25446557.140        2455.754   133722568.42748        50.450
E09  23335252.780         102.081   122627582.58548        50.600
E30  23706904.720       -1513.772   124580627.18748        49.950
G01  23447016.420        2809.863   123214902.31507        47.300
G07  25026180.440       -1690.241   131513466.52006        38.250
G08  20748070.440        1403.813   109031854.64308        51.900
G10  21244444.200       -1378.574   111640322.24608        51.050
G11  23093231.680        2970.933   121355767.28508        48.700
G14  25194334.380        2731.360   132397119.23407        44.200
G16  22818024.540       -3430.443   119909537.34508        49.650
G18  23760172.460       -2776.110   124860553.00307        46.850
G22  24391491.280        3583.604   128178159.40107        47.300
G26  25229377.580       -3750.770   132581281.60507        45.200
G27  20449743.820        -969.779   107464151.16608        51.850
G32  24391964.380        2626.314   128180647.90007        46.850
R01  21994774.420        4181.056   117574686.45008        49.000
R07  21757951.560       -2440.026   116472032.79208        49.650
R08  20166267.280        1393.495   107989465.79708        48.600
R13  22602685.500       -3607.021   120697069.35207        43.200
R14  21877128.800        -787.666   116617408.32808        49.500
R15  23343696.020        1980.934   124741637.50107        45.350
R22  22376704.560       -2470.104   119448396.08508        49.150
R23  19804434.060         163.737   105940388.59508        50.600
R24  21565106.860        2449.133   115318324.97807        45.850
> 2018 01 01 04 05 00.0000000  0 31
C05  40016283.520         -34.047   161129034.88307        42.900
C06  40937565.560        -448.046   164838621.88006        39.050
C09  39337445.520         165.841   158395613.85207        45.600
C11  24515582.900        1872.892    98714111.76107        47.400
C12  21644250.300         280.757    87152456.97108        51.250
E02  27236451.680       -3053.666   143128521.27447        47.200
E03  28314996.300        3043.709   148796310.97147        45.050
E04  28416521.720       -2158.809   149329824.61347        42.250
E05  25308518.620        2379.512   132997170.94348        50.800
E09  23333537.600         -41.769   122618568.08748        50.950
E30  23796809.920       -1634.894   125053078.34548        50.600
G01  23288254.420        2752.058   122380603.73007        47.050
G08  20671010.420        1295.115   108626904.05108        51.600
G10  21328003.960       -1547.620   112079432.31008        51.000
G11  22924778.940        2930.389   120470540.69808        48.300
G14  25038026.140        2743.000   131575718.06706        41.750
G16  23015919.060       -3500.943   120949478.20708        49.400
G18  23920564.200       -2841.528   125703415.56907        46.300
G22  24187915.320        3547.436   127108367.95207        46.900
G26  25442992.540       -3731.568   133703835.67107        46.000
G27  20508804.260       -1099.141   107774511.95508        51.850
G32  24243695.140        2566.621   127401485.95107        47.650
R01  21762783.420        4084.239   116334562.15908        49.350
R07  21900681.660       -2651.584   117236080.81308        48.700
R08  20095535.680        1130.752   107610700.27008        48.700
R13  22807939.500       -3697.021   121793110.73406        41.850
R14  21928471.500       -1035.641   116891091.46508        49.250
R15  23238848.460        1753.070   124181361.30607        45.750
R22  22517031.940       -2523.524   120197472.47007        47.900
R23  19797887.420          69.417   105905367.37508        50.500
R24  21428684.960        2413.944   114588815.97907        45.550
> 2018 01 01 04 10 00.0000000  0 32
C05  40018857.680         -34.535   161139400.91907        42.850
C06  40972195.500        -481.103   164978061.10406        39.350
C09  39326704.700         122.931   158352367.78907        44.900
C11  24376460.100        1861.805    98153921.34008        48.250
C12  21625670.460         218.066    87077645.05808        51.150
E02  27410826.660       -3053.690   144044866.27147        47.550
E03  28140442.720        3071.205   147879024.93647        46.800
E04  28542263.800       -2245.351   149990598.94347        43.050
E05  25175016.040        2297.019   132295610.28648        50.850
E09  23340048.460        -185.772   122652784.81848        50.800
E30  23893488.620       -1750.688   125561133.15948        49.850
G01  23132858.580        2692.352   121563996.06107        47.700
G08  20600321.400        1180.943   108255428.49708        52.000
G10  21421042.580       -1710.348   112568352.46308        51.100
G11  22758741.360        2886.652   119598007.43108        48.100
G14  24881321.060        2745.778   130752225.22407        43.350
G16  23217591.280       -3562.490   122009273.76108        49.100
G18  24084509.140       -2900.372   126564953.24007        46.850
G22  23986609.200        3504.412   126050491.70507        47.600
G26  25655311.300       -3705.114   134819582.53107        44.700
G27  20575271.360       -1229.079   108123803.31908        51.650
G28  25600706.960        3089.512   134532618.36806        40.600
G32  24099130.180        2496.826   126641791.60407        46.750
R01  21536636.700        3973.107   115125679.03808        49.750
R07  22054956.340       -2851.591   118061920.22208        49.050
R08  20039691.700         862.514   107311659.96908        48.950
R13  23017807.320       -3771.378   122913795.72606        41.700
R14  21993588.420       -1276.656   117238201.27208        49.650
R15  23147004.960        1518.174   123690578.19707        44.750
R22  22660381.020       -2577.383   120962679.24208        49.250
R23  19796719.600         -27.847   105899123.23608        50.300
R24  21294320.920        2376.039   113870312.73407        45.600
> 2018 01 01 04 15 00.0000000  0 30
C05  40021460.420         -35.131   161149881.72707        42.400
C06  41009276.700        -513.679   165127377.11506        39.250
C09  39319150.840          80.205   158321951.12407        44.900
C11  24238241.640        1848.335    97597372.59908        48.700
C12  21611852.940         152.822    87022005.87108        51.250
E02  27585011.740       -3047.321   144960215.45248        48.100
E03  27964484.660        3092.695   146954359.29547        47.050
E05  25046393.420        2208.376   131619697.79848        50.650
E09  23354778.060        -329.733   122730189.07648        50.650
E30  23996635.980       -1861.620   126103176.05248        49.700
G01  22980911.520        2631.220   120765506.35208        48.150
G08  20536306.960        1061.107   107919028.31308        51.950
G10  21523193.480       -1866.951   113105161.20208        50.950
G11  22595294.080        2839.334   118739090.02708        48.800
G14  24724751.100        2738.271   129929442.18506        41.800
G16  23422530.000       -3615.462   123086234.37208        48.600
G18  24251621.320       -2952.597   127443135.62007        46.000
G22  23787959.100        3454.035   125006580.99507        47.800
G27  20649173.040       -1359.621   108512155.51108        51.700
G28  25425931.300        3032.044   133614167.46606        40.900
G32  23958850.620        2416.294   125904618.69908        48.250
R01  21317134.740        3847.240   113952315.78908        50.100
R07  22220115.420       -3040.058   118946029.26108        48.300
R08  19999003.800         589.832   107093778.67208        48.750
R13  23231423.180       -3830.561   124054492.50006        40.600
R14  22072045.980       -1509.697   117656423.20408        49.400
R15  23068543.160        1276.423   123271301.47707        45.700
R22  22806767.200       -2631.794   121744098.26208        48.900
R23  19801098.400        -128.461   105922545.94308        50.550
R24  21162196.040        2333.929   113163779.34807        46.150
> 2018 01 01 04 20 00.0000000  0 31
C05  40024090.500         -35.150   161160472.56907        42.550
C06  41048732.420        -544.807   165286241.10906        41.050
C09  39314748.680          38.283   158304224.86607        45.650
C11  24101086.220        1833.308    97045108.23508        48.650
C12  21602962.540          85.750    86986208.89308        51.300
E02  27758627.300       -3033.604   145872569.12647        46.900
E03  27787438.380        3109.382   146023975.72347        47.200
E05  24922985.200        2114.568   130971178.25648        51.250
E09  23377689.240        -472.396   122850587.85048        50.700
E30  24105924.340       -1965.782   126677488.10048        49.550
G01  22832485.040        2568.977   119985523.41407        47.950
G03  25637683.220        3802.088   134726936.08506        41.600
G08  20479264.300         936.692   107619268.39608        51.950
G10  21634066.700       -2015.856   113687804.08108        50.800
G11  22434620.280        2789.396   117894743.18108        49.050
G14  24568855.300        2721.771   129110209.33407        44.100
G16  23630220.920       -3658.805   124177654.28308        48.050
G18  24421519.280       -2997.638   128335954.30106        41.900
G22  23592350.260        3397.870   123978648.62007        47.850
G27  20730511.120       -1489.574   108939589.47608        51.850
G28  25254675.340        2966.676   132714214.01016        40.750
G32  23823430.720        2326.480   125192985.50607        47.650
R01  21105069.380        3708.102   112818704.03008        50.150
R07  22395468.660       -3215.376   119884713.46907        47.800
R08  19973657.080         315.098   106958045.74608        49.650
R13  23447927.260       -3874.026   125210608.49506        41.350
R14  22163342.660       -1732.675   118143083.83608        49.650
R15  23003772.600        1030.620   122925187.53707        46.100
R22  22956199.420       -2685.725   122541776.70907        47.950
R23  19811193.400        -231.761   105976547.74208        50.700
R24  21032507.160        2289.132   112470277.80407        46.600
> 2018 01 01 04 25 00.0000000  0 31
C05  40026745.120         -35.920   161171160.65607        42.500
C06  41090469.720        -575.297   165454306.76706        39.850
C09  39313456.180          -3.438   158299023.64707        44.850
C11  23965166.040        1815.116    96497814.63008        48.550
C12  21599163.420          15.981    86970911.62408        51.150
E02  27931295.540       -3014.213   146779949.69447        46.450
E03  27609623.000        3119.311   145089551.83647        47.450
E05  24805106.340        2014.462   130351721.90648        51.050
E09  23408716.480        -614.306   123013640.63648        50.250
E30  24221008.020       -2064.770   127282256.02548        49.500
G01  22687648.040        2505.009   119224399.73608        48.500
G03  25420750.180        3797.583   133586945.45207        43.150
G08  20429482.460         806.597   107357664.16808        51.950
G10  21753249.800       -2158.139   114314111.37608        50.900
G11  22276907.360        2735.391   117065957.23808        49.650
G14  24414182.600        2695.358   128297394.26407        44.850
G16  23840145.820       -3693.802   125280817.66207        47.150
G18  24593825.880       -3037.519   129241428.80506        38.100
G22  23400155.120        3334.442   122968660.63907        47.950
G27  20819268.240       -1619.759   109406012.32208        51.750
G28  25087383.320        2892.743   131835084.32607        43.400
G32  23693436.620        2226.105   124509859.48508        48.550
R01  20901218.140        3554.397   111729004.42308        50.350
R07  22580302.080       -3378.426   120874139.34608        48.800
R08  19963749.720          38.641   106904995.25808        49.600
R13  23666468.900       -3903.524   126377607.45006        38.650
R14  22266912.960       -1945.926   118695174.96908        48.850
R15  22952932.660         780.184   122653515.97607        46.200
R22  23108678.640       -2740.388   123355719.55008        49.100
R23  19827177.260        -338.752   106062049.33408        50.650
R24  20905473.280        2239.140   111790968.29407        46.000
> 2018 01 01 04 30 00.0000000  0 31
C05  40029425.240         -36.149   161181950.60507        43.000
C06  41134410.720        -604.210   165631236.50306        40.000
C09  39315234.160         -44.277   158306181.40207        45.450
C11  23830668.220        1794.741    95956247.74208        49.050
C12  21600620.680         -55.596    86976779.53508        51.250
E02  28102652.860       -2987.972   147680437.18047        44.850
E03  27431366.500        3124.349   144152810.98047        46.950
E05  24693066.260        1909.675   129762949.38248        50.800
E09  23447775.780        -753.867   123218895.94248        50.550
E30  24341531.560       -2156.748   127915613.40548        49.050
G01  22546466.260        2440.674   118482488.15908        48.650
G03  25204259.040        3786.252   132449273.62207        42.300
G08  20387245.080         672.279   107135704.33408        52.100
G10  21880315.660       -2292.315   114981848.19708        50.600
G11  22122357.640        2678.194   116253793.12008        49.850
G14  24261284.880        2659.386   127493916.94307        45.550
G16  24051796.060       -3719.590   126393044.60207        47.800
G18  24768175.760       -3070.113   130157644.45406        40.600
G22  23211746.240        3265.083   121978564.66108        49.350
G27  20915411.140       -1748.602   109911247.50208        51.700
G28  24924499.640        2812.196   130979120.49807        45.000
G32  23569424.780        2116.641   123858175.06908        48.700
R01  20706347.440        3387.788   110687310.62008        50.350
R07  22773883.940       -3527.819   121910400.81107        47.650
R08  19969302.980        -236.794   106934732.57608        49.750
R13  23886217.760       -3917.133   127551055.56606        41.850
R14  22382143.980       -2147.214   119309419.04208        49.200
R15  22916195.580         528.146   122457200.72107        46.800
R22  23264202.000       -2794.344   124185916.29507        47.550
R23  19849227.300        -448.328   106180003.75508        50.550
R24  20781334.420        2185.553   111127142.93007        47.100
> 2018 01 01 04 35 00.0000000  0 31
C05  40032129.040         -36.539   161192837.50107        42.750
C06  41180462.780        -632.004   165816674.98706        38.600
C09  39320033.380         -84.680   158325505.20207        45.400
C11  23697790.920        1771.477    95421204.88608        49.150
C12  21607493.720        -129.460    87004454.57208        51.100
E02  28272338.940       -2956.008   148572139.67647        45.800
E03  27252999.480        3123.326   143215482.68947        46.450
E05  24587156.540        1799.719   129206389.32748        51.000
E09  23494752.340        -891.633   123465760.14148        50.700
E30  24467125.520       -2242.430   128575614.38248        49.150
G01  22409002.340        2374.849   117760109.61108        48.600
G03  24988585.280        3768.316   131315904.39407        42.600
G08  20352820.160         532.873   106954799.69808        52.150
G10  22014823.980       -2418.775   115688696.84008        50.050
G11  21971178.940        2617.042   115459344.41208        49.950
G14  24110722.660        2613.981   126702705.62307        45.450
G16  24264660.760       -3736.457   127511657.69607        45.950
G18  24944211.020       -3097.183   131082724.07205        35.450
G22  23027481.100        3189.191   121010246.77208        48.850
G27  21018883.380       -1876.357   110454997.05008        51.550
G28  24766464.480        2723.178   130148647.99707        44.600
G32  23451938.820        1997.529   123240782.14308        49.150
R01  20521199.660        3207.963   109697588.30908        50.350
R07  22975471.820       -3664.120   122989513.96007        46.700
R08  19990250.340        -510.686   107046904.07908        49.050
R13  24106360.840       -3917.227   128726610.54606        40.500
R14  22508367.860       -2336.587   119982262.63208        48.750
R15  22893653.540         274.645   122336749.53307        46.300
R22  23422758.520       -2848.265   125032298.16108        48.050
R23  19877520.660        -561.337   106331351.99708        50.750
R24  20660351.040        2126.490   110480191.20207        47.000
> 2018 01 01 04 40 00.0000000  0 31
C05  40034853.640         -36.670   161203808.88007        42.650
C06  41228538.620        -658.434   166010251.79406        38.600
C09  39327799.540        -123.885   158356777.47207        44.750
C11  23566741.940        1745.674    94893526.67608        49.250
C12  21619935.180        -205.055    87054550.85208        51.200
E02  28439997.980       -2917.164   149453197.82747        45.250
E03  27074850.180        3116.598   142279301.48148        48.800
E05  24487648.960        1685.423   128683473.01048        51.100
E09  23549508.080       -1026.447   123753504.69748        50.250
E30  24597407.620       -2320.956   129260244.78348        49.250
G01  22275311.280        2308.288   117057558.60408        49.850
G03  24774109.820        3744.154   130188829.03807        45.350
G08  20326460.020         389.585   106816276.20708        52.200
G10  22156322.740       -2537.276   116432276.09608        49.900
G11  21823587.460        2552.593   114683744.46508        50.150
G14  23963051.720        2557.813   125926687.21507        46.650
G16  24478234.920       -3744.462   128633996.92207        47.250
G18  25121586.880       -3117.752   132014819.08005        35.150
G22  22847707.320        3107.588   120065527.06908        50.050
G27  21129604.880       -2002.493   111036842.44908        51.300
G28  24613720.160        2626.604   129345964.77407        45.800
G32  23341501.840        1869.627   122660431.85608        49.550
R01  20346485.920        3015.942   108763643.91608        50.650
R07  23184310.700       -3786.928   124107447.77707        46.300
R08  20026441.320        -780.872   107240705.16108        49.600
R13  24326105.820       -3903.296   129900028.88806        37.600
R14  22644873.460       -2512.591   120709914.37108        48.450
R15  22885327.520          21.836   122292251.21207        46.650
R22  23584321.860       -2901.466   125894736.27307        46.750
R23  19912228.060        -677.209   106517013.56108        50.900
R24  20542800.720        2062.889   109851598.06507        46.100
> 2018 01 01 04 45 00.0000000  0 33
C05  40037600.680         -36.808   161214869.21007        42.650
C06  41278545.360        -683.731   166211607.19706        39.200
C09  39338479.160        -162.482   158399781.21507        44.100
C11  23437747.960        1716.691    94374121.01608        49.750
C12  21638095.980        -282.617    87127675.52308        51.100
C14  26975552.440        2633.126   108619380.12806        38.900
E02  28605292.380       -2872.487   150321825.08947        44.100
E03  26897255.660        3104.453   141346036.04048        48.800
E05  24394801.920        1566.843   128195560.49248        51.300
E09  23611887.020       -1158.215   124081305.44648        50.800
E30  24731986.420       -2392.548   129967464.05148        48.800
G01  22145450.960        2241.002   116375140.14408        49.300
G03  24561214.300        3713.505   129070059.95407        44.400
G08  20308404.140         242.535   106721393.47508        52.150
G10  22304355.060       -2647.269   117210190.57808        49.850
G11  21679810.440        2484.037   113928191.62708        50.300
G14  23818831.200        2492.987   125168806.54907        46.600
G16  24692021.200       -3743.758   129757455.46007        44.700
G22  22672761.820        3020.488   119146183.90408        50.200
G27  21247479.700       -2126.542   111656277.03808        51.650
G28  24466697.760        2523.008   128573357.04407        46.650
G32  23238621.860        1733.430   122119793.00908        49.550
R01  20182889.980        2812.449   107889128.53608        50.350
R02  24367590.300        4542.357   130030127.37907        44.900
R07  23399652.180       -3895.704   125260185.55107        46.650
R08  20077650.620       -1046.160   107514929.15108        49.350
R13  24544684.280       -3875.723   131067230.21405        35.450
R14  22790916.940       -2674.870   121488409.05008        48.250
R15  22891158.140        -229.043   122323408.32307        46.100
R17  24014017.140        3265.255   128503868.92207        43.800
R22  23748863.380       -2953.692   126773068.41007        44.950
R23  19953521.920        -795.801   106737908.29008        50.650
R24  20428985.340        1993.816   109242977.28607        46.350
> 2018 01 01 04 50 00.0000000  0 33
C05  40040366.780         -37.257   161226007.40207        42.750
C06  41330389.640        -708.074   166420360.57606        38.650
C09  39352010.940        -200.598   158454268.79007        44.400
C11  23311041.900        1684.121    93863928.60808        49.850
C12  21662114.620        -362.358    87224388.92508        51.200
C14  26779246.920        2635.625   107828932.64207        43.550
E02  28767887.840       -2822.765   151176272.05647        42.850
E03  26720549.780        3085.483   140417441.41148        48.750
E05  24308852.020        1443.807   127743890.19148        51.300
E09  23681705.560       -1287.072   124448205.21048        50.650
E30  24870463.940       -2457.524   130695170.04647        47.800
G01  22019474.620        2172.362   115713129.71008        50.700
G03  24350277.180        3675.611   127961575.49007        45.950
G08  20298870.220          91.141   106671291.77508        52.250
G10  22458457.220       -2749.930   118020002.39508        49.950
G11  21540081.580        2410.800   113193913.48508        50.400
G14  23678617.200        2417.838   124431976.13107        46.750
G16  24905528.760       -3734.857   130879444.14407        43.700
G18  25479028.620       -3140.131   133893198.43015        33.250
G22  22502966.540        2927.326   118253906.73608        49.400
G27  21372385.860       -2248.829   112312662.72908        51.550
G28  24325820.480        2411.209   127833048.32607        45.100
G32  23143779.120        1588.249   121621391.34308        50.050
R01  20031050.620        2597.167   107077462.96008        50.100
R02  24112023.260        4547.735   128666370.40807        46.150
R07  23620743.300       -3991.908   126443704.73207        44.050
R08  20143573.000       -1305.930   107867940.43608        49.950
R14  22945720.440       -2823.808   122313597.56807        47.900
R15  22911011.480        -477.432   122429501.20907        46.500
R17  23830300.220        3288.796   127520749.52107        45.600
R22  23916335.340       -3005.529   127667050.96406        37.900
R23  20001564.100        -917.818   106994900.97508        50.800
R24  20319222.440        1918.427   108656021.87107        46.750
> 2018 01 01 04 55 00.0000000  0 31
C05  40043151.980         -37.375   161237223.07007        42.550
C06  41383976.940        -730.360   166636137.56605        35.950
C09  39368332.740        -237.189   158519987.73107        44.800
C11  23186871.980        1648.681    93363947.47608        50.050
C12  21692124.820        -443.385    87345227.18708        51.200
C14  26582904.720        2634.170   107038347.69907        42.100
E03  26545069.720        3061.247   139495289.69748        49.100
E05  24230016.820        1317.682   127329607.49148        51.600
E09  23758764.960       -1411.837   124853155.79948        50.250
E30  25012437.020       -2514.947   131441242.54547        47.550
G01  21897435.280        2103.126   115071811.73208        50.850
G03  24141671.580        3631.688   126865348.73707        46.450
G08  20298055.860         -62.888   106667011.25408        52.200
G10  22618166.480       -2843.726   118859280.77608        49.750
G11  21404646.460        2333.539   112482195.98008        50.350
G14  23542960.080        2333.399   123719093.38007        47.050
G16  25118275.640       -3716.910   131997431.01307        45.850
G22  22338632.080        2829.359   117390321.80908        50.250
G27  21504183.900       -2367.949   113005265.68908        51.550
G28  24191506.000        2293.130   127127218.08507        46.250
G32  23057430.300        1435.742   121167627.79608        49.750
R01  19891566.920        2372.286   106331839.77708        50.600
R02  23856464.540        4542.083   127302656.60407        46.550
R07  23846842.960       -4074.663   127654035.06007        45.400
R08  20223834.600       -1557.978   108297737.93808        49.700
R14  23108483.500       -2957.785   123181215.11408        48.550
R15  22944680.160        -720.847   122609414.94907        47.200
R17  23645310.620        3310.431   126530836.72407        44.600
R22  24086687.240       -3056.152   128576368.15106        38.800
R23  20056510.380       -1041.941   107288826.90208        50.850
R24  20213847.500        1837.362   108092533.20907        47.850
> 2018 01 01 05 00 00.0000000  0 30
C05  40045954.800         -37.442   161248509.26407        42.400
C06  41439212.900        -751.413   166858552.05905        35.800
C09  39387375.540        -273.114   158596665.25607        44.700
C11  23065495.400        1609.498    92875213.15908        50.250
C12  21728247.560        -525.988    87490678.32508        51.100
C14  26386850.580        2628.240   106248923.61207        43.250
E03  26371151.480        3031.351   138581342.48348        49.550
E05  24158490.560        1188.346   126953735.56448        51.400
E09  23842845.460       -1532.604   125295002.13548        50.200
E30  25157495.740       -2565.253   132203527.72748        48.600
G01  21779386.980        2033.091   114451459.69808        51.000
G03  23935767.980        3581.423   125783317.40107        45.850
G08  20306133.480        -219.859   106709459.61008        52.250
G10  22783018.920       -2929.662   119725592.06508        48.700
G11  21273755.080        2251.876   111794357.21208        50.650
G14  23412402.060        2239.568   123033006.62707        47.250
G16  25329785.040       -3690.954   133108924.29607        44.400
G22  22180049.060        2726.270   116556962.58808        50.300
G27  21642711.380       -2484.080   113733234.53608        50.950
G28  24064152.500        2168.041   126457967.99607        47.800
G32  22980001.640        1276.151   120760738.32408        49.350
R01  19764981.120        2138.026   105655167.81108        50.700
R02  23601544.620        4525.392   125942360.31307        46.100
R07  24077219.480       -4144.166   128887254.91007        45.400
R08  20317994.060       -1801.424   108801956.42508        49.550
R14  23278386.120       -3077.093   124086887.97608        48.000
R15  22991879.740        -958.854   122861640.81807        45.850
R17  23459210.100        3328.792   125534974.09707        47.100
R23  20118504.620       -1168.606   107620454.12008        50.350
R24  20113212.120        1749.882   107554393.05207        46.900
> 2018 01 01 05 05 00.0000000  0 31
C05  40048771.960         -38.132   161259853.67907        42.250
C06  41495999.480        -772.533   167087211.19105        34.600
C09  39409067.400        -308.836   158684009.75207        44.650
C11  22947177.840        1566.041    92398798.54708        50.300
C12  21770591.440        -610.729    87661179.79908        51.000
C14  26191409.360        2617.381   105461962.78407        44.050
E03  26199127.140        2994.337   137677348.78848        49.600
E05  24094444.660        1055.099   126617173.16048        51.200
E09  23933708.680       -1649.969   125772493.32348        49.650
E30  25305223.680       -2609.023   132979849.15847        46.800
G01  21665378.060        1960.980   113852342.63708        50.800
G03  23732927.500        3523.744   124717380.40507        47.550
G08  20323249.640        -380.108   106799405.16708        52.250
G10  22952556.400       -3008.622   120616515.02108        48.600
G11  21147664.780        2164.811   111131748.03508        50.400
G14  23287474.000        2135.544   122376503.22807        47.950
G16  25539596.080       -3657.978   134211482.28607        43.250
G22  22027491.320        2617.762   115755266.83908        50.350
G27  21787786.100       -2597.784   114495606.06008        51.100
G28  23944140.860        2035.373   125827307.75007        46.700
G32  22911884.900        1109.043   120402780.95708        50.000
R01  19651780.760        1894.880   105050047.92008        50.100
R02  23347910.120        4495.889   124588916.46007        46.900
R07  24311152.160       -4202.164   130139515.85507        44.900
R08  20425547.480       -2036.526   109377903.26208        49.350
R14  23454591.080       -3182.369   125026165.69707        46.550
R15  23052259.640       -1190.721   123184287.74307        47.000
R17  23272176.740        3342.854   124534123.07907        46.150
R22  24435724.740       -3154.076   130439569.78205        32.850
R23  20187676.780       -1298.556   107990476.59708        51.200
R24  20017682.480        1654.481   107043555.17407        46.750
> 2018 01 01 05 10 00.0000000  0 30
C05  40051605.960         -38.271   161271266.93807        42.000
C06  41554245.740        -791.074   167321742.18506        37.150
C09  39433339.340        -342.862   158781740.24407        45.550
C11  22832201.700        1519.345    91935837.89908        50.300
C12  21819258.560        -696.189    87857141.01108        51.250
C14  25996908.800        2602.631   104678790.02907        45.950
E03  26029333.360        2952.607   136785076.12948        50.500
E05  24038032.720         920.334   126320725.75048        51.400
E09  24031107.600       -1762.063   126284326.50048        50.050
E14  19494845.800        5272.034   102446107.37447        46.450
E30  25455214.140       -2644.813   133768050.85647        46.350
G01  21555468.560        1888.903   113274764.53908        50.750
G03  23533508.100        3461.040   123669427.75807        46.550
G08  20349529.020        -541.369   106937502.61808        52.200
G10  23126328.100       -3078.602   121529688.08108        48.150
G11  21026644.760        2073.649   110495785.87308        50.100
G14  23168697.420        2023.574   121752329.96908        48.050
G16  25747257.140       -3616.462   135302757.33006        41.200
G22  21881219.740        2505.492   114986605.88008        50.200
G27  21939209.940       -2706.924   115291343.66008        50.800
G28  23831844.120        1897.314   125237180.18307        47.100
G32  22853440.900         936.922   120095656.42908        49.750
R01  19552396.380        1645.381   104518779.71408        50.550
R02  23096215.980        4455.528   123245828.96807        47.650
R08  20545945.800       -2260.392   110022628.41608        49.850
R14  23636265.240       -3271.828   125994585.43308        48.250
R15  23125401.900       -1413.903   123575141.06907        45.200
R17  23084420.660        3353.926   123529401.74007        47.250
R23  20264146.660       -1429.412   108399539.89708        50.750
R24  19927643.240        1553.393   106562074.03307        46.800
> 2018 01 01 05 15 00.0000000  0 31
C05  40054455.040         -38.414   161282736.92607        42.450
C06  41613850.900        -808.618   167561748.40006        38.500
C09  39460109.920        -375.741   158889540.63407        44.150
C11  22720851.680        1468.916    91487477.11408        50.500
C12  21874330.680        -782.476    88078893.05508        51.300
C14  25803670.060        2583.698   103900700.20807        44.950
E03  25862097.020        2905.099   135906245.96048        50.100
E05  23989377.580         783.734   126065041.94748        51.300
E09  24134773.240       -1869.182   126829095.69848        49.100
E14  19199760.360        5062.084   100895419.48348        48.250
E30  25607048.280       -2673.403   134565944.65547        46.850
G01  21449711.500        1815.860   112719007.92908        50.950
G03  23337856.440        3392.319   122641274.81908        48.150
G08  20385061.020        -703.856   107124225.58908        52.150
G10  23303885.300       -3140.820   122462759.96908        48.350
G11  20910966.340        1977.828   109887888.13608        50.650
G14  23056573.820        1902.944   121163119.34307        47.950
G16  25952338.860       -3567.422   136380463.67706        37.000
G22  21741470.660        2389.469   114252220.18008        50.350
G27  22096761.220       -2812.050   116119281.39008        50.650
G28  23727601.900        1753.628   124689385.52207        47.850
G32  22804987.920         759.569   119841034.59008        49.900
R01  19467184.740        1390.261   104063276.68108        50.350
R02  22847118.640        4403.790   121916600.47608        48.950
R08  20678584.440       -2473.044   110732901.12408        50.100
R14  23822559.260       -3346.112   126987639.24107        45.450
R15  23210825.320       -1627.855   124031615.83907        44.300
R16  24475451.080        1673.086   130743475.46206        40.250
R17  22896168.600        3360.810   122522027.58207        47.150
R23  20348013.220       -1561.895   108848168.86908        50.550
R24  19843483.900        1445.468   106112033.98007        46.950
> 2018 01 01 05 20 00.0000000  0 30
C05  40057314.980         -38.442   161294251.52207        42.300
C06  41674718.080        -824.674   167806832.45006        37.500
C09  39489302.840        -407.717   159007084.41907        44.050
C11  22613419.460        1414.307    91054892.95508        50.700
C12  21935875.380        -869.694    88326707.69508        51.050
C14  25612012.400        2560.392   103128976.76707        44.600
E03  25697743.380        2851.823   135042558.57648        50.750
E05  23948578.780         645.509   125850640.82748        51.400
E09  24244427.280       -1971.519   127405330.54048        49.050
E14  18917284.860        4830.315    99411005.09247        47.850
E30  25760311.000       -2694.715   135371347.19847        45.300
G01  21348163.340        1741.636   112185367.32008        51.400
G03  23146309.180        3317.446   121634686.18607        47.650
G08  20429906.200        -867.348   107359888.37208        52.100
G10  23484791.900       -3195.821   123413428.86307        46.950
G11  20800901.940        1877.059   109309499.59408        50.200
G14  22951586.420        1773.947   120611403.38208        48.900
G22  21608459.620        2269.663   113553243.78208        50.550
G27  22260200.380       -2912.918   116978158.36808        51.100
G28  23631734.300        1604.204   124185598.06507        47.650
G32  22766803.180         577.560   119640371.60708        50.600
R01  19396434.320        1130.515   103685075.09608        50.050
R02  22601278.140        4340.021   120604749.23808        49.700
R08  20822820.280       -2674.075   111505278.18308        49.900
R14  24012630.880       -3405.942   128000826.44807        44.000
R15  23307988.320       -1831.901   124550826.06307        45.250
R16  24387513.520        1457.442   130273727.25106        41.800
R17  22707674.400        3362.833   121513354.33807        47.850
R23  20439355.740       -1695.751   109336788.86608        50.550
R24  19765601.160        1329.887   105695561.86107        46.600
> 2018 01 01 05 25 00.0000000  0 29
C05  40060187.660         -38.854   161305817.98407        42.700
C09  39520835.420        -438.745   159134054.18607        44.550
C11  22510208.760        1355.323    90639307.73508        50.400
C12  22003949.240        -957.938    88600812.41108        51.100
C14  25422256.900        2532.508   102364907.26407        46.450
E03  25536593.720        2792.603   134195712.65548        50.400
E05  23915713.360         505.554   125677934.82748        51.350
E09  24359783.300       -2069.215   128011529.89648        48.900
E14  18648654.640        4576.656    97999342.44147        47.650
E30  25914594.560       -2709.281   136182111.37247        45.750
G01  21250887.260        1665.821   111674177.01808        51.400
G03  22959195.120        3236.579   120651394.92808        48.750
G08  20484097.960       -1031.595   107644668.41108        52.200
G10  23668624.140       -3243.875   124379475.55407        46.950
G11  20696737.920        1770.956   108762110.33308        50.400
G14  22854197.640        1636.372   120099625.85408        48.650
G22  21482386.700        2146.188   112890723.72508        50.350
G27  22429274.340       -3009.850   117866648.45008        50.550
G28  23544538.760        1449.434   123727379.94008        48.000
G32  22739125.340         391.225   119494924.38208        50.250
R01  19340363.160         867.030   103385343.00708        50.300
R02  22359359.120        4263.824   119313822.50208        49.050
R08  20977981.940       -2863.357   112336164.42408        49.550
R14  24205645.580       -3451.092   129029704.13906        39.500
R15  23416303.460       -2025.338   125129628.11007        43.650
R16  24311863.660        1235.088   129869619.10106        40.350
R17  22519219.600        3359.012   120504899.27808        48.450
R23  20538238.060       -1831.078   109865743.25108        50.550
R24  19694405.220        1206.580   105314844.19607        47.050
> 2018 01 01 05 30 00.0000000  0 28
C05  40063070.280         -38.620   161317424.49407        42.700
C09  39554624.040        -468.102   159270104.06007        44.850
C11  22411524.260        1292.884    90241944.94808        50.650
C12  22078587.160       -1045.803    88901348.61008        50.950
C14  25234710.940        2501.164   101609740.50507        45.900
E03  25378961.220        2728.815   133367349.40248        50.700
E05  23890831.580         365.927   125547177.59248        51.450
E09  24480541.680       -2160.569   128646119.58548        49.050
E14  18395088.100        4302.918    96666839.93748        48.950
E30  26069488.700       -2715.842   136996081.40747        45.300
G01  21157944.960        1589.971   111185763.30908        51.350
G03  22776827.000        3151.402   119693045.58308        49.150
G08  20547632.460       -1194.344   107978545.84108        51.950
G10  23854967.960       -3283.506   125358719.55007        46.300
G11  20598753.020        1660.771   108247198.07108        50.350
G14  22764844.640        1492.725   119630072.91708        49.000
G22  21363423.260        2020.851   112265568.32808        50.750
G27  22603710.400       -3100.654   118783314.28308        50.700
G28  23466276.720        1291.500   123316114.19608        48.050
G32  22722144.540         203.150   119405690.08908        50.550
R01  19299109.140         602.842   103164816.75008        50.400
R02  22122018.860        4177.295   118047327.66508        49.700
R08  21143368.340       -3038.876   113221800.30808        49.400
R15  23535130.160       -2205.783   125764599.73907        43.650
R16  24248820.320        1009.091   129532852.48906        39.200
R17  22331111.280        3350.497   119498295.95108        48.050
R23  20644698.200       -1965.724   110435232.52408        50.550
R24  19630302.500        1077.273   104972056.62607        46.350
> 2018 01 01 05 35 00.0000000  0 28
C05  40065962.000         -38.560   161329067.50107        42.600
C09  39590580.260        -496.368   159414888.23707        44.500
C11  22317674.680        1226.062    89864051.62608        50.850
C12  22159809.440       -1134.056    89228395.70008        51.050
C14  25049683.640        2465.489   100864711.11407        47.600
E03  25225153.360        2659.359   132559083.17248        51.200
E05  23873956.460         225.827   125458500.05448        51.450
E09  24606398.020       -2247.146   129307497.63148        49.200
E14  18157783.340        4007.844    95419795.98948        49.300
E30  26224587.900       -2715.691   137811135.25447        43.550
G01  21069405.040        1512.433   110720482.99408        51.450
G03  22599507.180        3060.523   118761224.77508        50.350
G08  20620476.880       -1356.819   108361343.61608        52.050
G10  24043424.540       -3316.943   126349062.23107        45.400
G11  20507233.820        1545.224   107766257.57708        50.600
G14  22683936.560        1341.368   119204896.88908        48.800
G22  21251722.760        1892.562   111678577.39808        50.650
G27  22783221.260       -3186.854   119726649.69308        50.700
G28  23397184.540        1129.129   122953031.19607        47.850
G32  22716006.600          12.329   119373435.72708        49.750
R01  19272734.820         337.678   103023829.76108        50.750
R02  21889911.720        4078.536   116808760.28108        50.200
R08  21318259.360       -3201.822   114158332.61608        49.300
R15  23663787.560       -2374.604   126452109.86307        43.150
R16  24198641.240         777.943   129264807.58806        40.500
R17  22143683.080        3335.328   118495330.88908        49.000
R23  20758751.940       -2100.987   111045343.82208        50.600
R24  19573701.440         939.938   104669384.81307        47.100
> 2018 01 01 05 40 00.0000000  0 28
C05  40068861.420         -38.901   161340740.97707        42.650
C09  39628618.800        -524.125   159568051.10407        44.700
C11  22228971.440        1154.614    89506880.95008        50.750
C12  22247616.380       -1222.609    89581957.92608        50.750
C14  24867472.300        2425.452   100131023.87007        47.350
E03  25075467.620        2584.361   131772481.04148        50.900
E05  23865088.180          85.537   125411896.37948        51.400
E09  24737039.960       -2328.388   129994027.16548        48.700
E14  17937900.000        3692.638    94264301.56248        49.950
E30  26379493.460       -2709.587   138625175.06047        44.050
G01  20985338.560        1433.063   110278710.86808        51.600
G03  22427523.100        2964.370   117857440.71608        50.850
G08  20702562.640       -1518.168   108792706.25308        52.050
G10  24233606.320       -3344.371   127348476.55506        41.700
G11  20422461.360        1424.276   107320777.27908        50.250
G14  22611851.400        1183.480   118826087.42808        48.850
G22  21147413.300        1761.775   111130427.35008        50.300
G27  22967505.120       -3267.956   120695069.86408        50.450
G28  23337460.120         963.114   122639181.31008        48.000
G32  22720810.140        -180.221   119398678.24808        49.900
R01  19261223.160          73.215   102962296.57808        50.250
R02  21663684.140        3967.995   115601568.87908        49.900
R08  21501921.300       -3352.127   115141835.17108        49.250
R15  23801561.720       -2530.719   127188331.81207        43.800
R16  24161521.140         544.157   129066512.12206        41.050
R17  21957295.760        3313.154   117497932.61408        48.850
R23  20880391.160       -2236.298   111696030.63508        50.400
R24  19525005.900         795.249   104408990.66107        46.600
> 2018 01 01 05 45 00.0000000  0 28
C05  40071766.420         -39.057   161352438.52307        42.650
C09  39668647.180        -550.351   159729229.81207        44.900
C11  22145726.440        1079.227    89171687.19208        50.900
C12  22341990.720       -1310.646    89961964.12508        50.950
C14  24688370.500        2381.761    99409852.94208        48.550
E03  24930193.800        2504.295   131009060.18348        51.450
E05  23864199.640         -54.164   125407228.40248        51.350
E09  24872152.880       -2404.085   130704047.95848        48.300
E14  17736541.840        3358.716    93206156.66148        50.600
E30  26533815.480       -2695.870   139436135.29247        44.850
G01  20905821.260        1352.438   109860844.70708        51.550
G03  22261145.100        2863.792   116983120.70808        51.050
G08  20793789.080       -1677.414   109272107.86708        51.750
G10  24425145.920       -3364.793   128355014.49807        42.200
G11  20344717.580        1298.634   106912233.68808        50.250
G14  22548934.460        1019.809   118495457.94608        49.000
G22  21050600.200        1629.678   110621671.16708        50.700
G27  23156248.000       -3343.394   121686920.66808        49.600
G28  23287270.440         794.789   122375429.05708        48.800
G32  22736605.520        -373.046   119481684.57308        50.000
R01  19264483.200        -188.779   102979720.03508        50.350
R02  21443972.000        3846.308   114429142.61108        49.750
R08  21693614.040       -3488.949   116168340.66108        48.350
R15  23947705.560       -2673.088   127969281.35306        41.350
R16  24137580.980         308.465   128938631.44206        39.650
R17  21772335.400        3283.973   116508173.98808        49.100
R23  21009581.140       -2370.675   112387110.09408        50.000
R24  19484614.080         643.663   104192996.74107        46.350
> 2018 01 01 05 50 00.0000000  0 29
C05  40074676.700         -38.983   161364157.47307        42.000
C09  39710576.280        -575.062   159898059.65907        44.600
C11  22068250.140         999.875    88859723.56808        50.800
C12  22442897.040       -1397.873    90368270.58808        50.850
C14  24512660.140        2334.429    98702341.97908        48.100
E03  24789609.680        2420.248   130270287.35448        51.300
E05  23871241.680        -192.163   125444233.20048        51.450
E08  26850291.220        3112.844   141099234.39557        42.050
E09  25011416.860       -2473.724   131435888.99347        47.500
E14  17554741.140        3007.864    92250787.05648        51.000
E30  26687164.780       -2675.211   140241994.56147        44.000
G01  20830934.000        1270.978   109467311.05208        51.650
G03  22100631.220        2759.104   116139611.35208        51.600
G08  20894026.060       -1833.562   109798853.08708        52.000
G10  24617683.420       -3379.770   129366796.17916        38.500
G11  20274281.000        1168.412   106542086.17308        50.000
G14  22495496.680         851.720   118214641.26608        49.300
G22  20961365.980        1496.560   110152742.46508        50.400
G27  23349124.140       -3412.486   122700489.76508        49.650
G28  23246741.500         625.043   122162447.29108        48.750
G32  22763397.380        -565.125   119622477.05208        49.900
R01  19282345.640        -446.829   103075206.91408        50.600
R02  21231396.600        3714.314   113294800.05408        50.550
R08  21892595.700       -3612.206   117233877.14008        48.750
R15  24101452.140       -2801.431   128790850.69306        41.000
R16  24126879.240          72.770   128881465.03406        39.250
R17  21589218.780        3247.530   115528275.97608        50.000
R23  21146263.440       -2503.282   113118265.87508        50.300
R24  19452912.380         485.579   104023472.94007        46.700
> 2018 01 01 05 55 00.0000000  0 27
C05  40077591.380         -39.774   161375894.22107        42.350
C09  39754312.780        -599.322   160074169.69307        44.550
C11  21996851.060         915.562    88572228.79108        51.100
C12  22550279.620       -1485.061    90800654.38808        51.000
C14  24340616.800        2282.768    98009595.92208        48.450
E03  24653983.700        2329.917   129557566.67848        51.550
E05  23886139.040        -329.975   125522519.92548        51.550
E08  26672359.040        3119.664   140164194.85647        43.850
E09  25154514.460       -2539.029   132187869.62347        45.550
E14  17393440.840        2640.159    91403148.68448        51.150
G01  20760763.420        1186.531   109098559.90808        51.700
G03  21946217.680        2649.249   115328166.52708        51.250
G08  21003107.000       -1987.955   110372080.63008        51.450
G11  20211422.220        1032.382   106211762.53108        49.650
G14  22451810.720         677.525   117985069.70008        49.150
G22  20879769.700        1361.386   109723951.29808        50.400
G27  23545795.480       -3477.149   123734005.99108        48.800
G28  23215962.360         452.618   122000704.12308        48.600
G32  22801142.120        -757.381   119820828.26908        49.550
R01  19314571.720        -701.213   103247476.02608        50.200
R02  21026561.320        3570.322   112201759.69208        50.850
R08  22098126.560       -3723.673   118334486.29408        48.350
R15  24262010.340       -2916.650   129648825.39615        33.250
R16  24129401.440        -163.014   128894938.41406        37.650
R17  21408384.680        3201.662   114560599.82308        49.850
R23  21290351.060       -2635.467   113889036.70008        50.300
R24  19430272.300         319.939   103902406.39407        46.700
> 2018 01 01 06 00 00.0000000  0 28
C05  40080508.480         -39.089   161387641.09606        41.300
C09  39799764.240        -621.180   160257181.57907        45.200
C11  21931830.460         828.522    88310417.29508        50.900
C12  22664062.480       -1569.778    91258811.02108        50.600
C14  24172503.920        2228.796    97332674.26208        49.050
E03  24523568.380        2237.283   128872230.63448        51.400
E05  23908793.440        -464.086   125641570.63948        51.350
E08  26494094.200        3124.243   139227405.91447        44.200
E09  25301122.840       -2597.016   132958302.98747        45.050
E14  17253478.200        2260.423    90667639.27248        51.700
G01  20695397.820        1102.326   108755061.72508        51.800
G03  21798126.420        2537.460   114549939.99508        51.550
G08  21120838.500       -2136.765   110990759.10408        52.000
G10  25004431.100       -3391.157   131399176.69315        35.350
G11  20156404.900         893.397   105922641.12908        50.050
G14  22418109.160         501.718   117807964.71808        49.550
G17  25733889.520        3426.441   135232505.44607        43.650
G22  20805846.120        1227.475   109335479.99308        50.500
G27  23745915.780       -3533.630   124785642.23608        48.950
G28  23194982.960         281.533   121890455.05008        48.700
G32  22849750.220        -945.875   120076262.45808        49.550
R01  19360853.160        -947.759   103494874.08308        50.550
R02  20830046.980        3418.058   111153121.15108        51.100
R08  22309474.480       -3820.203   119466247.14407        47.250
R16  24145062.220        -394.804   128978595.92006        37.300
R17  21230302.300        3149.065   113607640.84308        50.400
R23  21441730.220       -2763.495   114698812.49208        49.650
R24  19417046.100         149.854   103831678.62807        47.100
> 2018 01 01 06 05 00.0000000  0 29
C05  40083427.340         -39.338   161399394.28306        41.600
C09  39846835.580        -642.358   160446717.28107        45.450
C11  21873483.160         736.975    88075477.43808        50.900
C12  22784151.600       -1653.787    91742361.16308        50.450
C14  24008573.400        2170.942    96672595.32908        49.050
E03  24398604.980        2139.714   128215544.50148        51.350
E05  23939085.380        -596.944   125800754.63148        51.150
E08  26315757.360        3122.836   138290238.56147        45.250
E09  25450924.120       -2650.355   133745512.19847        43.350
E14  17135570.040        1868.296    90048028.72948        51.800
G01  20634932.980        1015.435   108437316.99308        51.750
G03  21656556.940        2421.368   113805990.78508        51.400
G08  21246991.920       -2282.396   111653702.91908        51.650
G10  25198014.840       -3389.774   132416462.09206        36.300
G11  20109480.680         749.399   105676054.36008        49.650
G14  22394582.200         321.750   117684332.15208        48.900
G17  25538302.080        3424.552   134204681.98907        44.850
G22  20739607.640        1092.775   108987394.55408        50.550
G23  25774249.240        3367.256   135444594.63407        43.350
G27  23949128.680       -3584.864   125853531.19108        48.550
G28  23183811.320         109.742   121831745.30808        48.350
G32  22909085.240       -1132.547   120388071.55108        49.250
R01  19420815.860       -1188.063   103815410.38908        50.200
R02  20642409.560        3255.150   110151853.28008        50.950
R08  22525920.480       -3905.075   120625304.06307        47.550
R16  24173708.620        -624.925   129131615.94706        39.350
R17  21055461.220        3086.541   112672032.28908        50.300
R23  21600260.820       -2889.870   115546843.59008        50.100
R24  19413563.640         -26.750   103813055.61107        46.800
> 2018 01 01 06 10 00.0000000  0 28
C05  40086344.860         -39.401   161411141.71006        41.300
C09  39895429.720        -662.074   160642388.44807        43.700
C11  21822093.080         641.665    87868551.90908        50.800
C12  22910431.820       -1736.110    92250839.13008        50.250
C14  23849065.020        2110.058    96030320.71108        49.550
E03  24279317.800        2038.268   127588684.95248        51.550
E05  23976870.240        -726.902   125999318.43748        50.950
E08  26137610.520        3117.138   137354073.06147        45.850
E09  25603599.100       -2698.087   134547821.18646        40.300
E14  17040298.480        1467.485    89547372.81348        52.000
G01  20579466.840         926.917   108145839.40608        51.800
G03  21521691.040        2302.592   113097263.62708        51.550
G08  21381313.640       -2423.067   112359566.78208        51.650
G11  20070889.720         601.348   105473256.50808        49.100
G14  22381378.560         139.957   117614945.24708        49.100
G17  25342986.100        3416.704   133178286.30007        46.850
G22  20681042.720         958.621   108679633.64708        50.500
G23  25580918.620        3403.838   134428631.68707        44.000
G27  24155068.220       -3629.390   126935755.67607        47.100
G28  23182411.720         -60.908   121824392.70107        47.950
G32  22978967.720       -1315.521   120755308.05108        49.150
R01  19494027.840       -1420.039   104206769.45808        50.350
R02  20464175.140        3083.464   109200758.99308        51.050
R08  22746755.780       -3977.139   121807869.46707        46.700
R16  24215114.780        -849.519   129352804.93006        37.300
R17  20884376.300        3014.883   111756523.27408        50.150
R23  21765773.900       -3012.656   116432226.18708        49.900
R24  19420126.260        -208.494   103848150.16207        46.250
> 2018 01 01 06 15 00.0000000  0 28
C05  40089260.780         -38.974   161422881.30506        41.800
C09  39945453.500        -680.518   160843815.54407        43.050
C11  21777935.360         543.129    87690747.30708        50.850
C12  23042771.300       -1816.125    92783713.68608        49.950
C14  23694206.600        2046.452    95406770.80908        50.000
E03  24165916.960        1934.052   126992760.01548        51.550
E05  24021988.880        -853.330   126236416.84648        51.050
E08  25959920.140        3107.289   136420304.39447        46.150
E09  25758832.840       -2739.157   135363579.01646        40.350
E14  16968102.440        1060.819    89167980.40448        52.100
G01  20529103.440         836.992   107881179.76108        51.800
G03  21393688.900        2181.326   112424611.81408        51.750
G08  21523521.900       -2558.148   113106874.60908        51.750
G11  20040858.680         450.052   105315442.19908        49.550
G14  22378603.320         -42.993   117600362.31108        49.400
G17  25148309.960        3402.455   132155256.36908        48.150
G22  20630119.980         825.561   108412035.02008        50.800
G23  25385689.480        3434.219   133402692.36307        45.750
G27  24363369.640       -3667.128   128030379.37707        47.650
G28  23190712.620        -229.642   121868012.36708        48.750
G32  23059179.780       -1493.818   121176820.54008        49.800
R01  19580004.260       -1642.440   104666366.40108        50.000
R02  20295837.480        2903.706   108302476.59608        51.250
R08  22971295.980       -4036.777   123010266.15707        47.900
R16  24268996.140       -1068.738   129640630.45706        36.050
R17  20717586.680        2933.655   110863995.46308        50.800
R23  21938076.220       -3131.405   117353928.57608        49.650
R24  19437008.680        -394.161   103938428.27307        46.650
> 2018 01 01 06 20 00.0000000  0 27
C05  40092175.040         -39.008   161434615.05106        41.200
C09  39996814.360        -697.787   161050621.77107        43.750
C11  21741272.280         440.817    87543118.54508        50.850
C12  23181019.560       -1894.195    93340380.66908        49.800
C14  23544214.200        1979.784    94802814.51508        49.550
E03  24058597.880        1825.776   126428794.50148        51.650
E05  24074261.400        -976.896   126511109.82048        51.300
E08  25782951.460        3092.320   135490326.05747        47.100
E14  16919268.860         649.975    88911360.12448        52.000
G01  20483953.380         744.871   107643914.34208        51.650
G03  21272695.380        2057.600   111788783.66408        51.800
G08  21673310.480       -2688.088   113894020.12008        51.600
G11  20019598.820         294.656   105203721.62708        49.200
G14  22386320.040        -226.988   117640914.73908        49.200
G17  24954660.100        3380.990   131137619.99808        48.150
G22  20586789.600         693.156   108184330.90708        50.550
G23  25188974.680        3456.641   132368950.27307        45.300
G27  24573655.900       -3698.159   129135442.67207        46.400
G28  23208599.260        -396.135   121962006.88008        48.450
G32  23149461.220       -1667.772   121651255.93308        49.250
R01  19678217.540       -1855.432   105191370.78208        50.050
R02  20137855.140        2715.706   107459453.53208        50.950
R03  24500596.720        4295.097   131153603.48106        41.950
R08  23198873.620       -4085.247   124228931.64407        46.850
R17  20555650.160        2842.131   109997443.36108        50.600
R23  22116950.780       -3246.421   118310784.15608        48.750
R24  19464451.980        -584.206   104085179.06007        46.900
> 2018 01 01 06 25 00.0000000  0 27
C05  40095085.920         -38.946   161446333.96306        41.650
C09  40049414.380        -713.672   161262420.14007        42.000
C11  21712346.400         335.528    87426646.97908        50.750
C12  23325005.280       -1970.100    93920152.04608        49.600
C14  23399286.600        1910.588    94219252.79208        49.950
E03  23957535.260        1714.729   125897707.94448        51.250
E05  24133488.540       -1097.032   126822352.09248        50.950
E08  25606963.760        3072.841   134565506.24647        46.750
E14  16893924.920         238.237    88778176.25348        52.100
G01  20444127.400         650.533   107434624.81608        51.650
G03  21158827.700        1931.819   111190404.24908        51.450
G08  21830348.340       -2812.056   114719258.05208        51.250
G11  20007301.120         136.046   105139093.89308        49.100
G14  22404544.820        -411.032   117736687.29008        48.600
G17  24762434.120        3352.514   130127470.68207        47.950
G22  20550977.220         562.051   107996136.85908        50.500
G23  24991199.220        3471.302   131329634.86407        46.650
G27  24785549.380       -3723.542   130248951.27107        43.350
G28  23235915.280        -559.896   122105551.45308        48.250
G32  23249517.680       -1836.163   122177055.59308        48.650
R01  19788093.480       -2058.009   105778721.46608        49.850
R02  19990644.140        2520.568   106673908.32308        50.950
R03  24260709.640        4264.791   129869471.98907        42.500
R08  23428843.360       -4122.430   125460409.96807        43.150
R17  20399142.240        2739.906   109159942.79508        49.850
R23  22302150.080       -3356.914   119301476.60908        49.000
R24  19502658.060        -777.846   104289482.72507        47.150
> 2018 01 01 06 30 00.0000000  0 27
C05  40097989.980         -38.999   161458026.31406        41.000
C09  40103157.880        -728.648   161478821.57407        42.050
C11  21691383.940         226.907    87342238.61108        50.850
C12  23474540.100       -2043.482    94522265.64708        49.100
C14  23259607.920        1838.692    93656823.22208        50.000
E03  23862885.460        1600.999   125400320.43948        51.100
E05  24199455.820       -1213.227   127169010.58148        50.700
E08  25432214.920        3048.663   133647193.15247        47.100
E14  16892036.040        -171.417    88768249.26248        51.950
G01  20409737.100         554.187   107253905.30508        51.700
G03  21052183.280        1804.290   110629983.83708        51.650
G08  21994279.180       -2929.742   115580720.62008        50.800
G11  20004132.500         -25.459   105122445.63508        48.700
G14  22433249.660        -594.314   117887531.27508        48.700
G17  24572047.220        3316.437   129126975.58807        47.950
G22  20522590.820         432.790   107846965.65408        50.300
G23  24792796.960        3478.317   130287019.01307        46.400
G27  24998668.620       -3741.544   131368891.73107        44.700
G28  23272462.060        -719.856   122297609.46707        47.000
G32  23359017.300       -1998.648   122752480.08208        48.050
R01  19909026.140       -2249.619   106425174.90508        50.500
R02  19854575.880        2319.189   105947821.52408        50.900
R03  24022745.160        4226.077   128595632.90607        45.350
R08  23660583.320       -4148.837   126701371.87907        43.250
R17  20248654.220        2627.016   108354647.50808        50.550
R23  22493404.620       -3462.505   120324558.46408        48.650
R24  19551787.580        -973.877   104552201.21107        47.500
> 2018 01 01 06 35 00.0000000  0 28
C05  40100889.160         -39.094   161469698.41406        41.200
C09  40157952.740        -742.091   161699456.93306        41.300
C11  21678593.740         115.829    87290736.90508        50.900
C12  23629421.620       -2113.848    95145908.74208        49.100
C14  23125348.980        1764.804    93116219.05908        50.150
E03  23774790.300        1484.830   124937376.67148        51.200
E05  24271936.740       -1325.314   127549900.19448        51.150
E08  25258961.100        3020.128   132736738.85548        48.450
E14  16913414.320        -576.506    88880593.59448        52.150
G01  20380904.600         455.611   107102386.65508        52.050
G03  20952842.320        1675.696   110107945.56308        51.700
G08  22164732.720       -3040.838   116476460.20808        50.900
G11  20010245.960        -189.295   105154569.03408        49.250
G14  22472367.660        -775.971   118093095.02508        49.250
G17  24383925.300        3272.790   128138395.11308        48.900
G22  20501524.600         305.435   107736263.23208        50.850
G23  24594208.680        3477.475   129243436.23607        46.400
G27  25212628.680       -3753.014   132493266.36906        39.050
G28  23318010.420        -875.231   122536964.55907        47.400
G32  23477603.180       -2154.609   123375652.68908        48.450
R01  20040385.360       -2429.787   107127365.45108        50.000
R02  19729978.560        2112.505   105282945.43508        51.250
R03  23787199.140        4178.388   127334732.83207        45.250
R08  23893504.280       -4164.816   127948650.60707        43.650
R17  20104789.520        2503.302   107584798.88708        50.550
R18  24050102.780        3938.787   128381082.74107        42.350
R23  22690424.280       -3562.770   121378478.32808        49.300
R24  19611965.080       -1171.728   104873997.10107        46.350
> 2018 01 01 06 40 00.0000000  0 28
C05  40103778.900         -38.495   161481332.34106        40.950
C09  40213701.620        -754.066   161923935.23806        38.300
C11  21674156.900           2.894    87272873.69908        50.600
C12  23789425.920       -2180.745    95790178.42608        48.800
C14  22996660.500        1689.404    92598044.40208        50.000
E03  23693366.100        1367.503   124509487.44748        51.650
E05  24350687.140       -1432.605   127963735.85648        51.350
E08  25087449.040        2987.736   131835439.95747        47.800
E14  16957714.420        -973.778    89113388.81248        52.350
G01  20357743.620         355.464   106980676.74608        52.050
G03  20860859.300        1546.843   109624570.31108        51.900
G08  22341314.500       -3144.187   117404401.53908        50.850
G11  20025760.020        -354.438   105236095.70908        49.500
G14  22521782.020        -954.806   118352771.85908        48.900
G17  24198508.520        3221.731   127164021.88908        48.000
G22  20487651.500         180.965   107663357.65308        51.300
G23  24395881.580        3469.426   128201218.19208        48.000
G27  25427049.760       -3757.516   133620045.68306        40.950
G28  23372284.200       -1025.196   122822173.29008        48.900
G32  23604884.600       -2303.094   124044520.44808        48.500
R01  20181515.160       -2597.534   107881783.20308        50.350
R02  19617124.660        1901.760   104680736.81708        51.050
R03  23554557.400        4122.528   126089380.88307        46.250
R08  24127035.640       -4170.418   129199194.24307        42.700
R17  19968157.780        2369.222   106853651.29708        50.600
R18  23828240.640        3955.461   127196772.30506        40.150
R23  22892890.680       -3656.510   122461536.22908        48.200
R24  19683264.060       -1369.989   105255263.65607        47.400
> 2018 01 01 06 45 00.0000000  0 28
C05  40106659.760         -38.798   161492931.02706        41.100
C09  40270314.440        -765.267   162151890.35706        38.800
C11  21678238.560        -112.657    87289306.43908        50.900
C12  23954318.560       -2244.951    96454130.76808        48.400
C14  22873681.560        1611.682    92102858.57708        50.500
E03  23618713.420        1247.614   124117187.05748        51.400
E05  24435455.940       -1536.300   128409200.89348        50.850
E08  24917926.880        2950.434   130944593.61748        48.650
E14  17024449.060       -1362.180    89464083.14448        52.400
G01  20340377.300         252.567   106889416.26608        51.800
G03  20776271.480        1416.590   109180058.06708        51.950
G08  22523617.840       -3241.291   118362410.77208        50.850
G11  20050774.480        -522.032   105367550.50308        49.200
G14  22581344.040       -1131.264   118665771.00208        48.850
G17  24016248.680        3162.148   126206235.99708        49.500
G22  20480833.840          58.265   107627531.31208        50.950
G23  24198266.960        3452.548   127162746.99607        47.250
G27  25641550.080       -3755.929   134747254.71906        39.500
G28  23434978.080       -1170.307   123151634.67307        47.450
G32  23740451.540       -2444.917   124756930.62407        46.700
R01  20331749.240       -2754.258   108684869.50908        50.200
R02  19516240.880        1686.702   104142401.39608        51.250
R03  23325304.220        4057.412   124862176.81707        47.000
R08  24360640.040       -4167.422   130450132.36006        37.050
R17  19839374.600        2223.199   106164510.32108        50.600
R18  23605666.360        3964.089   126008643.87607        45.200
R23  23100471.000       -3745.174   123571947.55407        47.750
R24  19765717.460       -1569.350   105696177.83707        46.800
> 2018 01 01 06 50 00.0000000  0 27
C05  40109530.720         -38.350   161504488.32306        41.300
C09  40327698.060        -774.831   162382950.42406        38.650
C11  21690972.660        -229.452    87340581.39908        50.950
C12  24123847.900       -2305.379    97136754.07308        48.300
C14  22756531.640        1532.777    91631143.74608        50.600
E03  23550912.760        1127.317   123760891.98448        51.500
E05  24525981.880       -1634.523   128884915.71448        50.950
E08  24750632.020        2909.685   130065454.63148        48.850
E14  17112998.160       -1737.859    89929412.07648        52.200
G01  20328925.000         148.181   106829234.18308        51.650
G03  20699094.280        1287.137   108774490.77308        51.850
G08  22711220.280       -3329.974   119348268.52608        50.550
G11  20085361.260        -689.864   105549303.56408        49.200
G14  22650860.400       -1303.565   119031083.85508        48.550
G17  23837603.680        3094.981   125267452.53008        49.550
G22  20480920.140         -60.975   107627983.35808        51.000
G23  24001819.320        3428.359   126130410.68908        48.200
G28  23505753.000       -1308.438   123523560.25507        46.700
G32  23883872.060       -2578.299   125510608.41307        47.600
R01  20490410.760       -2898.037   109533006.81108        50.050
R02  19427496.960        1469.847   103668846.33008        51.350
R03  23099916.760        3984.557   123655659.86607        46.900
R09  24627366.580         213.562   131508752.19106        36.300
R17  19719058.460        2067.076   105520669.77708        50.800
R18  23382809.260        3965.311   124819027.84907        46.750
R23  23312809.980       -3826.422   124707813.37208        48.350
R24  19859309.020       -1767.155   106196655.18207        47.000
> 2018 01 01 06 55 00.0000000  0 28
C05  40112388.040         -38.521   161515991.73606        41.150
C09  40385760.800        -783.646   162616742.04606        40.100
C11  21712467.280        -347.906    87427130.67808        50.900
C12  24297747.600       -2362.395    97836974.77107        47.750
C14  22645311.340        1452.396    91183307.08208        50.550
E03  23490020.980        1005.884   123440902.76448        51.600
E05  24621991.480       -1728.221   129389448.89248        50.850
E08  24585796.260        2864.388   129199234.39148        49.100
E14  17222618.400       -2099.976    90505470.73248        52.100
G01  20323503.880          41.264   106800745.73808        51.700
G03  20629323.080        1157.360   108407837.96508        52.050
G08  22903686.140       -3411.482   120359681.48408        50.050
G11  20129559.180        -858.663   105781564.95908        49.300
G14  22730101.640       -1471.780   119447499.10908        48.250
G17  23663042.260        3019.137   124350122.60308        50.150
G19  25165218.920        3664.418   132244129.47306        37.750
G22  20487744.540        -177.628   107663845.47208        50.950
G23  23806995.040        3395.687   125106597.02708        48.100
G28  23584236.760       -1440.031   123935989.64307        46.900
G31  25216947.940        2219.178   132515956.95306        40.200
G32  24034693.280       -2704.112   126303177.12607        47.050
R01  20656818.000       -3030.231   110422550.47308        50.100
R02  19351005.540        1251.012   103260674.93408        50.750
R03  22878854.380        3903.191   122472298.78607        47.000
R17  19607814.920        1899.623   104925387.93708        50.250
R18  23160139.060        3957.459   123630403.85507        46.150
R23  23529531.420       -3901.244   125867129.03807        44.850
R24  19963975.120       -1963.833   106756348.53807        46.600
> 2018 01 01 07 00 00.0000000  0 28
C05  40115232.960         -38.297   161527445.77006        41.300
C09  40444413.960        -790.937   162852914.06906        38.450
C11  21742805.660        -466.960    87549290.07608        50.850
C12  24475742.940       -2415.239    98553684.73607        47.750
C14  22540109.460        1371.213    90759703.62908        50.600
E03  23436078.920         883.618   123157434.64248        51.650
E05  24723210.220       -1817.069   129921356.64548        51.050
E08  24423645.820        2815.285   128347128.95548        49.050
E14  17352466.200       -2446.580    91187823.11248        52.250
G01  20324233.860         -67.511   106804577.98808        52.000
G03  20566935.620        1028.123   108079992.17208        51.900
G08  23100572.060       -3485.090   121394323.02908        50.100
G11  20183384.460       -1027.297   106064415.60908        50.100
G14  22818807.080       -1635.222   119913647.08308        48.850
G17  23493037.920        2935.130   123456750.73708        49.800
G19  24957254.720        3619.562   131151265.38906        39.900
G22  20501136.440        -291.256   107734221.09608        51.050
G23  23614250.420        3355.140   124093720.86408        49.100
G28  23670029.380       -1564.656   124386832.73807        47.300
G31  25092231.800        2147.827   131860565.30406        39.400
G32  24192451.860       -2821.477   127132205.99907        45.850
R01  20830296.480       -3150.193   111349887.98108        49.850
R02  19286828.280        1031.700   102918214.20808        50.800
R03  22662570.320        3813.833   121314512.32608        48.300
R17  19506250.220        1721.678   104381890.81808        50.600
R18  22938154.600        3940.607   122445430.52007        47.650
R23  23750250.300       -3969.046   127047823.39007        45.450
R24  20079606.020       -2158.026   107374678.74607        46.850
> 2018 01 01 07 05 00.0000000  0 28
C05  40118062.880         -37.197   161538840.02906        41.500
C09  40503569.700        -796.577   163091106.74506        39.400
C11  21782038.540        -585.972    87707263.60008        50.800
C12  24657542.920       -2463.899    99285715.15907        47.150
C14  22440993.560        1289.603    90360604.48708        50.600
E03  23389103.360         762.259   122910576.83948        52.250
E05  24829355.220       -1900.372   130479149.70848        51.750
E08  24264397.920        2763.357   127510274.42648        50.900
E14  17501603.280       -2775.174    91971544.50148        52.750
G01  20331225.800        -177.595   106841323.04608        52.400
G03  20511891.700         900.706   107790731.94008        52.650
G08  23301423.980       -3549.929   122449805.37908        50.300
G11  20246817.180       -1194.598   106397759.23308        50.600
G14  22916680.340       -1792.393   120427970.81208        49.900
G17  23328071.300        2843.307   122589842.44208        51.100
G19  24752080.540        3566.843   130073073.07206        41.200
G22  20520913.720        -400.785   107838149.64108        51.750
G23  23424043.560        3307.255   123094174.01608        50.750
G28  23762703.960       -1680.650   124873841.75508        48.000
G31  24971850.760        2067.461   131227956.29907        43.850
G32  24356671.480       -2930.010   127995185.24407        44.900
R01  21010170.820       -3257.711   112311420.75608        50.000
R02  19234968.100         813.647   102641475.87708        51.300
R03  22451496.540        3717.701   120184618.75208        49.150
R17  19414945.400        1534.240   103893302.25808        50.950
R18  22717377.220        3914.921   121266903.31008        49.200
R23  23974561.220       -4028.800   128247729.36007        46.300
R24  20206043.380       -2348.454   108050796.87707        47.350
> 2018 01 01 07 10 00.0000000  0 28
C05  40120876.900         -37.904   161550170.13606        41.000
C09  40563141.340        -802.131   163330972.99906        40.700
C11  21830187.920        -706.246    87901140.43608        50.950
C12  24842848.680       -2509.448   100031859.58007        47.200
C14  22348014.980        1206.394    89986217.60308        50.900
E03  23349092.900         639.740   122700319.78548        51.600
E05  24940139.700       -1979.857   131061327.13848        50.650
E08  24108260.780        2706.332   126689769.81548        49.650
E14  17669021.740       -3086.930    92851333.33048        52.250
G01  20344591.360        -290.773   106911558.15808        52.000
G03  20464131.840         772.953   107539753.54008        51.900
G08  23505782.420       -3608.031   123523711.79708        49.900
G11  20319812.360       -1362.144   106781347.32308        50.100
G14  23023396.140       -1944.892   120988766.30508        48.450
G17  23168620.880        2741.679   121751922.64608        50.650
G19  24550206.740        3503.873   129012220.75307        45.400
G22  20546887.640        -508.363   107974644.11608        50.550
G23  23236826.920        3250.306   122110343.67708        50.250
G28  23861810.900       -1789.989   125394652.26607        46.100
G31  24856372.720        1976.366   130621117.92007        43.800
G32  24526866.880       -3030.755   128889568.32506        41.500
R01  21195781.120       -3354.824   113303613.44308        49.250
R02  19195371.600         595.462   102430181.44108        51.000
R03  22246051.280        3613.008   119084851.59608        49.150
R17  19334465.920        1335.497   103462638.60708        50.550
R18  22498358.820        3877.791   120097773.25008        48.400
R23  24202046.700       -4082.248   129464619.38207        43.050
R24  20343084.860       -2536.137   108783615.73007        46.800
> 2018 01 01 07 15 00.0000000  0 29
C05  40123673.160         -37.539   161561427.69206        40.650
C09  40623042.580        -805.961   163572168.20206        41.100
C11  21887244.660        -825.575    88130882.26908        51.000
C12  25031347.920       -2550.217   100790868.62607        44.950
C14  22261207.220        1123.521    89636678.58608        50.950
E03  23316024.380         518.563   122526543.90548        51.600
E05  25055275.900       -2053.225   131666371.10748        50.750
E08  23955434.580        2646.772   125886661.06648        50.550
E14  17853654.680       -3378.627    93821583.75548        52.450
G01  20364433.320        -404.896   107015827.11908        52.000
G03  20423582.480         647.665   107326664.04108        52.100
G08  23713180.580       -3656.871   124613594.63108        48.800
G09  25619202.780        3792.548                          42.400
G11  20402289.100       -1527.170   107214766.68108        50.300
G14  23138603.460       -2090.311   121594185.16807        47.950
G17  23015165.200        2632.748   120945504.89308        50.850
G19  24352152.640        3432.859   127971430.93807        46.650
G22  20578865.160        -611.675   108142687.09508        50.800
G23  23053050.220        3186.331   121144590.80008        50.400
G28  23966878.440       -1889.738   125946784.95607        45.750
G31  24746356.360        1875.917   130042979.51507        45.850
G32  24702548.120       -3122.767   129812774.68507        42.400
R01  21386478.900       -3439.606   114323000.25008        48.950
R02  19167932.640         380.832   102283761.22508        50.950
R03  22046629.980        3502.274   118017333.79308        49.550
R17  19265345.980        1128.531   103092763.75808        50.350
R18  22281682.240        3830.866   118941134.00908        49.000
R23  24432280.960       -4127.332   130696212.67807        43.250
R24  20490480.140       -2717.903   109571805.25707        47.050
> 2018 01 01 07 20 00.0000000  0 28
C05  40126451.600         -37.048   161572615.29906        40.850
C09  40683192.960        -808.609   163814366.99706        40.300
C11  21953170.480        -944.158    88396337.66608        50.850
C12  25222727.140       -2586.612   101561469.42007        46.600
C14  22180590.020        1040.392    89312067.21308        50.750
E03  23289858.560         398.218   122389041.88548        51.250
E05  25174476.260       -2121.912   132292773.86348        50.300
E08  23806110.380        2583.879   125101957.73448        50.400
E14  18054395.940       -3651.037    94876487.32948        51.950
G01  20390851.220        -521.058   107154653.35808        52.050
G03  20390156.000         523.598   107151007.16308        52.000
G08  23923152.920       -3697.875   125717001.80908        49.300
G09  25402104.600        3811.747   133488955.99107        42.000
G11  20494142.620       -1690.386   107697458.89908        49.850
G14  23261930.000       -2229.202   122242270.82007        47.950
G17  22868181.740        2515.116   120173102.83708        50.550
G19  24158443.020        3352.059   126953487.83107        44.800
G22  20616651.900        -711.733   108341255.72508        50.750
G23  22873160.660        3114.378   120199264.20608        50.450
G28  24077417.780       -1981.290   126527675.24207        45.600
G31  24642349.680        1766.082   129496421.01107        46.800
G32  24883222.060       -3206.316   130762222.32506        39.750
R01  21581634.820       -3513.596   115366220.14208        48.800
R02  19152494.340         168.972   102201378.67708        51.100
R03  21853612.040        3384.764   116984092.45908        49.700
R17  19208091.040         912.520   102786378.87908        50.750
R18  22067952.840        3772.981   117800231.89508        49.050
R24  20647940.560       -2894.601   110413816.03207        46.750
> 2018 01 01 07 25 00.0000000  0 28
C05  40129209.720         -37.096   161583718.95106        41.050
C09  40743510.620        -810.485   164057235.66206        41.400
C11  22027893.260       -1061.659    88697213.85208        51.000
C12  25416657.940       -2618.696   102342342.76707        44.850
C14  22106163.460         957.313    89012381.53708        50.950
E03  23270533.480         278.846   122287485.92848        51.750
E05  25297451.400       -2185.707   132939008.67048        50.350
E08  23660466.780        2517.704   124336594.38148        50.550
E14  18270110.320       -3903.271    96010074.13648        51.900
G01  20423932.860        -638.623   107328498.16108        51.900
G03  20363748.420         401.531   107012234.19608        52.050
G08  24135224.900       -3730.729   126831452.43707        47.500
G09  25184097.520        3823.967   132343319.15606        41.300
G11  20595232.320       -1850.929   108228688.17808        50.400
G14  23392979.400       -2360.972   122930936.34207        47.100
G17  22728139.540        2389.416   119437174.83808        50.800
G19  23969614.180        3261.529   125961187.02707        46.150
G22  20660046.540        -808.319   108569295.38308        50.600
G23  22697593.660        3034.829   119276653.76708        50.550
G28  24192923.460       -2064.093   127134657.34707        46.650
G31  24544880.120        1647.001   128984216.51407        46.650
G32  25068395.520       -3280.127   131735307.00407        43.300
R01  21780636.400       -3576.843   116429996.39808        48.750
R02  19148846.100         -38.731   102181913.17008        50.750
R03  21667348.120        3261.160   115987009.47008        49.600
R17  19163161.580         688.719   102545952.89208        50.350
R18  21857800.520        3703.396   116678424.76408        49.700
R24  20815131.700       -3064.950   111307862.06507        46.400
> 2018 01 01 07 30 00.0000000  0 28
C05  40131946.140         -37.009   161594735.56406        40.950
C09  40803915.240        -810.997   164300460.28206        38.500
C11  22111312.300       -1177.663    89033104.92208        51.100
C12  25612808.040       -2646.248   103132154.00707        44.700
C14  22037913.520         874.536    88737566.80108        51.050
E03  23257970.260         161.152   122221466.43948        51.450
E05  25423913.540       -2244.408   133603571.36548        50.600
E08  23518672.700        2448.906   123591462.93048        50.800
E14  18499651.340       -4135.344    97216318.56448        52.150
G01  20463759.860        -757.238   107537789.50808        51.850
G03  20344246.200         281.749   106909746.70308        52.150
G08  24348930.700       -3755.155   127954477.09007        46.500
G09  24965594.060        3829.254   131195071.08307        45.400
G11  20705391.300       -2008.182   108807576.73408        50.700
G14  23531338.640       -2485.370   123658017.16307        47.150
G17  22595498.680        2255.764   118740144.81308        50.600
G19  23786205.140        3161.765   124997363.98607        47.150
G22  20708850.760        -901.355   108825764.75608        50.300
G23  22526779.220        2947.833   118379015.42208        50.950
G28  24312876.080       -2137.278   127765010.26807        45.850
G31  24454458.740        1518.996   128509048.44808        48.350
G32  25257575.220       -3346.355   132729450.61006        41.250
R01  21982894.500       -3629.799   117511182.55707        47.800
R02  19156734.700        -241.338   102224005.81808        51.250
R03  21488169.080        3131.891   115027848.25008        50.200
R17  19130977.560         457.958   102373728.09208        50.400
R18  21651880.080        3622.209   115579205.22908        49.600
R24  20991684.700       -3228.234   112251964.34007        47.000
> 2018 01 01 07 35 00.0000000  0 29
C05  40134660.420         -36.297   161605663.79006        40.550
C09  40864332.500        -810.540   164543737.58206        38.100
C11  22203295.720       -1291.364    89403483.53308        50.900
C12  25810841.040       -2669.080   103929549.31707        44.000
C14  21975812.120         792.432    88487509.71208        51.000
E03  23252074.600          45.556   122190485.17048        51.550
E05  25553580.380       -2297.630   134284974.99548        50.150
E08  23380888.380        2377.527   122867399.05648        51.050
E14  18741871.380       -4347.201    98489191.08548        52.150
G01  20510403.760        -877.111   107782904.88008        51.850
G03  20331524.040         164.237   106842892.45408        52.100
G08  24563799.520       -3771.233   129083616.24307        47.000
G09  24747017.160        3826.818   130046445.68107        45.400
G11  20824424.880       -2161.339   109433102.07508        50.400
G14  23676581.480       -2601.917   124421275.38907        46.600
G17  22470710.240        2114.419   118084377.51308        50.250
G19  23608756.320        3053.195   124064861.60207        46.950
G22  20762868.080        -990.610   109109625.55008        50.300
G23  22361134.940        2853.857   117508553.31708        50.900
G28  24436747.740       -2201.043   128415959.47807        44.150
G31  24371573.520        1383.240   128073484.43907        47.800
G32  25450276.220       -3403.569   133742100.91006        36.400
R01  22187846.260       -3672.657   118606762.85707        47.800
R02  19175862.080        -438.135   102326072.67308        50.950
R03  21316377.280        2997.772   114108235.09808        49.900
R10  24413449.100         888.565   130137413.25207        44.900
R17  19111907.640         221.276   102271680.02208        50.500
R18  21450866.180        3529.040   114506177.34108        49.950
R24  21177191.580       -3383.897   113243955.32007        46.800
> 2018 01 01 07 40 00.0000000  0 29
C05  40137350.660         -35.959   161616495.67406        40.200
C09  40924690.900        -809.449   164786767.92506        37.350
C11  22303682.440       -1403.048    89807697.27908        50.950
C12  26010416.920       -2687.636   104733149.39207        42.650
C14  21919814.740         710.771    88262032.47108        50.950
E03  23252733.820         -68.477   122193948.85148        51.350
E05  25686170.900       -2346.626   134981744.42348        49.450
E08  23247258.420        2303.510   122165168.76948        51.050
E14  18995629.920       -4539.611    99822701.85748        52.000
G01  20563923.840        -998.219   108064154.04208        51.750
G03  20325448.000          48.871   106810961.72908        51.950
G08  24779363.780       -3779.649   130216414.92107        46.250
G09  24528799.820        3816.689   128899702.89207        45.300
G11  20952109.660       -2311.092   110104088.23108        50.500
G14  23828269.900       -2711.073   125218400.59707        46.400
G17  22354207.280        1965.643   117472145.70908        50.950
G19  23437805.520        2934.418   123166508.88507        47.300
G22  20821901.040       -1077.072   109419845.36008        50.700
G23  22201068.820        2752.540   116667397.76508        51.200
G28  24564002.520       -2255.749   129084682.75807        44.650
G31  24296685.240        1239.116   127679944.84108        48.050
G32  25646017.400       -3452.775   134770735.86205        32.650
R01  22394950.020       -3706.620   119713847.96007        46.800
R02  19205890.520        -629.120   102486309.55308        51.150
R03  21152248.900        2858.693   113229641.42808        50.500
R10  24369816.820         661.162   129904829.62507        44.700
R17  19106264.020         -20.784   102241479.52108        50.350
R18  21255450.400        3423.022   113463032.64008        50.300
R24  21371214.660       -3531.844   114281482.76807        46.550
> 2018 01 01 07 45 00.0000000  0 27
C05  40140015.060         -35.782   161627222.09106        40.700
C11  22412280.200       -1511.785    90244974.95808        50.800
C12  26211187.660       -2701.216   105541562.77306        38.100
C14  21869863.820         630.194    88060900.49508        50.950
E03  23259818.920        -179.630   122231180.68748        51.450
E05  25821409.660       -2390.643   135692427.42248        49.350
E08  23117916.580        2227.332   121485472.60948        51.050
E14  19259805.660       -4712.269   101210953.61148        51.850
G01  20624366.320       -1119.655   108381779.65308        51.800
G03  20325874.220         -63.656   106813201.30708        52.150
G08  24995162.680       -3779.509   131350434.17607        47.200
G09  24311373.180        3799.211   127757122.32007        46.550
G11  21088195.460       -2455.869   110819222.82008        50.550
G14  23985954.460       -2811.860   126047036.45807        46.400
G17  22246401.260        1809.915   116905621.76308        51.100
G19  23273887.200        2806.613   122305109.85907        47.750
G22  20885755.680       -1159.692   109755404.07308        50.350
G23  22046969.020        2644.817   115857599.47908        50.950
G28  24694095.560       -2300.502   129768325.74007        42.700
G31  24230225.720        1087.976   127330697.73308        48.050
R01  22603690.860       -3731.197   120829686.49207        46.750
R02  19246446.300        -812.709   102702721.59208        50.950
R03  20996027.740        2715.645   112393380.10308        50.000
R10  24339099.660         429.656   129741090.01607        45.850
R17  19114298.680        -266.616   102284473.89308        50.400
R18  21066337.440        3304.639   112453537.28208        49.750
R24  21573283.160       -3670.511   115362030.79907        46.000
> 2018 01 01 07 50 00.0000000  0 28
C05  40142653.640         -35.214   161637844.18406        41.000
C09  41044936.320        -804.133   165270943.47505        34.700
C11  22528873.000       -1617.543    90714444.41608        50.800
C12  26412807.860       -2710.459   106353401.05406        38.900
C14  21825891.140         550.328    87883839.50408        50.950
E03  23273189.400        -288.299   122301442.19148        51.550
E05  25959028.400       -2429.924   136415616.05448        49.750
E08  22992986.240        2149.147   120828959.98048        51.050
E14  19533304.500       -4866.082   102648196.77548        52.150
G01  20691765.880       -1241.647   108735968.41008        51.700
G03  20332655.640        -173.507   106848838.40608        52.200
G08  25210737.220       -3771.453   132483279.70307        46.400
G09  24095178.660        3773.575   126621012.64907        44.950
G11  21232410.440       -2595.625   111577075.89708        50.750
G14  24149181.920       -2905.081   126904804.77807        45.000
G17  22147687.380        1647.396   116386876.30208        51.350
G19  23117528.160        2669.678   121483439.67007        47.800
G22  20954245.100       -1239.212   110115317.53708        50.250
G23  21899214.180        2530.515   115081141.24308        51.200
G28  24826483.980       -2336.138   130464030.52907        42.950
G31  24172596.300         929.981   127027853.39407        47.350
R01  22813584.300       -3747.551   121951687.07507        45.750
R02  19297127.320        -989.022   102973166.18408        51.000
R03  20847933.100        2568.901   111600616.28608        50.950
R10  24321509.940         194.762   129647324.65307        44.600
R17  19136202.620        -515.245   102401686.26508        50.600
R18  20884247.300        3173.268   111481528.99308        50.150
R24  21782902.300       -3800.615   116482953.44807        46.750
> 2018 01 01 07 55 00.0000000  0 28
C05  40145263.960         -34.439   161648353.93106        40.400
C09  41104691.800        -799.749   165511552.89505        33.350
C11  22653215.220       -1719.399    91215116.71008        50.400
C12  26614929.080       -2714.395   107167262.29306        36.900
C14  21787813.620         472.316    87730517.70808        50.850
E03  23292688.880        -393.920   122403913.22048        51.250
E05  26098762.900       -2464.257   137149924.38648        48.700
E08  22872576.380        2069.431   120196201.96348        50.950
E14  19815059.980       -5001.318   104128834.18148        51.750
G01  20766142.620       -1363.623   109126819.75208        51.550
G03  20345638.220        -280.440   106917062.25308        51.900
G08  25425636.360       -3755.358   133612579.56207        46.300
G09  23880653.340        3741.025   125493676.05007        45.350
G11  21384456.460       -2729.646   112376084.14708        50.300
G14  24317496.100       -2989.969   127789298.21907        44.650
G17  22058431.800        1479.110   115917833.59408        51.150
G19  22969244.820        2524.157   120704205.24407        47.600
G22  21027184.560       -1315.200   110498617.62508        50.100
G23  21758159.940        2410.615   114339895.37908        51.100
G28  24960621.000       -2361.375   131168927.83606        40.200
G31  24124161.720         766.391   126773329.24308        48.400
R01  23024171.980       -3755.487   123077394.81807        43.100
R02  19357504.040       -1157.042   103295347.52508        51.050
R03  20708148.440        2419.566   110852338.18308        50.400
R10  24317187.080         -41.112   129624282.40807        45.750
R17  19172098.420        -765.056   102593770.34208        50.650
R18  20709904.140        3029.425   110550870.12008        50.550
R24  21999550.040       -3920.727   117641465.88807        46.150
> 2018 01 01 08 00 00.0000000  0 28
C05  40147844.920         -34.514   161658746.02306        40.550
C09  41164115.600        -795.440   165750834.54405        33.100
C11  22785036.060       -1818.380    91745903.52308        50.700
C14  21755539.580         394.471    87600562.83608        51.000
E03  23318150.260        -497.360   122537712.98148        51.350
E05  26240357.180       -2495.291   137894007.19048        49.200
E08  22756783.000        1987.188   119587704.86148        50.700
E14  20104045.360       -5119.902   105647460.05948        51.800
G01  20847500.560       -1486.478   109554356.29508        51.650
G03  20364664.820        -385.493   107017045.52508        52.050
G08  25639419.860       -3732.640   134736015.97406        40.650
G09  23668237.500        3699.618   124377418.38907        47.750
G11  21544016.360       -2859.078   113214576.98308        50.400
G14  24490436.840       -3067.201   128698104.00606        41.400
G17  21978970.620        1304.084   115500266.60008        50.800
G19  22829537.920        2369.131   119970034.96408        48.800
G22  21104397.380       -1389.106   110904370.01508        50.300
G23  21624143.400        2283.776   113635634.84508        50.800
G28  25095964.720       -2378.437   131880157.96307        43.950
G31  24085249.140         596.237   126568842.59907        47.300
R01  23235021.920       -3757.101   124204506.85207        43.600
R02  19427124.940       -1318.044   103666859.43708        50.850
R03  20576827.240        2266.784   110149365.35108        50.750
R10  24326202.240        -279.012   129672340.90907        44.350
R11  24389348.980        2252.132   130329291.51816        40.800
R17  19222039.420       -1016.317   102861014.98608        50.550
R18  20544032.120        2871.602   109665434.37808        50.300
R24  22222686.060       -4032.158   118834673.53707        45.800
> 2018 01 01 08 05 00.0000000  0 25
C05  40150395.480         -34.336   161669014.77206        40.200
C11  22924042.080       -1912.738    92305621.42908        50.650
C14  21728966.220         318.765    87493563.54308        50.850
E03  23349394.580        -597.093   122701904.33148        51.000
E05  26383564.000       -2521.516   138646560.92948        48.300
E08  22645690.560        1904.194   119003906.66448        51.450
E14  20399269.800       -5220.745   107198875.47248        51.750
G01  20935827.540       -1608.304   110018517.46408        51.700
G03  20389574.760        -487.164   107147949.58108        51.850
G09  23458365.160        3651.236   123274539.47907        46.700
G11  21710752.360       -2981.632   114090778.56508        50.500
G14  24667544.320       -3136.374   129628813.92106        40.300
G17  21909612.540        1124.675   115135782.19308        51.150
G19  22698887.360        2206.327   119283461.41108        48.800
G22  21185710.960       -1459.448   111331674.71608        50.800
G23  21497480.420        2152.430   112970017.88508        50.800
G31  24056145.860         422.270   126415905.13607        47.700
R01  23445732.460       -3751.388   125330871.05006        41.300
R02  19505523.040       -1469.872   104085203.42008        51.350
R03  20454090.600        2112.771   109492348.41108        50.550
R10  24348556.240        -515.606   129791498.19707        43.550
R11  24267367.540        2090.854   129677459.61506        36.350
R17  19286010.360       -1266.041   103203334.84508        50.750
R18  20387354.660        2701.552   108829078.16208        50.700
R24  22451751.980       -4132.822   120059587.14607        45.050
> 2018 01 01 08 10 00.0000000  0 26
C05  40152914.160         -33.685   161679156.46106        40.200
C09  41281735.000        -783.109   166224438.52415        30.300
C11  23069917.360       -2002.614    92893000.50608        50.250
C14  21707983.980         244.534    87409075.60708        50.800
E03  23386235.460        -693.324   122895502.05548        51.400
E05  26528143.040       -2543.382   139406328.37348        48.850
E08  22539368.100        1820.194   118445179.06048        51.200
E14  20699787.180       -5305.300   108778102.37348        51.650
G01  21031096.580       -1729.396   110519157.97408        51.550
G03  20420209.020        -585.925   107308933.15208        51.950
G06  25046882.460        3306.601   131622253.85507        42.900
G09  23251476.460        3595.301   122187327.35608        50.400
G11  21884308.960       -3097.812   115002822.20208        50.550
G14  24848366.940       -3196.687   130579038.41305        35.650
G17  21850625.160         940.961   114825804.53208        50.900
G19  22577752.840        2035.883   118646900.01808        48.550
G22  21270961.840       -1527.040   111779673.90708        50.300
G23  21378464.260        2016.173   112344581.39408        51.250
G31  24037097.760         244.104   126315808.17407        47.200
R02  19592217.220       -1613.093   104547819.43708        51.150
R03  20340028.460        1957.391   108881764.78008        50.500
R10  24384177.140        -750.187   129981375.33307        44.500
R11  24154768.840        1918.364   129075779.35606        41.250
R17  19363924.780       -1513.435   103620270.30008        50.700
R18  20240585.280        2519.131   108045613.33808        50.600
R24  22686172.940       -4222.794   121313140.07707        44.900
> 2018 01 01 08 15 00.0000000  0 26
C05  40155399.960         -33.215   161689165.05706        40.200
C09  41339815.320        -775.791   166458300.95005        35.000
C11  23222326.860       -2087.915    93506686.40308        50.150
C14  21692473.600         171.978    87346622.66008        50.800
E03  23428475.360        -785.909   123117474.90948        51.350
E05  26673863.680       -2561.159   140172096.44047        47.300
E08  22437873.220        1735.305   117911822.14648        51.050
E14  21004691.400       -5374.311   110380386.05648        51.300
G01  21133261.640       -1849.587   111056040.09708        51.600
G03  20456406.980        -681.749   107499153.36008        51.850
G06  24857828.900        3315.570   130628769.61106        41.750
G09  23047998.180        3531.940   121118046.61008        50.100
G11  22064314.060       -3207.251   115948755.22708        50.000
G17  21802243.040         753.446   114571552.50808        50.950
G19  22466569.320        1858.098   118062624.82208        48.850
G22  21359995.100       -1591.741   112247544.83408        50.300
G23  21267360.920        1875.454   111760729.03108        51.100
G31  24028306.100          63.122   126269607.29508        48.850
R02  19686719.120       -1747.293   105052099.96108        50.950
R03  20234697.780        1801.489   108317919.78108        50.600
R10  24432922.940        -981.449   130241218.72507        43.950
R11  24052195.400        1734.047   128527655.24306        38.250
R17  19455626.900       -1757.438   104110985.85108        50.850
R18  20104422.080        2324.437   107318766.05508        50.350
R19  24345580.420        4320.811   130232445.85706        37.500
R24  22925364.260       -4302.396   122592197.05507        44.500
> 2018 01 01 08 20 00.0000000  0 27
C05  40157851.640         -32.730   161699035.76406        40.050
C11  23380914.460       -2168.506    94145251.66408        49.950
C14  21682311.480         100.950    87305703.81508        50.650
E03  23475912.020        -875.519   123366756.61048        51.050
E05  26820505.700       -2575.717   140942702.83747        47.700
E08  22341251.360        1649.446   117404068.62248        51.050
E14  21313123.460       -5429.022   112001202.89948        51.400
G01  21242261.260       -1968.926   111628835.47908        51.350
G03  20498009.700        -775.392   107717775.88608        51.950
G06  24668376.160        3320.319   129633183.51207        44.850
G09  22848358.780        3460.625   120068934.57108        50.200
G11  22250382.880       -3310.350   116926550.37008        50.600
G17  21764657.320         562.695   114374035.84908        51.150
G19  22365738.180        1673.025   117532750.85308        49.400
G22  21452661.760       -1654.393   112734511.61608        50.300
G23  21164411.120        1730.457   111219725.57608        50.600
G31  24029926.280        -120.481   126278121.14408        48.550
R01  24073422.780       -3697.525   128686183.24605        34.350
R02  19788537.280       -1873.429   105595420.45408        51.150
R03  20138123.120        1644.865   107800948.00608        50.700
R04  24227209.040        3521.534   129735611.75907        43.250
R10  24494584.760       -1209.179   130569910.74007        43.800
R11  23960243.460        1539.148   128036296.38505        34.450
R17  19560892.920       -1997.207   104674281.78508        50.850
R18  19979542.240        2117.604   106652149.04508        50.000
R19  24103716.140        4302.606   128938635.69306        39.400
R24  23168728.980       -4371.774   123893577.75507        43.700
> 2018 01 01 08 25 00.0000000  0 27
C05  40160267.640         -32.227   161708764.47506        40.100
C11  23545309.520       -2243.883    94807201.90808        49.400
C14  21677368.320          31.830    87285797.47708        50.900
E03  23528337.200        -960.734   123642251.31148        51.250
E05  26967857.240       -2586.266   141717035.76347        47.900
E07  28497074.220        2677.897   149753134.82847        44.550
E08  22249532.060        1563.503   116922083.83948        50.950
E14  21624264.540       -5469.378   113636259.32848        51.400
G01  21358015.120       -2086.257   112237122.68708        51.600
G03  20544860.700        -865.729   107963979.35008        51.800
G06  24478773.920        3321.006   128636819.11207        44.600
G09  22652976.520        3382.709   119042191.98308        50.700
G11  22442116.520       -3405.882   117934116.52108        50.350
G17  21738016.040         370.100   114234036.89108        50.850
G19  22275627.300        1482.558   117059215.82608        49.550
G22  21548822.920       -1714.291   113239839.06908        50.750
G23  21069827.860        1582.296   110722689.92808        50.600
G31  24042068.220        -305.341   126341927.21707        45.100
R02  19897179.060       -1990.271   106175154.21308        51.050
R03  20050298.580        1489.115   107330818.01608        50.550
R04  24031474.260        3465.134   128687462.14407        42.100
R10  24568887.160       -1430.636   130965984.68407        43.550
R11  23879471.800        1335.949   127604669.16905        34.700
R17  19679431.220       -2230.801   105308604.43008        50.750
R18  19866594.240        1899.787   106049224.09408        50.050
R19  23863171.340        4273.646   127651870.94907        43.750
R24  23415667.160       -4429.813   125214062.78006        41.800
> 2018 01 01 08 30 00.0000000  0 28
C05  40162646.820         -31.574   161718342.63206        40.400
C11  23715125.780       -2313.826    95490978.80008        49.650
C14  21677508.700         -35.329    87286362.68708        51.050
E03  23585536.700       -1042.547   123942835.33048        51.100
E05  27115714.480       -2593.295   142494031.50047        46.350
E07  28344942.920        2651.359   148953682.28847        45.950
E08  22162735.200        1477.273   116465961.36248        51.100
E14  21937340.420       -5496.634   115281483.92448        51.350
G01  21480422.540       -2201.790   112880380.99508        51.300
G03  20596806.440        -953.608   108236955.09708        51.950
G06  24289292.340        3316.397   127641087.69807        44.050
G09  22462259.640        3297.595   118039969.12608        51.200
G11  22639105.840       -3494.073   118969300.98408        49.900
G14  25599892.420       -3364.962   134528334.15606        37.300
G17  21722423.800         175.862   114152099.07208        50.950
G19  22196567.660        1286.384   116643752.62008        49.400
G22  21648345.400       -1772.071   113762834.99408        50.400
G23  20983795.060        1431.222   110270584.24208        50.650
G31  24064793.640        -491.009   126461349.94507        45.300
R02  20012155.800       -2098.542   106788691.96308        50.750
R03  19971188.680        1334.238   106907334.53908        50.750
R04  23839023.000        3404.712   127656893.00707        43.600
R11  23810379.620        1123.930   127235448.63706        40.250
R12  24105360.820        3140.908   128766526.86906        40.850
R17  19810888.080       -2457.662   106012057.72508        50.950
R18  19766189.680        1671.569   105513257.15508        50.550
R19  23624588.680        4232.818   126375612.03006        41.800
R24  23665571.080       -4477.187   126550406.95707        43.350
> 2018 01 01 08 35 00.0000000  0 27
C05  40164988.200         -31.429   161727769.79006        40.400
C11  23889964.540       -2378.719    96194979.96308        49.000
C14  21682597.500        -101.093    87306853.78108        50.900
E03  23647295.160       -1120.688   124267378.52248        51.200
E05  27263888.600       -2597.372   143272690.29847        45.300
E07  28194400.740        2622.263   148162581.81647        42.850
E08  22080866.520        1390.704   116035739.75148        51.200
E14  22251620.880       -5511.778   116933037.74548        51.300
G01  21609370.800       -2315.545   113558005.08608        51.100
G03  20653698.500       -1039.344   108535926.48608        51.600
G06  24100220.800        3306.460   126647503.02807        44.800
G09  22276609.400        3205.075   117064373.29408        50.750
G11  22840934.440       -3575.539   120029915.80408        49.850
G17  21717939.640         -19.064   114128531.64608        51.300
G19  22128849.080        1085.212   116287889.57908        50.050
G22  21751109.480       -1828.103   114302860.35908        50.400
G23  20906467.640        1277.323   109864222.93308        51.050
G31  24098118.640        -676.697   126636474.36707        47.350
R02  20132987.060       -2198.663   107433470.47608        50.800
R03  19900728.380        1180.402   106530156.44108        50.650
R04  23650059.300        3340.615   126645006.90107        43.200
R11  23753422.000         903.830   126931034.11207        42.300
R12  23931517.480        3047.399   127837881.84606        40.650
R17  19954852.400       -2676.993   106782438.24408        50.950
R18  19678900.380        1433.104   105047300.59408        50.400
R19  23388644.540        4179.181   125113473.26807        43.250
R24  23917833.220       -4514.177   127899363.46507        43.100
> 2018 01 01 08 40 00.0000000  0 27
C05  40167290.360         -30.420   161737038.25306        40.050
C11  24069414.700       -2437.663    96917550.56508        48.550
C14  21692496.180        -164.492    87346711.83708        50.700
E03  23713394.320       -1194.500   124614731.65848        51.350
E05  27412197.920       -2597.962   144052057.61147        46.700
E07  28045562.680        2591.521   147380429.19447        44.950
E08  22003920.900        1304.795   115631385.36048        51.650
E14  22566414.700       -5514.774   118587289.07448        51.000
G01  21744723.440       -2426.174   114269286.22908        51.550
G03  20715393.480       -1121.919   108860133.53708        51.800
G06  23911860.160        3291.313   125657662.69007        46.150
G09  22096414.200        3106.362   116117440.13608        51.600
G11  23047177.000       -3648.835   121113725.38308        49.350
G17  21724572.580        -213.311   114163386.05008        51.350
G19  22072717.080         880.541   115992912.53008        49.700
G22  21856998.440       -1881.428   114859311.27408        50.150
G23  20837967.260        1122.026   109504250.29108        51.200
G31  24142011.220        -860.965   126867130.00507        46.300
R02  20259200.960       -2290.130   108106971.77208        50.850
R03  19838826.300        1028.865   106198788.02108        50.700
R04  23464775.420        3273.527   125652814.14007        43.800
R11  23708989.660         677.819   126693598.63907        42.850
R12  23763319.120        2939.814   126939395.72407        44.200
R17  20110854.580       -2887.101   107617237.65208        50.550
R18  19605247.020        1186.476   104654132.91508        50.550
R19  23156038.560        4113.657   123869186.93107        45.900
R24  24171846.900       -4540.008   129257682.96406        41.000
> 2018 01 01 08 45 00.0000000  0 27
C05  40169552.320         -30.303   161746143.21606        40.100
C11  24253057.460       -2491.302    97657000.95208        48.700
C14  21707065.620        -226.480    87405376.80808        50.650
E03  23783615.280       -1265.245   124983744.60248        51.100
E05  27560470.980       -2596.223   144831236.97847        43.250
E07  27898533.400        2558.737   146607787.89647        44.050
E08  21931878.700        1218.915   115252805.63448        50.950
E14  22881070.780       -5507.168   120240817.07048        50.700
G01  21886328.560       -2534.518   115013425.81008        51.100
G03  20781751.560       -1202.679   109208848.14208        51.700
G06  23724534.640        3270.030   124673258.11307        46.550
G09  21922047.120        3000.920   115201136.89308        51.400
G11  23257402.960       -3715.044   122218468.95408        48.800
G17  21742284.540        -407.122   114256464.49708        51.100
G19  22028368.980         672.364   115759863.61808        49.700
G22  21965907.520       -1933.827   115431633.24908        50.100
G23  20778386.060         964.905   109191150.02808        51.100
G31  24196392.840       -1044.051   127152909.15406        41.350
R02  20390338.880       -2374.107   108806747.48008        50.700
R03  19785363.240         879.217   105912599.10708        50.200
R04  23283340.060        3202.983   124681243.13907        46.800
R11  23677410.880         446.268   126524846.09906        41.400
R12  23601596.560        2816.928   126075505.54807        44.650
R17  20278376.400       -3087.889   108513679.72508        50.550
R18  19545694.300         931.440   104336235.60008        50.550
R19  22927490.100        4034.501   122646603.80407        45.750
R24  24427010.060       -4555.300   130622140.39906        38.850
> 2018 01 01 08 50 00.0000000  0 27
C05  40171772.940         -29.291   161755082.86506        39.750
C11  24440465.420       -2538.601    98411612.25807        47.550
C14  21726167.960        -286.029    87482292.24208        50.700
E03  23857740.180       -1331.105   125373272.25748        51.350
E05  27708550.000       -2591.017   145609391.62147        42.950
E07  27753414.780        2524.786   145845184.13047        45.800
E08  21864714.880        1134.266   114899852.69348        51.300
E14  23194977.000       -5488.449   121890403.82448        50.800
G01  22034018.320       -2639.033   115789536.41508        51.300
G03  20852641.600       -1280.480   109581376.95708        51.450
G06  23538581.920        3243.342   123696073.97007        46.950
G09  21753868.640        2889.878   114317354.10108        51.800
G11  23471179.040       -3773.154   123341866.32108        48.700
G17  21770991.240        -598.260   114407319.37008        51.300
G19  21995955.720         462.812   115589528.67208        50.200
G22  22077740.620       -1983.884   116019314.69308        50.350
G23  20727785.880         807.644   108925243.35508        51.100
G31  24261142.360       -1224.055   127493165.96107        44.650
R02  20525957.560       -2449.472   109530432.96308        50.750
R03  19740200.500         732.918   105670838.80608        50.500
R04  23105914.980        3130.526   123731135.53307        45.000
R11  23658945.520         211.127   126426181.45706        40.500
R12  23447172.360        2679.895   125250600.15607        44.200
R17  20456853.580       -3277.570   109468746.25708        50.600
R18  19500645.500         670.664   104095763.41308        50.350
R19  22703737.060        3942.803   121449679.92107        45.550
R24  24682730.920       -4560.034   131989581.40605        35.300
> 2018 01 01 08 55 00.0000000  0 27
C05  40173950.640         -29.290   161763849.15806        40.100
C11  24631204.740       -2580.697    99179636.72407        47.700
C14  21749664.360        -344.511    87576901.56808        50.850
E03  23935550.540       -1394.457   125782169.20548        51.100
E05  27856282.840       -2584.282   146385731.82947        43.000
E07  27610297.100        2488.704   145093094.82347        43.850
E08  21802386.100        1049.279   114572315.54248        51.250
E14  23507555.640       -5461.002   123533014.73948        50.500
E26  26341516.860        2855.021   138425598.42247        43.300
G01  22187603.400       -2741.208   116596633.13408        51.050
G03  20927936.660       -1357.151   109977052.26508        51.900
G06  23354359.540        3209.391   122727975.00907        47.650
G09  21592220.280        2771.972   113467885.80208        51.800
G11  23688066.320       -3824.173   124481616.53607        47.850
G17  21810558.780        -787.608   114615245.40908        51.100
G19  21975572.520         250.902   115482415.86508        49.550
G22  22192405.000       -2033.196   116621879.97708        50.350
G23  20686194.500         649.201   108706678.80808        51.100
G31  24336089.740       -1401.387   127887018.09207        46.100
R02  20665629.300       -2518.463   110275746.37508        50.700
R03  19703174.380         588.755   105472631.89908        50.850
R04  22932635.340        3054.748   122803233.00107        46.750
R11  23653793.020         -27.955   126398640.15407        43.200
R12  23300850.280        2528.178   124468976.40607        44.750
R17  20645680.160       -3457.149   110479194.47408        49.850
R18  19470435.560         403.494   103934499.08708        50.400
R19  22485535.960        3836.316   120282447.87407        46.150
> 2018 01 01 09 00 00.0000000  0 28
C05  40176084.120         -28.136   161772439.30906        39.800
C10  41222638.820        1361.604   165986488.72606        37.300
C11  24824837.380       -2616.254    99959313.81107        47.000
C14  21777419.780        -400.410    87688661.53908        50.800
E03  24016832.720       -1452.875   126209309.32948        51.100
E05  28003531.840       -2574.041   147159530.63646        40.600
E07  27469265.120        2451.739   144351963.04247        46.400
E08  21744845.780         966.462   114269936.51648        51.250
E14  23818265.200       -5423.229   125165802.75548        50.500
E26  26179288.060        2827.179   137573081.87946        40.650
G01  22346883.140       -2838.538   117433650.58008        50.950
G03  21007516.160       -1430.754   110395248.13408        51.550
G06  23172237.280        3169.764   121770917.74407        47.850
G09  21437426.060        2649.776   112654435.16508        51.900
G11  23907628.920       -3866.783   125635419.68008        48.050
G17  21860805.720        -972.290   114879295.31808        51.150
G19  21967266.500          39.832   115438764.08008        49.650
G22  22309819.940       -2080.265   117238898.27208        50.200
G23  20653610.400         492.159   108535448.45608        51.750
G31  24421028.340       -1573.883   128333370.63107        47.000
R02  20808945.420       -2579.242   111040510.93708        50.400
R03  19674101.640         449.096   105317006.36608        50.150
R04  22763626.140        2978.176   121898199.32507        47.550
R11  23662072.200        -267.474   126442886.21207        43.050
R12  23163416.620        2363.691   123734827.43707        46.050
R17  20844216.320       -3623.885   111541598.26508        50.400
R18  19455325.860         133.423   103853844.05108        50.400
R19  22273651.860        3717.253   119149015.04407        46.250
> 2018 01 01 09 05 00.0000000  0 28
C05  40178172.780         -27.835   161780848.42606        39.700
C10  41121939.380        1341.406   165581008.56406        39.700
C11  25020924.600       -2646.436   100748869.75307        46.750
C14  21809302.580        -455.060    87817039.34108        50.850
E03  24101375.240       -1508.268   126653581.43348        51.100
E05  28150169.060       -2562.500   147930113.48047        43.050
E07  27330392.580        2413.141   143622185.65247        47.100
E08  21692033.220         884.078   113992405.72548        51.200
E14  24126595.620       -5377.367   126786089.57348        49.800
E26  26018816.540        2793.815   136729800.54446        40.550
G01  22511636.620       -2932.703   118299436.70508        50.500
G03  21091269.420       -1503.083   110835371.46008        51.850
G06  22992603.820        3122.408   120826937.51708        48.200
G09  21289788.400        2521.647   111878596.46608        51.700
G11  24129426.260       -3902.181   126800972.35107        46.900
G17  21921507.220       -1153.321   115198278.81608        51.200
G19  21971027.560        -171.484   115458527.79208        50.050
G22  22429909.800       -2126.682   117869973.23708        50.100
G23  20630001.000         335.215   108411381.09108        51.450
G31  24515709.200       -1742.193   128830917.90407        42.900
R02  20955519.280       -2634.013   111822655.52508        50.150
R03  19652786.020         312.333   105202900.45408        50.400
R04  22598995.020        2898.805   121016603.20107        47.000
R11  23683839.720        -507.881   126559200.52807        46.650
R12  23035626.020        2185.146   123052197.32107        45.900
R17  21051790.180       -3779.053   112652366.80708        50.450
R18  19455502.840        -139.933   103854785.92708        50.400
R19  22068863.220        3583.769   118053529.83307        47.000
> 2018 01 01 09 10 00.0000000  0 28
C05  40180215.400         -27.224   161789074.83706        39.800
C10  41022807.980        1319.512   165181851.45906        41.250
C11  25219023.620       -2670.443   101546528.33907        46.500
C14  21845184.580        -507.947    87961520.55308        50.750
E03  24188970.800       -1560.000   127113900.23548        51.150
E05  28296077.500       -2548.937   148696865.01946        39.450
E07  27193749.180        2373.449   142904122.83647        46.650
E08  21643882.860         803.010   113739372.01548        51.450
E14  24432069.740       -5323.333   128391363.06148        50.150
E26  25860411.600        2754.819   135897377.11847        46.400
G01  22681631.340       -3022.251   119192762.67808        50.400
G03  21179089.400       -1573.372   111296869.45708        51.700
G06  22815861.920        3068.254   119898150.29808        48.700
G09  21149590.800        2389.026   111141853.57808        51.900
G11  24353023.420       -3929.938   127975981.32907        46.850
G17  21992391.060       -1329.043   115570778.38208        51.250
G19  21986793.620        -380.790   115541381.90608        49.550
G22  22552606.060       -2171.796   118514747.32408        50.000
G23  20615304.720         179.887   108334150.93808        51.600
G31  24619844.280       -1905.168   129378157.41007        43.650
R02  21104984.140       -2682.268   112620224.42808        50.200
R03  19639014.040         179.731   105129177.71008        50.700
R04  22438831.040        2818.465   120158933.14308        48.150
R11  23719074.440        -747.252   126747486.61807        44.900
R12  22918205.620        1994.287   122424959.50207        45.600
R17  21267707.480       -3921.597   113807778.76408        50.600
R18  19471070.180        -414.280   103937888.68008        50.350
R19  21871947.540        3436.274   117000165.02507        47.500
> 2018 01 01 09 15 00.0000000  0 29
C05  40182210.100         -26.623   161797106.47206        39.800
C10  40925348.800        1296.577   164789422.19806        41.600
C11  25418691.100       -2688.325   102350503.38807        46.800
C14  21884939.660        -558.946    88121598.77308        50.750
E03  24279416.220       -1607.990   127589193.53248        51.250
E07  27059393.200        2333.204   142198079.00447        46.800
E08  21600315.900         723.605   113510428.74648        51.350
E14  24734234.940       -5261.413   129979250.35248        49.750
E26  25704386.000        2710.575   135077453.76147        46.850
G01  22856616.020       -3107.130   120112309.79408        50.500
G03  21270876.240       -1641.940   111779211.97908        51.550
G06  22642423.940        3006.671   118986730.86508        48.800
G07  25583440.780        3193.709   134441884.53707        47.550
G09  21017088.980        2252.336   110445555.95008        51.800
G11  24577983.600       -3949.928   129158152.61807        46.550
G17  22073145.180       -1498.867   115995141.04608        51.450
G19  22014448.840        -587.488   115686708.69008        49.750
G22  22677845.200       -2215.568   119172882.34808        49.200
G23  20609428.120          26.469   108303269.85608        51.550
G31  24733115.100       -2062.207   129973394.88107        47.350
R02  21256991.840       -2724.346   113431366.69308        50.400
R03  19632559.880          51.458   105094627.30508        50.150
R04  22283207.540        2737.138   119325580.39907        47.050
R11  23767686.580        -984.140   127007251.65707        47.000
R12  22811838.900        1791.795   121856767.28707        45.950
R13  24207478.520        3794.855   129266578.67405        31.450
R17  21491247.480       -4050.978   115003990.09808        49.250
R18  19502051.280        -688.022   104103266.04308        50.400
R19  21683682.900        3275.302   115993075.44407        47.700
> 2018 01 01 09 20 00.0000000  0 29
C05  40184157.100         -25.354   161804945.86406        40.150
C10  40829662.040        1272.216   164404133.17306        39.950
C11  25619489.660       -2700.247   103159029.26507        47.100
C14  21928452.160        -608.309    88296802.87808        50.900
E03  24372516.720       -1652.354   128078438.14848        51.200
E07  26927378.800        2292.333   141504336.31447        47.400
E08  21561253.240         645.851   113305150.74948        51.550
E14  25032671.160       -5192.125   131547541.24448        49.000
E26  25551059.920        2660.917   134271718.48547        47.150
G01  23036329.320       -3187.301   121056705.70008        50.350
G03  21366539.220       -1708.577   112281923.14208        51.200
G06  22472722.280        2937.927   118094937.91108        50.600
G07  25399700.400        3242.865   133476330.99407        47.250
G09  20892521.340        2111.896   109790943.28908        52.150
G11  24803878.180       -3962.063   130345230.10507        45.650
G17  22163418.120       -1661.928   116469524.75908        51.700
G19  22053824.560        -790.606   115893631.05308        49.800
G22  22805571.460       -2258.258   119844085.03808        49.550
G23  20612254.720        -124.403   108318124.22308        51.450
G31  24855167.640       -2212.151   130614787.10207        43.650
R02  21411222.220       -2760.833   114254369.22508        49.300
R03  19633191.840         -72.506   105098010.10708        50.150
R04  22132187.500        2654.844   118516876.85108        48.850
R11  23829516.200       -1217.286   127337651.93707        44.500
R12  22717167.060        1578.574   121351049.98707        46.700
R13  23994403.620        3789.014   128128780.92005        31.450
R17  21721682.860       -4166.842   116237093.02208        49.750
R18  19548386.940        -959.774   104350607.04508        50.400
R19  21504842.660        3100.813   115036399.38608        48.450
> 2018 01 01 09 25 00.0000000  0 30
C05  40186054.960         -24.976   161812587.94906        39.900
C10  40735847.620        1246.248   164026382.16406        41.100
C11  25820979.960       -2706.884   103970342.84707        46.250
C14  21975607.400        -656.804    88486677.67208        50.800
E02  28726065.900        2647.868   150956491.81657        42.000
E03  24468081.360       -1694.473   128580634.47248        50.950
E07  26797747.820        2249.655   140823127.88747        47.100
E08  21526604.260         568.945   113123069.31448        51.400
E14  25326981.680       -5116.840   133094149.97448        49.450
E26  25400756.200        2604.481   133481870.93647        47.750
G01  23220494.300       -3263.121   122024499.64908        49.700
G03  21465992.560       -1774.680   112804551.32508        51.550
G06  22307192.400        2860.459   117225077.72608        50.250
G07  25213395.800        3283.428   132497303.47407        47.650
G09  20776092.720        1967.087   109179110.71608        52.050
G11  25030279.080       -3967.668   131534968.82207        45.750
G17  22262818.060       -1818.577   116991882.15308        50.750
G19  22104702.480        -990.283   116160992.42808        50.000
G22  22935731.180       -2300.904   120528080.19408        49.000
G23  20623639.400        -273.452   108377951.34308        51.450
G31  24985621.360       -2356.257   131300327.18907        45.900
R02  21567375.540       -2792.836   115087632.14308        49.400
R03  19640669.580        -192.849   105138039.48808        50.350
R04  21985816.120        2571.179   117733065.76408        48.650
R11  23904337.480       -1446.686   127737472.50207        45.750
R12  22634780.060        1354.378   120910955.71307        47.100
R13  23782081.180        3767.825   126994978.85806        37.500
R17  21958269.020       -4270.371   117503109.31608        49.000
R18  19609934.400       -1229.156   104679150.48808        50.600
R19  21336185.080        2912.292   114134196.02708        48.650
> 2018 01 01 09 30 00.0000000  0 32
C05  40187902.820         -24.625   161820025.59406        39.800
C10  40644000.380        1218.884   163656549.94406        41.200
C11  26022727.240       -2707.738   104782692.63607        44.800
C14  22026298.880        -703.789    88690789.58408        50.800
E02  28574100.000        2674.836   150157909.10946        40.250
E03  24565927.020       -1733.000   129094815.27348        51.050
E07  26670539.800        2206.657   140154641.93548        49.000
E08  21496273.600         493.863   112963682.33348        51.400
E14  25616791.840       -5035.226   134617112.61848        48.900
E24  26333615.900         -69.596   138384077.06846        41.950
E26  25253802.220        2542.834   132709622.55147        45.700
G01  23408823.500       -3333.853   123014173.51808        49.700
G02  25663210.800        3321.285   134861084.85206        39.950
G03  21569154.960       -1839.270   113346673.24108        51.400
G06  22146284.860        2775.310   116379501.68208        50.750
G07  25024965.600        3316.463   131507103.28907        47.650
G09  20667986.600        1819.702   108611008.53808        52.100
G11  25256763.800       -3965.642   132725147.35607        44.500
G17  22370924.700       -1967.523   117559982.36608        51.050
G19  22166810.200       -1184.730   116487371.58708        50.250
G22  23068276.940       -2342.594   121224608.83908        49.350
G23  20643412.260        -418.945   108481858.72908        51.350
G31  25124068.160       -2492.827   132027870.16507        43.950
R02  21725174.180       -2820.149   115929672.46008        49.600
R03  19654747.820        -308.842   105213403.11108        50.100
R04  21844124.580        2487.011   116974315.74108        48.400
R11  23991856.460       -1670.187   128205144.60307        45.550
R12  22565210.060        1121.476   120539326.40307        46.300
R13  23571328.720        3732.071   125869584.62506        41.050
R17  22200253.900       -4360.299   118798018.09108        49.050
R18  19686468.800       -1493.727   105087697.31708        50.100
R19  21178449.600        2710.683   113290421.04707        47.950
> 2018 01 01 09 35 00.0000000  0 32
C05  40189699.120         -23.624   161827256.66206        39.750
C10  40554212.620        1191.172   163295015.22306        40.800
C11  26224304.260       -2702.270   105594351.13307        43.750
C14  22080425.660        -748.844    88908735.44608        50.800
E02  28420751.420        2696.498   149352054.68247        42.500
E03  24665877.820       -1767.994   129620058.48348        50.950
E07  26545781.240        2164.032   139499033.92048        49.500
E08  21470162.980         421.398   112826468.78548        51.300
E14  25901752.620       -4946.861   136114589.41648        48.050
E24  26341588.500        -209.827   138425971.43547        42.700
E26  25110526.420        2475.886   131956701.01247        47.650
G01  23601017.480       -3398.336   124024156.06608        49.150
G02  25473554.500        3322.122   133864427.73107        42.450
G03  21675953.440       -1901.947   113907902.33508        50.950
G06  21990454.220        2682.680   115560606.57008        50.700
G07  24834862.420        3342.218   130508106.99707        47.500
G09  20568356.400        1670.426   108087449.58308        51.950
G11  25482917.360       -3956.288   133913583.07006        41.450
G17  22487281.100       -2107.302   118171434.85508        51.400
G19  22239831.880       -1372.286   116871105.69408        49.350
G22  23203163.120       -2382.724   121933437.74508        49.250
G23  20671382.880        -560.264   108628841.76308        51.400
G31  25270078.540       -2620.930   132795160.00407        44.750
R02  21884363.040       -2842.184   116779135.35708        49.750
R03  19675181.500        -419.602   105322785.98008        50.350
R04  21707134.260        2403.552   116240734.15308        49.250
R11  24091718.860       -1886.150   128738779.38107        45.750
R12  22508927.720         881.657   120238679.17507        47.150
R13  23362987.720        3682.565   124757056.96906        41.150
R17  22446884.780       -4435.833   120117787.92608        48.600
R18  19777688.340       -1751.301   105574633.69408        50.300
R19  21032352.120        2497.631   112508895.85208        48.550
> 2018 01 01 09 40 00.0000000  0 32
C05  40191442.780         -22.953   161834276.70806        39.900
C10  40466576.700        1161.325   162942143.53206        41.700
C11  26425285.720       -2691.636   106403612.05007        42.400
C14  22137894.540        -793.451    89140138.46508        50.750
E02  28266394.320        2710.231   148540906.08946        39.650
E03  24767765.480       -1800.886   130155480.84348        50.800
E07  26423496.140        2120.233   138856420.57348        48.800
E08  21448167.920         349.828   112710884.54848        51.100
E14  26181533.840       -4853.638   137584848.20648        48.050
E24  26357610.540        -351.151   138510170.57947        43.650
E26  24971256.740        2402.385   131224834.13347        46.950
G01  23796766.160       -3458.200   125052819.77108        48.850
G02  25284017.200        3317.029   132868403.47407        42.550
G03  21786319.360       -1964.131   114487876.97008        51.100
G06  21840161.420        2581.246   114770814.46708        50.400
G07  24643548.400        3358.998   129502752.53807        47.900
G09  20477328.760        1518.548   107609094.87108        52.050
G11  25708330.940       -3939.903   135098129.90106        41.900
G17  22611402.540       -2239.370   118823701.35608        50.050
G19  22323407.080       -1554.135   117310295.39408        49.500
G22  23340347.740       -2422.909   122654343.90808        48.850
G23  20707336.920        -698.430   108817783.63408        51.100
G31  25423204.020       -2741.710   133599835.97507        42.600
R02  22044711.100       -2861.158   117634784.15408        49.300
R03  19701725.280        -526.670   105464874.14808        50.350
R04  21574850.520        2319.103   115532366.78808        48.850
R11  24203513.300       -2095.075   129336174.66307        44.300
R12  22466337.680         634.305   120011171.77707        46.100
R13  23157907.500        3616.211   123661939.06407        42.250
R17  22697408.340       -4498.938   121458384.26808        48.100
R18  19883214.960       -2002.440   106137941.48208        50.150
R19  20898571.960        2271.644   111793264.91108        48.950
> 2018 01 01 09 45 00.0000000  0 31
C05  40193132.000         -22.092   161841078.05406        39.800
C10  40381178.740        1130.989   162598283.93807        42.250
C11  26625257.380       -2675.195   107208794.47407        43.000
C14  22198618.180        -836.299    89384646.84508        50.650
E02  28111414.880        2718.012   147726484.56047        42.900
E03  24871429.200       -1830.101   130700237.71048        50.650
E07  26303698.320        2076.903   138226879.02248        49.150
E08  21430181.480         280.807   112616365.24748        51.300
E14  26455825.440       -4754.570   139026255.42647        47.950
E24  26381668.620        -491.404   138636594.85147        42.850
E26  24836321.220        2324.065   130515741.90748        48.300
G01  23995749.620       -3511.688   126098483.50008        48.500
G02  25094938.880        3306.399   131874783.21007        47.400
G03  21900187.480       -2024.681   115086257.64608        51.100
G06  21695870.580        2472.449   114012559.34308        50.750
G07  24451499.740        3367.696   128493531.87107        47.600
G09  20394999.640        1365.882   107176450.69108        52.150
G11  25932604.760       -3915.760   136276682.00006        39.300
G17  22742783.060       -2361.480   119514108.27008        50.200
G19  22417132.240       -1727.897   117802819.25708        49.850
G22  23479788.860       -2461.811   123387111.43508        48.850
G23  20751044.060        -831.865   109047467.15908        50.800
R02  22206009.040       -2876.071   118495496.71508        48.950
R03  19734134.420        -628.901   105638363.66808        50.750
R04  21447273.720        2235.645   114849198.09708        49.550
R11  24326773.660       -2294.327   129994841.36307        43.950
R12  22437772.120         382.351   119858578.98307        47.150
R13  22956947.420        3535.593   122588827.39007        42.200
R17  22951072.720       -4548.016   122815786.56807        47.550
R18  20002599.280       -2244.326   106775219.94308        50.650
R19  20777750.660        2035.569   111146951.56508        49.100
> 2018 01 01 09 50 00.0000000  0 30
C05  40194768.240         -21.201   161847666.38706        39.550
C10  40298104.740        1099.287   162263784.45406        40.800
C11  26823810.380       -2653.344   108008266.66207        43.850
C14  22262519.820        -878.456    89641951.19908        50.600
E02  27956209.200        2718.600   146910917.01046        38.850
E03  24976720.340       -1857.464   131253547.45748        50.650
E07  26186399.160        2033.186   137610469.28648        49.800
E08  21416097.520         213.479   112542352.41548        51.350
E14  26724337.280       -4650.931   140437291.71148        48.050
E24  26413723.860        -630.841   138805047.82747        42.250
E26  24706047.840        2239.549   129831151.05347        47.650
G01  24197643.660       -3559.712   127159440.18307        47.500
G02  24906671.440        3288.952   130885432.88007        45.750
G03  22017501.260       -2084.575   115702744.29108        50.800
G06  21558048.140        2355.230   113288295.63508        51.150
G07  24259202.880        3368.114   127483004.46508        48.750
G09  20321439.400        1211.831   106789889.97208        52.300
G17  22880894.180       -2474.602   120239887.15208        50.100
G19  22520567.240       -1893.775   118346373.19208        49.300
G22  23621451.520       -2500.322   124131550.04608        48.100
G23  20802259.700        -961.002   109316605.88708        50.900
R02  22368070.500       -2888.138   119360284.91908        48.400
R03  19772174.720        -727.276   105841996.15608        50.400
R04  21324394.300        2151.865   114191185.10208        49.750
R11  24460990.260       -2484.720   130712053.93707        44.900
R12  22423491.440         126.179   119782298.23207        47.600
R13  22760978.700        3438.880   121542365.78007        42.750
R17  23207135.160       -4584.069   124186024.44307        46.350
R18  20135328.260       -2476.701   107483734.08808        50.050
R19  20670483.840        1788.866   110573145.17208        49.300
> 2018 01 01 09 55 00.0000000  0 30
C05  40196348.600         -20.671   161854030.87106        38.900
C10  40217437.820        1066.548   161938967.84106        41.350
C11  27020548.520       -2626.573   108800423.89807        42.450
C14  22329525.900        -919.781    89911755.81608        50.500
E02  27801176.380        2711.951   146096210.22247        45.750
E03  25083495.680       -1882.391   131814652.09348        50.650
E07  26071599.800        1989.132   137007198.17748        49.450
E08  21405803.740         147.882   112488258.37048        51.400
E14  26986793.240       -4542.711   141816505.62347        47.750
E24  26453708.720        -769.136   139015168.43147        45.300
E26  24580757.640        2149.449   129172747.70948        48.450
G01  24402111.760       -3602.072   128233922.49507        47.500
G02  24719582.320        3264.565   129902275.06207        44.550
G03  22138202.780       -2143.541   116337034.46908        50.900
G06  21427153.640        2229.658   112600444.30708        50.850
G07  24067147.060        3359.332   126473747.45408        49.300
G09  20256686.760        1057.109   106449612.23408        52.350
G17  23025187.220       -2578.317   120998150.27708        50.000
G19  22633235.720       -2051.379   118938449.41408        49.650
G22  23765294.100       -2538.374   124887448.16908        48.200
G23  20860720.240       -1085.666   109623818.45508        50.650
R02  22530726.120       -2897.476   120228247.91507        47.500
R03  19815612.580        -821.729   106074523.34208        50.700
R04  21206192.220        2068.456   113558219.96708        49.850
R11  24605605.680       -2665.093   131484839.56206        39.850
R12  22423678.240        -132.668   119783294.29207        46.950
R13  22570868.460        3326.917   120527190.30307        43.350
R17  23464860.020       -4607.387   125565153.41807        47.250
R18  20280824.780       -2698.713   108260405.70308        50.350
R19  20577308.180        1533.016   110074720.05208        49.250
> 2018 01 01 10 00 00.0000000  0 29
C05  40197873.520         -20.062   161860168.10206        39.350
C10  40139251.160        1032.376   161624149.01307        42.000
C14  22399571.400        -960.364    90193800.99708        50.400
E02  27646720.380        2697.918   145284539.57047        46.200
E03  25191620.160       -1905.202   132382851.02248        50.700
E07  25959299.520        1945.024   136417053.23348        50.000
E08  21399189.680          84.117   112453502.45748        51.400
E14  27242936.600       -4430.381   143162539.23747        47.400
E24  26501529.480        -905.620   139266471.87147        42.750
E26  24460767.980        2053.427   128542200.94348        48.550
G01  24608812.800       -3638.456   129320139.14107        45.350
G02  24534053.660        3233.792   128927313.97907        46.650
G03  22262240.060       -2201.767   116988852.03108        51.300
G06  21303646.460        2095.951   111951408.92908        51.300
G07  23875831.880        3341.552   125468384.50508        50.050
G09  20200751.720         902.345   106155676.82508        52.100
G17  23175100.020       -2672.073   121785943.63808        50.050
G19  22754631.080       -2199.916   119576387.34808        49.300
G22  23911279.740       -2575.884   125654605.97208        48.300
G23  20926152.980       -1205.689   109967669.88008        50.850
R02  22693831.520       -2904.702   121098606.78108        48.000
R03  19864225.340        -912.541   106334753.25208        50.000
R04  21092642.600        1985.333   112950170.88908        49.400
R12  22438433.920        -392.895   119862118.28607        46.300
R13  22387484.240        3198.975   119547934.44907        42.850
R17  23723521.980       -4618.167   126949297.28507        46.650
R18  20438461.060       -2909.182   109101877.14608        49.700
R19  20498702.820        1268.943   109654232.93508        49.150
R20  24446327.120        4066.680   130725478.45506        38.100
> 2018 01 01 10 05 00.0000000  0 31
C05  40199340.940         -19.541   161866076.98206        38.850
C10  40063622.440         997.326   161319625.11707        43.050
C14  22472600.520       -1000.213    90487857.45508        50.300
E02  27493252.300        2676.820   144478058.76947        45.550
E03  25300971.020       -1925.886   132957492.78748        50.300
E07  25849488.460        1901.430   135839995.09548        49.700
E08  21396145.900          22.397   112437506.64148        51.250
E14  27492521.140       -4313.496   144474114.46647        46.600
E24  26557070.020       -1040.020   139558341.23947        43.500
E26  24346391.260        1952.253   127941146.20848        48.750
G01  24817399.820       -3668.688   130416270.84907        45.350
G02  24350478.260        3195.904   127962623.24707        46.050
G03  22389561.860       -2258.957   117657933.87808        50.750
G06  21187974.760        1954.590   111343550.34508        51.000
G07  23685763.080        3315.122   124469571.83708        49.750
G09  20153620.400         748.425   105907996.38308        52.250
G17  23330057.660       -2755.431   122600250.06308        48.600
G19  22884221.220       -2338.868   120257384.66708        49.050
G22  24059369.340       -2612.573   126432819.30607        46.950
G23  20998274.840       -1320.550   110346674.51708        50.700
G30  25662635.460        3506.296   134858061.00406        41.000
R02  22857258.460       -2909.380   121970683.65007        46.750
R03  19917801.440        -999.367   106621545.80308        50.200
R04  20983718.980        1902.890   112366884.09608        49.750
R12  22467785.120        -652.690   120018902.73507        45.950
R13  22211688.220        3056.159   118609193.56307        43.300
R14  24452499.300        4068.727   130345593.44306        41.850
R17  23982410.680       -4616.067   128334650.83907        44.500
R18  20607560.120       -3106.949   110004536.39108        50.350
R19  20435077.480         998.524   109313879.17508        49.200
R20  24220613.960        3976.696   129518487.97206        39.200
> 2018 01 01 10 10 00.0000000  0 30
C05  40200749.560         -18.505   161871748.20006        38.600
C10  39990620.580         961.832   161025675.79307        43.350
C14  22548560.720       -1039.011    90793716.66708        50.400
E02  27341182.520        2649.056   143678930.12447        47.550
E03  25411430.720       -1943.974   133537962.82848        50.550
E07  25742153.880        1858.604   135275949.86448        49.550
E08  21396560.600         -36.893   112439687.03948        51.100
E14  27735317.940       -4192.332   145750015.86647        46.600
E26  24237928.300        1846.421   127371165.10848        48.750
G01  25027522.240       -3692.111   131520464.74807        44.550
G02  24169264.020        3151.390   127010330.53107        46.700
G03  22520119.220       -2315.041   118344015.19908        50.450
G06  21080574.740        1806.363   110779158.92608        51.150
G07  23497449.260        3280.394   123479975.74208        50.250
G09  20115244.580         595.894   105706330.59508        52.400
G17  23489476.720       -2828.113   123437996.22208        49.550
G19  23021445.720       -2467.207   120978505.94808        49.000
G22  24209520.520       -2647.950   127221865.45108        48.300
G23  21076794.600       -1429.570   110759297.96608        50.250
G30  25461170.420        3550.353   133799362.96906        40.800
R02  23020897.620       -2911.984   122843888.58707        46.300
R03  19976135.520       -1082.258   106933811.82008        50.500
R04  20879383.460        1821.613   111808174.60108        49.750
R12  22511673.160        -910.127   120253347.40307        47.300
R13  22044324.440        2899.128   117715483.66107        43.900
R14  24222378.940        4106.690   129118941.86606        41.650
R17  24240828.140       -4601.103   129717485.95507        43.500
R18  20787400.840       -3291.127   110964540.48408        50.250
R19  20386766.620         723.161   109055449.81108        48.900
R20  24000303.160        3874.353   128340378.33106        39.550
> 2018 01 01 10 15 00.0000000  0 30
C05  40202101.120         -17.754   161877190.29406        39.700
C10  39920312.760         925.237   160742580.87807        42.600
C14  22627411.180       -1077.587    91111215.00308        50.400
E02  27190930.480        2613.639   142889351.29148        48.050
E03  25522896.440       -1960.771   134123718.35948        50.150
E07  25637282.380        1815.563   134724844.31348        50.350
E08  21400329.920         -94.800   112459492.87948        51.400
E14  27971112.900       -4067.913   146989120.44347        46.150
E26  24135673.140        1735.080   126833810.46648        49.600
G01  25238826.780       -3709.533   132630872.98607        43.650
G02  23990827.440        3098.671   126072643.75207        46.250
G03  22653866.640       -2370.480   119046860.09708        50.650
G06  20981870.920        1650.434   110260469.61808        51.150
G07  23311403.940        3236.053   122502303.64808        50.650
G09  20085557.500         444.421   105550323.75808        52.550
G17  23652768.740       -2890.674   124296101.62908        48.200
G19  23165732.380       -2585.870   121736736.66308        48.650
G22  24361692.540       -2682.934   128021533.81507        45.450
G23  21161419.040       -1533.950   111203999.45908        50.650
G30  25257438.420        3586.239   132728751.00107        44.050
R02  23184659.260       -2913.354   123717748.08907        47.100
R03  20039040.700       -1162.135   107270550.52108        50.400
R04  20779606.540        1740.610   111273872.18508        50.150
R12  22569969.100       -1165.246   120564754.67907        45.750
R13  21886225.000        2726.929   116871244.05907        43.550
R14  23990504.960        4131.373   127882934.98407        44.100
R17  24498108.680       -4575.040   131094212.15207        46.200
R18  20977234.900       -3462.132   111977884.88708        49.150
R19  20354032.500         443.634   108880341.07508        49.650
R20  23786158.520        3757.358   127195258.81606        39.700
> 2018 01 01 10 20 00.0000000  0 30
C05  40203392.300         -16.846   161882388.62806        38.950
C07  40781364.060         319.512   164209668.14106        39.700
C10  39852761.820         888.091   160470579.77307        42.750
C14  22709113.220       -1115.474    91440192.89808        50.300
E02  27042908.860        2571.007   142111494.83047        47.950
E03  25635268.560       -1975.557   134714234.17348        49.900
E07  25534849.420        1773.256   134186555.82748        50.050
E08  21407344.900        -150.537   112496355.64248        51.300
E14  28199698.560       -3939.542   148190339.06547        46.700
E26  24039904.480        1619.312   126330543.65448        49.600
G01  25450957.160       -3720.985   133745606.32607        44.250
G02  23815595.540        3039.148   125151792.81707        47.400
G03  22790752.920       -2424.895   119766203.38608        49.950
G06  20892265.740        1487.936   109789589.71308        50.850
G07  23128138.380        3183.119   121539236.82208        50.750
G09  20064460.720         295.171   105439457.42608        52.550
G17  23819340.640       -2942.784   125171436.95408        48.750
G19  23316486.180       -2693.470   122528947.17508        48.800
G22  24515837.740       -2716.816   128831568.07007        47.100
G23  21251844.760       -1632.854   111679190.12008        50.600
G30  25051872.080        3614.494   131648502.14507        43.800
R02  23348465.460       -2913.438   124591846.76807        46.350
R03  20106338.600       -1238.838   107630798.18008        50.300
R04  20684349.300        1660.406   110763772.21208        50.250
R12  22642461.680       -1415.392   120951994.56407        45.850
R13  21738190.800        2540.917   116080750.25607        44.300
R14  23757608.520        4143.059   126641472.78307        45.700
R18  21176277.180       -3618.645   113040381.09608        49.650
R19  20337045.880         161.957   108789475.82708        49.400
R20  23578951.000        3626.941   126087227.58206        41.600
> 2018 01 01 10 25 00.0000000  0 30
C05  40204623.520         -16.294   161887346.38706        38.600
C07  40759186.060         275.659   164120370.37906        36.850
C10  39788026.260         849.573   160209914.40407        42.900
C14  22793636.580       -1153.437    91780533.11208        49.700
E02  26897534.920        2520.737   141347555.33148        48.400
E03  25748459.820       -1989.546   135309055.50848        50.050
E07  25434833.080        1730.696   133660967.18548        50.250
E08  21417504.660        -205.198   112549745.44448        51.300
E14  28420882.700       -3808.609   149352664.78447        46.900
E26  23950891.720        1498.183   125862778.99748        49.450
G01  25663554.420       -3726.162   134862799.11007        45.200
G02  23644004.060        2971.095   124250073.34307        47.550
G03  22930732.540       -2478.934   120501799.79308        49.150
G06  20812141.720        1318.203   109368533.75608        51.150
G07  22948165.920        3120.446   120593475.79208        50.900
G09  20051835.420         147.575   105373111.39508        52.550
G17  23988599.100       -2985.168   126060894.83807        47.650
G19  23473101.960       -2791.341   123351963.87208        48.000
G22  24671906.820       -2750.607   129651716.19807        45.050
G23  21347773.120       -1727.054   112183295.20708        50.600
G30  24844923.080        3634.305   130560984.01807        45.600
R02  23512257.920       -2913.277   125465870.81907        45.950
R03  20177866.260       -1313.356   108013689.38008        50.400
R04  20593577.980        1580.235   110277700.89008        50.050
R12  22728869.520       -1660.636   121413570.79307        46.750
R13  21600994.700        2341.026   115348132.02607        44.950
R14  23524452.460        4140.353   125398617.83907        47.050
R18  21383723.360       -3761.313   114147743.90908        49.750
R19  20335899.900        -121.174   108783342.78208        49.300
R20  23379449.280        3482.653   125020402.05207        42.350
> 2018 01 01 10 30 00.0000000  0 31
C05  40205793.340         -15.266   161892055.40506        39.100
C07  40740237.160         232.881   164044072.49006        37.900
C10  39726157.040         810.874   159960797.31307        43.150
C14  22880955.780       -1190.651    92132129.30008        49.950
E02  26755222.540        2463.604   140599700.55048        48.350
E03  25862388.780       -2001.793   135907757.89748        50.300
E07  25337205.980        1689.302   133147932.02548        50.400
E08  21430709.100        -257.437   112619135.77848        51.450
E14  28634482.660       -3673.987   150475130.15547        45.100
E26  23868886.100        1373.622   125431836.22248        49.800
E30  26921692.820        2811.141   141474471.39046        39.650
G01  25876267.920       -3725.057   135980583.50307        42.700
G02  23476493.840        2895.839   123369801.70608        48.550
G03  23073754.400       -2531.675   121253381.51708        49.900
G06  20741853.680        1143.155   108999166.23108        51.400
G07  22771995.200        3049.647   119667696.52708        51.200
G09  20047538.040           3.216   105350532.16808        52.350
G17  24159953.700       -3016.377   126961360.04808        49.050
G19  23634962.820       -2877.518   124202552.95108        48.000
G22  24829846.520       -2782.643   130481690.04406        41.850
G23  21448901.120       -1815.294   112714727.05108        50.750
G30  24637051.280        3646.565   129468620.82307        45.550
R02  23675987.180       -2911.396   126339562.01906        40.600
R03  20253472.480       -1384.612   108418417.48808        50.550
R04  20507262.320        1501.160   109815480.44508        49.950
R12  22828841.100       -1898.497   121947599.36307        45.800
R13  21475369.340        2129.013   114677300.51507        44.950
R14  23291815.140        4124.207   124158538.16407        46.650
R18  21598752.740       -3888.640   115295583.09008        49.350
R19  20350594.720        -402.900   108861947.24508        49.850
R20  23188412.920        3325.324   123998846.64706        41.000
> 2018 01 01 10 35 00.0000000  0 30
C05  40206901.940         -14.602   161896520.82406        38.750
C07  40724515.400         189.413   163980761.02506        40.800
C10  39667207.940         771.358   159723433.27407        43.700
C14  22971052.460       -1227.890    92494909.79408        49.850
E02  26616383.940        2399.063   139870101.43148        48.800
E03  25976987.860       -2012.943   136509978.03348        50.050
E07  25241940.260        1648.153   132647308.69348        50.300
E08  21446865.420        -308.357   112704038.49048        51.100
E14  28840325.240       -3536.819   151556838.51947        44.500
E26  23794124.760        1244.777   125038963.61148        49.800
G02  23313514.200        2812.626   122513336.52408        48.450
G03  23219767.860       -2583.632   122020686.80508        49.450
G06  20681730.340         962.278   108683216.03308        51.450
G07  22600133.780        2969.717   118764560.93708        51.400
G09  20051409.500        -138.291   105370874.26008        52.350
G17  24332815.160       -3037.943   127869753.62408        48.400
G19  23801453.200       -2953.531   125077460.40107        47.800
G22  24989598.880       -2814.133   131321190.99107        42.250
G23  21554932.360       -1898.593   113271923.54108        50.750
G30  24428731.560        3650.291   128373897.22007        47.800
R02  23839623.080       -2909.642   127212749.51207        43.400
R03  20333025.340       -1454.088   108844269.41608        50.100
R04  20425372.680        1422.348   109376967.93308        50.050
R05  24136818.800        2904.233   129025114.57006        41.650
R12  22941961.700       -2128.676   122551867.44507        45.800
R13  21362005.680        1904.769   114071945.47207        45.600
R14  23060502.100        4093.413   122925513.90307        47.700
R18  21820534.020       -4001.446   116479465.50808        48.850
R19  20381045.520        -682.643   109024841.13708        49.250
R20  23006594.020        3154.139   123026577.03307        42.450
> 2018 01 01 10 40 00.0000000  0 30
C05  40207947.120         -13.612   161900733.13406        38.500
C07  40712005.520         146.345   163930392.18606        40.800
C10  39611220.320         731.279   159497996.53907        42.300
C14  23063910.460       -1264.831    92868809.31108        49.600
E02  26481424.160        2327.735   139160885.20048        49.550
E03  26092191.800       -2022.950   137115380.46348        49.300
E07  25149005.100        1607.769   132158931.57848        50.600
E08  21465882.480        -357.743   112803973.68448        51.250
E14  29038249.760       -3396.663   152596926.68447        45.700
E26  23726824.600        1112.258   124685297.98848        49.950
G02  23155512.740        2721.311   121683035.48708        49.250
G03  23368718.500       -2634.625   122803423.76008        49.750
G06  20632065.280         776.637   108422225.62408        51.400
G07  22433080.200        2881.251   117886686.22108        51.750
G09  20063265.400        -276.430   105433177.90808        52.450
G17  24506603.680       -3049.077   128783013.14307        46.800
G19  23971946.640       -3018.023   125973405.84907        47.700
G22  25151099.960       -2844.103   132169879.93205        35.250
G23  21665568.860       -1976.591   113853324.25908        50.700
G30  24220442.900        3645.435   127279336.01708        48.900
R02  24003140.280       -2907.553   128085306.75307        43.300
R03  20416402.420       -1521.190   109290593.15708        50.300
R04  20347886.700        1343.899   108962033.24208        50.400
R05  23974340.540        2885.880   128156575.86406        41.300
R12  23067754.120       -2349.793   123223825.93307        44.900
R13  21261539.140        1670.001   113535463.07707        45.300
R14  22831331.720        4048.070   121703911.63008        48.300
R18  22048227.420       -4099.107   117694906.73907        47.700
R19  20427078.900        -958.411   109271090.60308        49.600
R20  22834721.520        2970.693   122107499.10007        42.450
> 2018 01 01 10 45 00.0000000  0 31
C05  40208929.540         -12.834   161904689.80806        38.900
C07  40702696.580         103.333   163892907.05106        40.650
C10  39558236.780         690.809   159284652.25107        43.350
C14  23159519.700       -1301.805    93253787.19208        49.750
E02  26350744.180        2249.110   138474159.35348        49.300
E03  26207948.260       -2032.547   137723682.68548        48.700
E07  25058370.060        1567.497   131682638.36148        50.750
E08  21487675.680        -405.859   112918497.36348        51.050
E14  29228101.040       -3254.178   153594588.70247        43.500
E26  23667183.260         976.353   124371880.09748        49.950
E30  26427938.240        2945.838   138879762.21947        42.950
G02  23002941.660        2622.150   120881271.99508        48.850
G03  23520547.780       -2684.694   123601291.31008        48.600
G06  20593118.860         586.846   108217559.12108        51.550
G07  22271323.740        2784.005   117036652.14108        51.600
G09  20082908.420        -411.336   105536403.16108        52.300
G17  24680744.980       -3050.271   129698125.13507        47.350
G19  24145819.600       -3071.749   126887113.07107        46.850
G22  25314283.560       -2872.861   133027459.84015        35.200
G23  21780521.740       -2049.943   114457404.67708        50.650
G30  24012674.160        3631.680   126187504.48408        49.250
R02  24166526.580       -2905.057   128957171.25806        41.300
R03  20503498.120       -1586.910   109756822.70408        50.350
R04  20274786.400        1265.519   108570587.40508        50.300
R05  23812905.260        2867.034   127293613.07307        42.250
R12  23205687.500       -2560.999   123960644.50907        44.550
R13  21174550.500        1424.912   113070947.44707        45.600
R14  22605137.460        3987.457   120498179.23907        47.600
R18  22280994.020       -4182.058   118937424.15008        48.450
R19  20488436.780       -1229.028   109599312.15708        49.550
R20  22673504.160        2774.212   121245400.47507        42.350
> 2018 01 01 10 50 00.0000000  0 30
C07  40696568.800          60.693   163868234.44206        39.800
C10  39508292.920         649.437   159083550.08207        43.250
C14  23257874.360       -1338.670    93649820.56508        49.750
E02  26224738.620        2163.771   137811993.43548        50.300
E03  26324211.160       -2040.973   138334646.88548        49.450
E07  24970003.080        1527.942   131218270.37548        50.700
E08  21512167.060        -452.449   113047199.42248        51.550
E14  29409736.260       -3109.188   154549069.59947        44.750
E26  23615378.280         837.669   124099644.55148        50.000
E30  26258776.940        2978.854   137990823.52547        46.300
G02  22856253.020        2515.180   120110416.24708        49.400
G03  23675196.360       -2733.541   124413972.22708        49.300
G06  20565112.220         393.401   108070384.59608        51.350
G07  22115346.200        2678.627   116216984.08708        51.650
G09  20110126.500        -542.082   105679436.81308        52.250
G17  24854675.500       -3041.820   130612135.04607        46.050
G19  24322452.400       -3115.113   127815325.87407        45.650
G22  25479069.140       -2900.202   133893405.98606        36.200
G23  21899506.740       -2118.166   115082677.04308        50.300
G30  23805920.640        3609.465   125101017.01708        48.400
R02  24329779.560       -2902.389                          29.700
R03  20594220.900       -1650.944   110242471.17708        50.050
R04  20206065.400        1187.322   108202586.92508        50.250
R05  23652515.360        2848.442   126436236.35406        41.900
R12  23355186.160       -2761.628   124759237.80007        45.250
R13  21101555.300        1171.656   112681158.52707        45.650
R14  22382770.180        3911.855   119312835.66108        48.950
R18  22517994.960       -4249.978   120202552.17307        46.100
R19  20564778.600       -1492.694   110007686.19908        49.550
R20  22523621.480        2566.370   120443911.28107        42.900
> 2018 01 01 10 55 00.0000000  0 28
C05  40210704.700         -10.729   161911835.85806        37.950
C07  40693597.280          19.114   163856270.61806        40.000
C10  39461418.360         608.669   158894808.14107        43.400
C14  23358969.860       -1375.021    94056890.58008        49.200
E02  26103788.920        2072.516   137176399.36348        50.000
E03  26440940.760       -2048.250   138948063.94948        49.000
E07  24883873.700        1489.646   130765656.80348        50.600
E08  21539282.240        -497.171   113189689.30448        51.550
E26  23571563.760         697.131   123869396.13648        50.150
E30  26087903.480        3006.473   137092883.34147        47.200
G02  22715890.100        2401.030   119372806.66708        48.800
G03  23832596.760       -2780.282   125241113.52008        49.200
G06  20548225.780         198.011   107981643.68408        51.750
G07  21965611.400        2565.881   115430127.28908        51.550
G09  20144694.100        -668.119   105861087.29608        52.250
G17  25027844.540       -3023.059   131522137.05007        44.950
G19  24501229.520       -3146.229   128754799.21207        45.650
G23  22022247.880       -2180.923   115727682.47208        50.800
G30  23600684.480        3579.311   124022495.44308        49.050
R03  20688493.380       -1713.051   110747116.73508        49.750
R04  20141720.400        1109.852   107858022.39608        50.050
R05  23493172.460        2830.306   125584456.28507        42.750
R12  23515626.580       -2949.981   125616280.25607        43.650
R13  21042998.260         911.839   112368469.90207        45.700
R14  22165081.000        3821.734   118152432.47508        49.150
R18  22758401.720       -4302.671   121485848.56607        47.000
R19  20655682.940       -1747.551   110493959.25608        49.400
R20  22385713.380        2348.245   119706455.65707        43.250
> 2018 01 01 11 00 00.0000000  0 29
C05  40211494.760         -10.202   161915015.02006        38.300
C07  40693754.900         -23.121   163856900.12106        38.550
C10  39417639.240         566.459   158718530.00107        43.000
C14  23462805.500       -1412.400    94474991.29508        48.900
E02  25988267.420        1973.578   136569331.53548        49.800
E03  26558104.400       -2056.397   139563764.18648        48.750
E07  24799951.040        1450.550   130324636.59148        51.100
E08  21568952.920        -542.178   113345611.86048        51.250
E26  23535868.720         553.161   123681816.29448        50.600
E30  25915674.760        3026.247   136187828.59147        47.200
G02  22582293.420        2278.105   118670750.46608        49.400
G03  23992676.640       -2827.571   126082337.97907        47.250
G05  25044356.180        3134.824   131608978.83107        46.250
G06  20542595.100           -.885   107952052.59508        51.800
G07  21822571.680        2444.026   114678446.81908        51.450
G09  20186372.680        -791.261   106080108.73508        52.400
G17  25199710.500       -2996.696   132425295.39407        43.600
G19  24681539.460       -3168.628   129702329.08207        44.400
G23  22148474.140       -2240.465   116391006.15308        50.400
G30  23397468.560        3538.619   122954589.80308        49.350
R03  20786248.960       -1775.411   111270408.49108        50.000
R04  20081759.500        1030.690   107536936.77708        50.200
R05  23334882.180        2810.696   124738304.65007        43.300
R12  23686350.260       -3127.945   126528256.56107        44.450
R13  20999250.880         644.749   112134863.53907        45.500
R14  21952930.900        3714.883   117021552.84008        50.150
R18  23001388.680       -4342.073   122782923.05207        47.350
R19  20760653.420       -1994.414   111055483.82208        49.450
R20  22260378.260        2118.347   119036229.23607        44.550
> 2018 01 01 11 05 00.0000000  0 30
C05  40212219.620          -9.327   161917934.19006        38.600
C07  40697005.080         -64.747   163869994.48005        34.900
C10  39376978.220         524.458   158554806.50507        42.800
C14  23569382.120       -1449.063    94904130.90608        49.000
E02  25878535.700        1869.141   135992689.12348        50.150
E03  26675679.540       -2063.252   140181623.85448        48.450
E07  24718205.400        1412.702   129895063.82448        51.000
E08  21601120.900        -585.340   113514655.91848        51.000
E26  23508399.560         408.271   123537466.79448        50.050
E30  25742461.580        3040.231   135277590.46347        47.300
G02  22455894.020        2148.252   118006516.39008        49.350
G03  24155360.760       -2872.374   126937248.09808        48.700
G05  24865229.360        3139.793   130667663.38007        46.350
G06  20548313.000        -200.200   107982101.68208        51.600
G07  21686658.980        2315.636   113964220.81008        51.650
G09  20234918.680        -909.277   106335220.84808        52.100
G17  25369754.720       -2959.958   133318867.66906        40.300
G19  24862782.220       -3179.828   130654763.78407        44.850
G23  22277929.060       -2294.686   117071295.60808        50.450
G30  23196782.060        3490.026   121899974.69408        49.700
R03  20887436.560       -1836.161   111812072.86508        49.400
R04  20026204.760         951.960   107239439.21508        50.000
R05  23177657.060        2791.754   123897848.41807        43.350
R12  23866671.100       -3292.253   127491497.08007        44.750
R13  20970606.900         373.728   111981906.74607        45.750
R14  21747181.600        3593.482   115924794.12908        50.200
R15  24447577.460        4454.148   130640449.78107        44.650
R18  23246148.040       -4366.367   124089462.09207        45.300
R19  20879131.220       -2229.664   111689257.62608        48.950
R20  22148164.580        1879.848   118436174.21707        44.250
> 2018 01 01 11 10 00.0000000  0 30
C05  40212879.600          -8.229   161920591.80906        38.800
C07  40703314.960        -104.739   163895402.17905        35.550
C10  39339451.340         482.562   158403702.82107        43.300
C14  23678702.220       -1485.641    95344317.82208        49.100
E02  25774938.680        1759.039   135448288.04148        50.100
E03  26793647.540       -2069.771   140801548.58847        47.900
E07  24638611.580        1375.674   129476797.36648        50.900
E08  21635732.560        -627.200   113696538.80248        51.450
E26  23489237.420         262.707   123436768.00748        50.050
E30  25568634.700        3048.208   134364134.24347        47.500
G02  22337110.220        2011.606   117382303.89708        49.300
G03  24320567.340       -2915.365   127805408.63708        48.100
G05  24685906.240        3142.240   129725316.23607        46.550
G06  20565425.920        -399.474   108072031.77408        51.600
G07  21558285.220        2180.471   113289614.93608        51.750
G09  20290081.000       -1022.553   106625101.30308        52.150
G16  25040856.540        1183.728   131590597.55316        38.050
G19  25044368.080       -3180.209   131609006.04407        43.550
G23  22410363.740       -2344.343   117767243.16908        50.300
G30  22999133.060        3432.746   120861325.23408        50.100
R03  20992015.600       -1896.038   112371893.15208        49.700
R04  19975083.540         872.786   106965691.67108        49.850
R05  23021516.020        2772.670   123063182.82707        43.750
R12  24055876.620       -3443.752   128502197.26307        43.350
R13  20957277.160         100.115   111910725.73307        44.850
R14  21548689.680        3457.484   114866725.72408        50.250
R15  24196393.080        4491.623   129298253.20207        43.600
R18  23491887.880       -4376.619   125401230.34407        45.700
R19  21010490.460       -2453.067   112391940.28908        49.100
R20  22049567.160        1633.601   117908929.91207        44.950
> 2018 01 01 11 15 00.0000000  0 30
C05  40213471.080          -7.483   161922974.63206        38.750
C07  40712640.340        -144.960   163932944.97406        39.200
C10  39305069.340         440.367   158265256.54107        43.900
C14  23790766.400       -1522.511    95795551.29108        48.350
E02  25677804.080        1643.160   134937844.90048        50.150
E03  26911993.280       -2076.214   141423458.04948        48.650
E07  24561142.660        1338.594   129069694.76148        50.800
E08  21672736.780        -668.801   113890998.65148        51.250
E26  23478431.780         116.159   123379984.30148        50.100
E30  25394573.980        3048.902   133449443.61847        47.750
G02  22226342.420        1867.843   116800217.40408        49.450
G03  24488203.320       -2957.119   128686333.89807        45.600
G05  24506544.420        3141.347   128782760.79307        47.550
G06  20593929.220        -598.687   108221818.55408        51.150
G07  21437836.940        2038.339   112656656.64708        51.750
G09  20351600.840       -1131.670   106948388.47408        52.150
G16  24977786.460        1024.525   131259151.04916        38.500
G19  25225718.220       -3171.163   132562002.25207        45.400
G23  22545537.540       -2390.374   118477582.39908        50.300
G30  22805026.780        3366.225   119841292.84308        50.400
R03  21099953.860       -1955.695   112949694.04908        49.750
R04  19928437.220         792.554   106715899.38508        50.550
R05  22866479.580        2752.589   122234427.15607        43.900
R12  24253232.740       -3582.137   129556437.11007        43.700
R13  20959385.560        -175.334   111921984.44707        45.100
R14  21358301.680        3306.066   113851853.28108        50.400
R15  23943480.940        4516.020   127946790.96507        43.800
R18  23737828.000       -4373.178   126714067.80507        45.350
R19  21154048.740       -2664.176   113159878.18108        48.350
R20  21965015.180        1379.775   117456790.18307        45.700
> 2018 01 01 11 20 00.0000000  0 30
C05  40213997.860          -6.632   161925094.73206        39.050
C07  40724932.940        -184.695   163982451.56906        38.450
C10  39273838.720         398.035   158139506.33007        44.000
C14  23905579.380       -1559.395    96257853.73008        48.800
E02  25587446.800        1521.871   134463015.11648        50.200
E03  27030712.680       -2082.593   142047333.20147        47.800
E07  24485779.500        1301.918   128673660.68248        50.600
E08  21712097.360        -709.760   114097841.05948        50.650
E26  23476012.400         -30.904   123367270.24248        49.950
E30  25220666.740        3042.753   132535558.60347        47.600
G02  22123979.560        1717.473   116262296.66108        49.850
G03  24658172.780       -2996.865   129579533.26006        41.700
G05  24327317.540        3137.344   127840924.03207        46.600
G06  20633777.220        -796.737   108431218.32708        51.450
G07  21325681.080        1890.135   112067273.59808        51.700
G09  20419221.220       -1236.320   107303737.88708        52.000
G16  24924014.940         858.779   130976577.20306        40.600
G19  25406270.440       -3152.237   133510804.46007        44.150
G23  22683224.400       -2432.448   119201138.86308        49.650
G30  22614972.280        3290.803   118842550.09908        50.700
R03  21211234.220       -2015.199   113545383.56308        49.700
R04  19886319.680         711.169   106490364.85108        50.150
R05  22712586.320        2731.889   121411779.15407        44.500
R12  24457998.980       -3707.487   130650269.66007        42.100
R13  20976976.620        -450.617   112015919.35507        46.150
R14  21176853.520        3139.923   112884636.91408        50.800
R15  23689557.000        4527.667   126589922.96707        45.800
R18  23983214.680       -4356.735   128023945.36107        45.600
R19  21309080.480       -2861.999   113989189.52008        48.800
R20  21894875.100        1120.153   117081723.91307        44.800
> 2018 01 01 11 25 00.0000000  0 29
C05  40214456.860          -5.629   161926943.56506        39.150
C07  40740146.420        -223.466   164043712.01606        39.000
C10  39245762.360         355.927   158026453.25307        44.350
C14  24023140.800       -1596.198    96731223.53308        48.550
E02  25504157.480        1395.661   134025326.29748        50.300
E03  27149802.180       -2089.108   142673154.60547        47.000
E07  24412503.280        1265.582   128288591.64948        50.900
E08  21753779.460        -750.064   114316880.39448        51.250
E26  23481975.960        -177.477   123398608.58648        49.950
E30  25047301.820        3030.014   131624519.60048        48.100
G02  22030382.660        1560.940   115770442.16708        49.650
G03  24830372.480       -3035.803                          35.850
G05  24148415.420        3130.108   126900783.20708        48.650
G06  20684869.080        -992.517   108699709.64008        51.250
G07  21222150.480        1736.292   111523218.22608        51.600
G09  20492681.180       -1336.081   107689772.20708        51.800
G16  24879884.540         686.904   130744675.46216        36.700
G19  25585470.620       -3123.937   134452512.32106        41.150
G23  22823211.640       -2470.898   119936768.57408        49.850
G30  22429467.040        3206.904   117867718.81908        50.900
R03  21325842.440       -2074.447   114158889.98208        49.850
R04  19848796.460         628.606   106289427.32608        50.100
R05  22559877.220        2710.394   120595464.25707        44.650
R13  21010004.540        -724.467   112192288.01207        45.350
R14  21005157.160        2959.708   111969397.26708        50.750
R15  23435361.820        4525.857   125231595.41007        45.600
R18  24227310.560       -4327.306   129326930.42507        44.050
R19  21474812.200       -3045.582   114875742.31408        48.050
R20  21839440.480         855.888   116785288.34707        45.100
> 2018 01 01 11 30 00.0000000  0 29
C05  40214847.660          -5.133   161928516.14606        38.500
C07  40758226.400        -261.832   164116506.57206        39.550
C10  39220834.040         313.426   157926079.71407        43.750
C14  24143449.380       -1633.296    97215655.89407        47.700
E02  25428206.440        1264.491   133626200.43348        50.700
E03  27269265.060       -2096.140   143300931.35847        47.350
E07  24341299.100        1229.027   127914410.13548        51.250
E08  21797754.520        -790.447   114547971.88748        51.150
E26  23496292.400        -323.877   123473840.14948        50.650
E30  24874871.200        3009.741   130718392.28748        49.250
G02  21945890.420        1398.144   115326432.26308        49.550
G03  25004694.380       -3071.695   131400537.46006        40.650
G05  23970035.500        3118.670   125963394.32908        49.350
G06  20747060.980       -1185.725   109026527.59208        51.650
G07  21127549.960        1576.971   111026092.13108        51.650
G09  20571719.940       -1432.048   108105123.24208        51.950
G16  24845708.060         511.044                          34.500
G19  25762789.340       -3086.612   135384316.08407        43.550
G23  22965289.620       -2506.026   120683396.32508        49.850
G30  22249005.800        3113.910   116919388.83908        51.200
R03  21443772.960       -2134.148   114790182.90308        48.850
R04  19815941.860         544.126   106113493.88008        50.100
R05  22408407.560        2687.249   119785772.01007        45.200
R13  21058341.620        -995.754   112450404.45807        45.650
R14  20843996.100        2765.254   111110321.22008        50.800
R15  23181657.900        4509.905   123875886.81007        45.900
R18  24469406.960       -4286.116   130619225.36407        43.150
R19  21650439.540       -3215.153   115815225.84308        48.100
R20  21798926.600         587.976   116568640.83307        45.550
> 2018 01 01 11 35 00.0000000  0 27
C05  40215172.140          -4.095   161929820.74106        39.050
C07  40779115.060        -299.200   164200613.08306        41.000
C10  39199049.620         271.088   157838361.91207        43.800
C14  24266505.640       -1670.281    97711150.81807        47.600
E02  25359844.820        1129.450   133266959.73748        50.550
E03  27389108.520       -2102.818   143930711.33847        46.700
E07  24272159.520        1192.826   127551079.58448        51.150
E08  21844005.860        -830.165   114791023.67648        51.300
E26  23518905.940        -468.556   123592676.48348        50.150
E30  24703772.900        2982.863   129819269.12648        49.100
G02  21870816.640        1230.719   114931915.53808        49.900
G05  23792399.080        3103.592   125029909.90308        49.000
G06  20820163.480       -1374.927   109410680.76708        51.650
G07  21042156.140        1413.523   110577344.71208        51.600
G09  20656082.700       -1523.085   108548451.42908        52.050
G16  24821745.620         328.305   130439152.19315        35.900
G19  25937709.820       -3040.260   136303518.01006        41.300
G23  23109272.100       -2537.872   121440026.83908        49.550
G30  22074075.460        3012.783   116000125.02708        51.200
R03  21565030.860       -2193.640   115439283.61808        49.700
R04  19787848.000         458.299   105963053.49708        50.500
R05  22258246.100        2663.280   118983076.99507        45.800
R13  21121779.900       -1262.205   112789162.61307        45.450
R14  20694126.760        2558.146   110311434.46908        50.750
R15  22929228.920        4480.146   122526988.85607        46.350
R19  21835129.860       -3369.062   116803194.85508        48.450
R20  21773473.520         318.916   116432532.50507        45.100
> 2018 01 01 11 40 00.0000000  0 27
C05  40215427.160          -3.177   161930846.85006        38.650
C07  40802747.240        -335.700   164295773.68106        39.750
C10  39180392.920         228.956   157763238.57607        43.900
C14  24392301.460       -1707.225    98217676.23907        46.650
E02  25299296.020         990.444   132948773.64048        50.900
E03  27509340.800       -2110.133   144562534.56847        46.350
E07  24205077.880        1156.432   127198563.96748        51.100
E08  21892517.080        -870.101   115045951.52448        51.250
E26  23549730.200        -611.848   123754658.46948        50.300
E30  24534402.680        2948.732   128929227.33248        49.150
G02  21805439.260        1058.181   114588356.37008        49.900
G03  25359208.400       -3138.056                          34.100
G05  23615734.460        3083.998   124101535.93208        49.300
G06  20903937.880       -1559.935   109850916.43408        51.700
G07  20966206.300        1245.844   110178224.55308        51.550
G09  20745512.700       -1610.101   109018410.16808        51.950
G16  24808222.140         143.163   130368054.02205        34.050
G23  23254975.540       -2566.955   122205701.16708        49.650
G30  21905147.820        2903.116   115112406.07108        51.450
R03  21689618.860       -2253.494   116106211.00408        49.300
R04  19764612.320         370.130   105838631.42708        50.100
R05  22109472.600        2637.392   118187799.94807        44.800
R13  21200029.380       -1523.140   113207011.13207        44.950
R14  20556259.480        2338.461   109576522.96108        50.950
R15  22678872.300        4435.562   121189161.13907        46.150
R19  22028027.980       -3508.108   117835064.58807        47.350
R20  21763135.980          49.007   116377254.21207        45.250
> 2018 01 01 11 45 00.0000000  0 25
C05  40215615.420          -1.983   161931606.16206        38.950
C07  40829063.880        -370.729   164401740.50506        40.950
C10  39164849.860         188.091   157700651.83807        44.550
C14  24520830.920       -1743.331    98735207.54107        47.600
E02  25246762.860         849.266   132672711.08548        50.600
E03  27629978.180       -2116.425   145196486.58447        46.850
E07  24140057.700        1121.223   126856882.99348        50.850
E08  21943284.040        -908.710   115312734.28848        51.400
E26  23588655.400        -751.751   123959212.68048        50.250
E30  24367163.020        2908.811   128050377.61248        49.300
G02  21750009.320         882.773   114297072.27308        49.800
G05  23440293.000        3061.150   123179585.34508        49.150
G06  20998108.120       -1738.505   110345784.95008        51.600
G07  20899906.800        1076.117   109829819.11408        51.400
G09  20839764.900       -1691.479   109513708.00708        52.000
G23  23402234.420       -2591.928   122979552.12808        48.750
G30  21742687.340        2786.841   114258669.56208        51.650
R03  21817549.360       -2312.283   116791033.15308        49.200
R04  19746351.020         281.211   105740839.50908        50.000
R05  21962186.560        2610.709   117400471.94307        45.750
R13  21292731.440       -1775.910   113702031.98407        45.300
R14  20431061.380        2108.548   108909151.59708        50.550
R15  22431401.640        4377.701   119866763.83507        46.050
R19  22228265.520       -3630.426   118906199.03207        46.800
R20  21767891.180        -218.417   116402683.25407        45.700
> 2018 01 01 11 50 00.0000000  0 26
C05  40215734.340          -1.103   161932088.80806        39.000
C07  40857993.400        -405.104   164518230.42206        41.300
C10  39152394.540         146.826   157650502.01107        44.250
C14  24652078.140       -1779.353    99263682.90907        46.350
E02  25202417.340         704.577   132439675.09748        50.800
E03  27751034.040       -2124.068   145832638.31647        45.350
E07  24077103.380        1084.931   126526059.48448        50.600
E08  21996304.160        -948.127   115591355.26248        51.050
E26  23635541.260        -889.720   124205596.55548        50.250
E30  24202448.080        2861.205   127184796.32948        50.050
G02  21704736.600         703.311   114059164.03008        49.550
G05  23266333.760        3032.963   122265424.54508        49.700
G06  21102352.860       -1911.813   110893594.91908        51.450
G07  20843423.840         903.002   109532998.50708        51.300
G09  20938594.240       -1769.409   110033059.05108        51.700
G16  24813128.840        -230.964   130393865.10915        34.100
G23  23550891.180       -2615.021   123760746.98708        48.100
G30  21587135.380        2662.143   113441243.51408        51.400
R03  21948832.420       -2372.116   117493799.85308        48.700
R04  19733181.560         189.140   105670317.55708        50.050
R05  21816495.800        2581.299   116621677.79307        45.500
R13  21399451.100       -2021.261   114271909.72207        44.750
R14  20319145.060        1867.611   108312573.97808        50.800
R15  22187642.740        4304.230   118564193.55507        47.600
R19  22434962.780       -3737.498   120011883.83207        46.250
R20  21787629.020        -483.844   116508228.29907        44.600
> 2018 01 01 11 55 00.0000000  0 25
C05  40215783.380           -.583   161932289.88406        38.800
C07  40889464.600        -439.505   164644955.42706        38.500
C10  39143000.920         105.299   157612678.08107        44.650
C14  24786024.460       -1816.166    99803027.45107        46.150
E02  25166406.160         556.610   132250434.69948        50.850
E03  27872525.740       -2132.679   146471079.19647        44.550
E07  24016228.320        1047.585   126206155.34848        51.100
E08  22051580.940        -988.478   115881837.45548        51.250
E26  23690220.180       -1025.471   124492938.73648        50.000
E30  24040653.140        2805.767   126334561.93048        50.300
G02  21669794.540         520.205   113875541.35808        49.750
G05  23094133.340        2998.892   121360506.35308        50.250
G06  21216313.020       -2079.512   111492461.34908        51.100
G07  20796885.720         727.045   109288441.55008        51.500
G09  21041763.840       -1844.406   110575222.33708        51.650
G23  23700800.180       -2636.432   124548522.38408        48.650
G30  21438920.280        2529.232   112662366.73908        51.750
R03  22083478.580       -2433.138   118214569.70808        48.700
R04  19725235.000          93.938   105627764.87608        49.800
R05  21672530.760        2548.611   115852103.00007        46.200
R13  21519693.440       -2257.757   114913999.88607        45.250
R14  20221060.960        1616.565   107789731.92008        50.750
R15  21948426.040        4215.138   117285895.46708        48.100
R19  22647233.960       -3829.861   121147391.82607        45.900
R20  21822156.820        -746.157   116692865.40307        45.750
> 2018 01 01 12 00 00.0000000  0 26
C05  40215763.940            .803   161932213.31006        38.850
C07  40923405.840        -471.630   164781621.45506        37.350
C10  39136637.200          65.229   157587057.39807        43.650
C14  24922648.660       -1851.691   100353152.44507        46.650
E02  25138849.440         408.089   132105623.08748        50.800
E03  27994473.920       -2140.237   147111916.57347        45.400
E07  23957450.960        1011.060   125897276.94748        51.200
E08  22109126.720       -1027.930   116184242.25848        51.300
E26  23752505.040       -1156.374   124820247.15648        49.950
E30  23882173.540        2744.798   125501747.39548        50.200
G02  21645317.000         336.520   113746910.12908        49.650
G05  22923984.540        2960.717   120466372.56508        50.100
G06  21339597.800       -2238.675   112140323.08408        51.050
G07  20760385.720         551.144   109096636.53108        50.800
G09  21149049.760       -1914.009   111139008.51508        51.800
G13  25297678.480        3099.733   132940189.30306        41.500
G23  23851829.780       -2654.566   125342184.54708        48.100
G30  21298448.040        2390.554   111924180.75608        51.450
R03  22221500.920       -2492.948   118953409.92808        48.050
R04  19722652.720          -2.622   105613936.62508        49.900
R05  21530437.980        2514.342   115092535.18107        46.150
R13  21652908.820       -2483.106   115625359.27707        44.900
R14  20137297.980        1358.601   107343227.32108        50.850
R15  21714592.560        4112.316   116036361.65307        47.950
R19  22864200.820       -3905.346   122308009.76807        45.200
R20  21871206.500       -1001.867   116955156.12307        44.350
> 2018 01 01 12 05 00.0000000  0 27
C05  40215676.020           1.680   161931862.27506        38.350
C07  40959739.920        -503.402   164927923.54006        37.350
C10  39133269.720          25.521   157573499.95107        43.800
C14  25061920.980       -1886.862   100913943.27907        46.150
E02  25119838.120         257.789   132005720.56948        50.550
E03  28116898.640       -2148.670   147755260.35447        43.600
E07  23900796.880         973.677   125599560.78748        51.300
E08  22168957.720       -1068.129   116498655.64448        51.250
E26  23822181.380       -1283.790   125186399.01848        50.200
E30  23727397.400        2676.515   124688397.58148        50.150
G02  21631396.680         151.102   113673754.98008        49.800
G05  22756195.580        2916.698   119584638.64808        50.650
G06  21471779.880       -2390.567   112834945.21308        51.050
G07  20733978.660         374.078   108957863.00808        51.650
G09  21260231.300       -1980.382   111723273.29608        51.800
G13  25121550.520        3070.301   132014641.94007        43.150
G16  24901507.260        -799.533   130858290.41916        37.850
G23  24003857.140       -2670.899   126141093.79507        47.400
G30  21166102.540        2245.007   111228702.74508        51.850
R03  22362907.800       -2553.484   119710371.84307        47.500
R04  19725581.480        -102.293   105629622.15408        50.250
R05  21390382.260        2476.466   114343858.52407        46.450
R13  21798493.580       -2697.481   116402773.03907        44.200
R14  20068271.560        1093.437   106975278.03508        50.900
R15  21486981.660        3993.899   114820084.32708        48.600
R19  23084984.460       -3965.596   123489050.73907        45.750
R20  21934430.340       -1250.789   117293243.64007        45.050
> 2018 01 01 12 10 00.0000000  0 27
C05  40215520.280           2.670   161931234.77706        38.850
C07  40998387.640        -533.968   165083542.31806        38.550
C10  39132857.680         -13.955   157571842.93607        43.350
C14  25203807.240       -1921.446   101485256.01907        45.850
E02  25109435.040         106.915   131951051.26948        50.800
E03  28239820.200       -2157.258   148401218.27346        39.900
E07  23846299.360         935.775   125313173.96148        51.250
E08  22231093.620       -1108.454   116825183.51348        51.050
E26  23899011.440       -1406.759   125590144.57348        49.350
E30  23576708.400        2601.922   123896521.03948        50.850
G02  21628079.400         -34.482   113656325.58608        50.150
G05  22591086.940        2866.974   118716988.53308        50.700
G06  21612405.300       -2534.213   113573932.64708        50.950
G07  20717676.420         197.468   108872193.37808        51.650
G09  21375100.400       -2043.025   112326915.08708        51.450
G13  24947171.180        3038.952   131098274.47807        43.500
G16  24952528.520        -988.285                          34.900
G23  24156770.960       -2685.423   126944660.53808        48.050
G30  21042241.320        2093.692   110577809.94008        51.800
R03  22507705.700       -2613.713   120485482.67207        47.650
R04  19734174.860        -204.528   105675637.29008        50.100
R05  21252546.720        2435.402   113607051.48707        46.150
R13  21955801.200       -2900.075   117242787.67707        44.750
R14  20014320.500         823.293   106687692.09808        50.750
R15  21266431.480        3860.960   113641532.75008        48.950
R19  23308718.300       -4010.314   124685870.16807        44.400
R20  22011407.280       -1491.515   117704874.17307        44.750
> 2018 01 01 12 15 00.0000000  0 27
C05  40215294.980           3.568   161930328.03106        39.050
C07  41039266.360        -563.270   165248147.02806        37.850
C10  39135356.520         -52.914   157581905.04807        44.050
C14  25348263.060       -1955.929   102066918.47207        46.600
E02  25107670.920         -44.970   131941783.95648        50.750
E03  28363259.160       -2166.841   149049895.86346        38.150
E07  23793995.740         896.562   125038317.54948        51.000
E08  22295559.320       -1149.942   117163952.83048        51.250
E26  23982735.680       -1525.525   126030119.24648        49.550
E30  23430480.080        2520.075   123128087.57348        50.900
G02  21635369.600        -220.584   113694635.89808        50.000
G05  22428992.540        2810.783   117865176.06808        51.000
G06  21760989.840       -2669.681   114354751.01208        50.750
G07  20711453.460          20.853   108839494.51108        51.350
G09  21493456.740       -2102.791   112948881.25008        51.600
G13  24774640.920        3005.313   130191628.77707        44.000
G16  25014176.340       -1172.180   131450363.87316        41.650
G23  24310468.300       -2698.693   127752347.44307        46.650
G30  20927193.980        1936.103   109973231.82008        51.850
R03  22655892.860       -2674.590   121278739.53207        47.800
R04  19748587.760        -310.290   105752820.60908        49.850
R05  21117134.260        2389.824   112883195.39207        45.850
R13  22124146.880       -3090.611   118141746.56807        43.500
R14  19975704.360         548.597   106481847.78108        50.300
R15  21053769.460        3712.671   112505133.07908        49.200
R19  23534545.220       -4040.380   125893889.92006        41.500
R20  22101645.920       -1723.626   118187422.22607        44.650
> 2018 01 01 12 20 00.0000000  0 27
C05  40215000.700           4.319   161929141.11006        38.700
C07  41082294.440        -591.555   165421400.67906        39.650
C10  39140718.220         -91.063   157603492.50107        44.950
C14  25495239.840       -1989.573   102658730.89307        45.200
E02  25114550.940        -196.379   131977937.71448        51.250
E03  28487237.200       -2176.738   149701442.42946        38.050
E07  23743932.140         856.864   124775232.19748        51.150
E08  22362382.620       -1191.630   117515112.01448        51.100
E26  24073074.960       -1638.921   126504853.36248        49.450
E30  23289079.680        2432.278   122385023.57248        50.750
G02  21653225.360        -405.112   113788467.67308        49.900
G05  22270258.000        2748.789   117031024.62908        50.800
G06  21917030.080       -2795.827   115174747.39808        50.800
G07  20715248.680        -153.940   108859438.91008        51.500
G09  21615110.480       -2158.927   113588176.02108        51.550
G13  24604056.780        2970.361   129295202.70507        46.700
G16  25086277.680       -1353.882   131829265.72206        41.200
G23  24464858.260       -2710.204   128563669.40507        47.850
G30  20821258.820        1773.928   109416542.37808        51.750
R03  22807464.980       -2734.870   122090112.15807        47.350
R04  19768981.620        -418.547   105862028.01308        50.050
R05  20984366.940        2340.536   112173479.48007        46.300
R13  22302817.360       -3268.151   119095836.64307        43.550
R14  19952599.460         271.865   106358686.49908        50.750
R15  20849811.960        3550.471   111415247.84208        49.250
R19  23761626.840       -4055.697   127108616.65606        40.700
R20  22204593.600       -1944.936   118737924.70707        45.250
> 2018 01 01 12 25 00.0000000  0 27
C05  40214638.180           5.847   161927679.97906        38.650
C07  41127385.400        -618.000   165602964.06606        39.050
C10  39148889.540        -127.635   157636399.95007        43.750
C14  25644682.180       -2021.350   103260469.27307        42.000
E02  25130049.640        -345.674   132059387.07248        50.500
E07  23696161.860         817.358   124524201.40748        50.800
E08  22431596.700       -1232.588   117878835.45048        50.800
E26  24169731.360       -1745.645   127012785.20548        48.950
E30  23152863.440        2339.593   121669208.19848        50.550
G02  21681561.360        -586.443   113937372.89708        50.250
G05  22115244.960        2681.587   116216425.23308        50.900
G06  22080002.420       -2911.411   116031172.21308        50.150
G07  20728963.500        -325.411   108931511.82708        51.200
G09  21739883.780       -2210.915   114243865.25708        51.400
G13  24435506.760        2935.174   128409474.03107        44.500
G16  25168627.140       -1530.230   132262016.95706        41.600
G23  24619857.840       -2719.059   129378195.31807        46.150
G28  24985117.140        2916.544                          33.250
G30  20724706.320        1608.610   108909155.04608        51.900
R03  22962408.120       -2793.675   122919535.40007        47.800
R04  19795517.500        -528.437   106004126.96008        50.100
R05  20854488.740        2287.952   111479204.78107        47.250
R13  22491076.060       -3430.843   120101126.66307        43.100
R14  19945098.300          -4.451   106318702.16208        50.500
R15  20655357.280        3375.444   110376145.58808        49.100
R19  23989144.280       -4054.906   128325668.02406        41.200
R20  22319637.520       -2153.513   119353113.95107        43.800
> 2018 01 01 12 30 00.0000000  0 27
C05  40214206.800           6.289   161925941.87306        39.050
C07  41174451.680        -644.467   165792482.89806        37.250
C10  39159817.000        -164.849   157680399.32207        44.200
C14  25796521.940       -2053.484   103871869.71006        38.850
E02  25154114.080        -495.886   132185847.19748        50.800
E07  23650745.680         774.797   124285535.77148        51.100
E08  22503235.660       -1276.189   118255301.29348        51.000
E26  24272388.900       -1848.666   127552251.74148        49.150
E30  23022176.680        2239.072   120982446.78848        51.100
G02  21720244.640        -767.004   114140656.01708        50.100
G05  21964320.560        2605.905   115423317.33608        51.050
G06  22249365.060       -3019.158   116921178.72208        50.400
G07  20752462.980        -496.157   109055003.18408        51.250
G09  21867607.360       -2261.919   114915058.60108        51.350
G13  24269072.680        2896.425   127534878.35707        43.100
G16  25260970.480       -1703.163   132747283.39906        40.000
G23  24775391.440       -2728.463   130195528.93307        46.000
G28  24817734.800        2946.741   130418129.68406        37.650
G30  20637768.080        1437.681   108452294.85808        51.900
R03  23120701.300       -2853.978   123766887.96307        47.200
R04  19828354.880        -643.088   106179969.53708        50.150
R05  20727759.760        2228.742   110801768.13907        46.600
R13  22688166.340       -3581.716   121153579.59706        41.550
R14  19953207.000        -282.167   106361925.82408        50.600
R15  20471179.380        3184.877   109391957.13908        49.650
R19  24216293.500       -4042.040   129540763.68406        40.900
R20  22446112.300       -2351.972   120029433.44807        43.650
> 2018 01 01 12 35 00.0000000  0 27
C05  40213705.720           7.155   161923923.76006        38.850
C07  41223405.020        -668.829   165989597.15105        35.950
C10  39173439.060        -200.564   157735248.21507        44.700
C14  25950691.420       -2084.283   104492635.72306        41.650
E02  25186661.500        -643.571   132356885.88448        50.250
E07  23607747.880         731.713   124059580.91748        51.250
E08  22577335.740       -1319.593   118644698.44448        50.750
E26  24380714.260       -1945.001   128121505.93648        48.950
E30  22897348.940        2133.531   120326473.58048        50.900
G02  21769099.080        -943.447   114397390.88208        49.750
G05  21817865.300        2524.206   114653687.03908        51.100
G06  22424563.280       -3116.550   117841848.45308        50.150
G07  20785578.060        -662.994   109229024.41708        51.000
G09  21998122.840       -2309.619   115600919.85508        51.300
G13  24104839.420        2857.313   126671823.32507        45.950
G16  25363014.120       -1870.246   133283521.94807        42.200
G23  24931392.100       -2736.136   131015314.52307        47.050
G28  24648834.240        2969.090   129530502.99106        41.700
G30  20560642.540        1264.196   108046999.83508        51.800
R03  23282310.900       -2912.907   124631997.54907        45.000
R04  19867650.040        -759.758   106390392.49908        50.150
R05  20604461.380        2164.850   110142668.51407        47.000
R13  22893322.220       -3718.534   122249097.77906        41.650
R14  19976845.480        -556.936   106487933.33008        50.700
R15  20298019.860        2982.181   108466646.82208        49.850
R19  24442301.900       -4015.137   130749749.35006        41.550
R20  22583308.500       -2536.291   120763082.16407        43.800
> 2018 01 01 12 40 00.0000000  0 26
C05  40213136.320           7.984   161921632.23906        38.600
C07  41274155.540        -692.564   166193949.72305        34.450
C10  39189694.040        -235.608   157800700.18107        44.500
C14  26107103.840       -2114.078   105122446.36906        39.700
E02  25227584.920        -789.467   132571941.76348        50.550
E07  23567243.320         687.117   123846730.52148        51.000
E08  22653935.800       -1363.919   119047237.40648        50.750
E26  24494363.740       -2035.286   128718738.00048        49.550
E30  22778697.600        2022.538   119702957.07748        51.200
G02  21827908.940       -1115.896   114706436.82708        50.200
G05  21676265.780        2435.532   113909575.83508        51.600
G06  22605032.460       -3204.138   118790220.32108        50.000
G07  20828109.980        -826.193   109452532.07708        51.350
G09  22131282.320       -2354.860   116300679.18208        51.250
G13  23942877.780        2816.735   125820707.35107        47.750
G23  25087801.040       -2743.107   131837247.29607        45.000
G28  24478932.680        2981.600   128637690.03707        42.800
G30  20493493.540        1088.105   107694127.47708        52.050
R03  23447198.100       -2971.091   125514646.73207        43.000
R04  19913556.180        -879.336   106636219.99508        50.400
R05  20484895.220        2095.389   109503521.10507        47.300
R13  23105772.220       -3841.864   123383566.13907        42.850
R14  20015853.700        -828.425   106695870.11908        50.700
R15  20136585.520        2767.086   107603993.50308        49.700
R16  24505851.460        4626.039   130905863.26106        38.800
R20  22730478.560       -2707.621   121550059.51207        44.100
> 2018 01 01 12 45 00.0000000  0 26
C05  40212499.580           8.783   161919069.13606        38.550
C07  41326615.360        -715.294   166405177.00606        37.350
C10  39208515.400        -269.698   157876491.59607        43.700
C14  26265675.500       -2142.421   105760943.91306        37.000
E02  25276751.420        -932.608   132830311.57248        50.550
E07  23529313.860         641.178   123647408.12448        51.300
E08  22733077.780       -1408.941   119463128.82548        50.800
E26  24612979.380       -2119.319   129342067.44048        48.950
E30  22666522.300        1906.406   119113473.95748        51.150
G02  21896413.500       -1283.341   115066430.89108        50.050
G05  21539915.540        2340.015   113193052.43708        51.100
G06  22790201.140       -3281.549   119763288.56808        49.300
G07  20879830.140        -985.124   109724323.16308        51.350
G09  22266949.420       -2397.774   117013614.95708        50.500
G13  23783256.920        2775.031   124981900.15107        46.650
G23  25244566.500       -2748.979   132661052.14507        42.800
G28  24308565.980        2984.928   127742422.19207        43.700
G30  20436444.160         910.103   107394332.66208        52.050
R03  23615308.880       -3028.093   126414553.93706        40.500
R04  19966220.480       -1001.346   106918233.31908        50.000
R05  20369381.520        2020.058   108886031.51007        47.150
R13  23324743.340       -3951.146   124552861.44406        39.850
R14  20069989.880       -1094.711   106984447.55008        50.750
R15  19987539.600        2540.667   106807537.40408        49.900
R16  24245711.140        4635.816   129516289.40806        38.050
R20  22886837.360       -2864.386   122386184.88807        43.800
> 2018 01 01 12 50 00.0000000  0 26
C05  40211794.280           9.725   161916232.56706        39.300
C07  41380688.640        -736.438   166622905.06606        37.800
C10  39229836.640        -302.900   157962341.89807        44.200
C14  26426305.060       -2169.779   106407731.00105        34.600
E02  25333999.500       -1072.921   133131154.25248        50.100
E07  23494043.420         593.649   123462062.40348        51.150
E08  22814799.100       -1454.679   119892578.32948        50.650
E26  24736191.060       -2196.535   129989547.84348        48.750
E30  22561103.620        1785.417   118559498.41248        51.150
G02  21974312.680       -1445.330   115475793.21408        49.950
G05  21409211.640        2237.294   112506202.55908        51.250
G06  22979491.560       -3348.804   120758014.02408        49.150
G07  20940480.260       -1139.355   110043042.87208        51.450
G09  22404995.440       -2438.521   117739049.18708        50.750
G13  23626044.780        2732.195   124155746.01107        46.950
G23  25401640.500       -2754.236   133486527.02906        39.550
G28  24138275.720        2978.622   126847554.85307        44.700
G30  20389579.740         731.002   107148060.58808        52.000
R03  23786576.640       -3084.000   127331363.16505        34.250
R04  20025777.720       -1125.674   107237159.88908        50.200
R05  20258253.480        1938.661   108291991.51407        47.100
R13  23549467.060       -4047.084   125752873.09006        39.950
R14  20138934.440       -1354.799   107351961.46408        50.600
R15  19851492.800        2303.759   106080546.82408        49.700
R16  23985310.800        4634.853   128125318.54607        42.000
R20  23051578.360       -3006.551   123267125.71007        44.550
> 2018 01 01 12 55 00.0000000  0 25
C05  40211021.120          10.635   161913121.77006        39.250
C07  41436283.200        -756.357   166846760.78206        37.700
C10  39253583.920        -334.856   158057961.12607        43.900
C14  26588887.160       -2195.154   107062380.46605        33.600
E02  25399147.580       -1209.310   133473509.13248        50.100
E07  23461525.500         544.810   123291179.70748        51.150
E08  22899140.760       -1500.673   120335795.76648        50.750
E26  24863620.040       -2266.996   130659188.89448        49.150
E30  22462704.540        1660.526   118042407.06348        51.450
G02  22061268.760       -1600.555   115932752.69508        49.050
G05  21284555.760        2128.100   111851127.31008        51.750
G06  23172323.400       -3405.491   121771349.79208        49.150
G07  21009779.360       -1288.122   110407210.49008        51.450
G09  22545300.280       -2476.964   118476358.48808        50.550
G13  23471304.400        2688.286   123342580.27807        47.300
G28  23968616.060        2962.990   125955993.51307        45.600
G30  20352947.820         551.792   106955558.76708        52.200
R04  20092353.900       -1251.825   107593673.92408        50.200
R05  20151865.140        1851.031   107723283.68107        46.700
R06  24120601.640        3404.085   128712154.38506        38.200
R13  23779183.060       -4129.005   126979540.40606        40.650
R14  20222296.680       -1606.932   107796329.55208        50.700
R15  19729001.720        2057.885   105425993.13808        49.850
R16  23725288.880        4622.530   126736359.67906        41.900
R20  23223870.320       -3133.460   124188445.71107        44.150
> 2018 01 01 13 00 00.0000000  0 24
C05  40210180.720          11.825   161909740.64006        39.450
C10  39279682.900        -365.549   158163052.76207        43.200
E02  25471990.640       -1341.977   133856303.34148        49.900
E07  23431858.720         494.142   123135279.33148        51.200
E08  22986142.280       -1547.365   120792990.12748        51.100
E26  24994879.300       -2330.433   131348962.58547        47.900
E30  22371565.860        1531.698   117563471.29948        51.350
G02  22156911.860       -1748.993   116435356.06108        50.300
G05  21166345.680        2011.993   111229933.56708        51.400
G06  23368116.560       -3452.078   122800252.54608        48.050
G07  21087423.860       -1431.214   110815234.75208        51.800
G09  22687757.080       -2513.474   119224969.86008        50.750
G13  23319096.240        2643.768   122542727.63808        48.350
G28  23800146.700        2937.458   125070685.95607        45.650
G30  20326556.900         372.891   106816874.63708        51.850
R03  24138257.640       -3190.270   129213998.29006        39.350
R04  20166063.760       -1379.813   107988383.28708        50.100
R05  20050582.940        1757.173   107181872.16707        47.100
R06  23928469.220        3430.443   127686897.29806        39.450
R13  24013143.920       -4197.795   128228872.50106        39.750
R14  20319620.400       -1850.188   108315119.69008        50.700
R15  19620560.760        1803.952   104846518.48608        49.600
R16  23466302.160        4598.511   125352927.24206        41.450
R20  23402869.440       -3245.120   125145631.87107        44.550
> 2018 01 01 13 05 00.0000000  0 23
C05  40209272.380          12.469   161906085.04406        39.550
C10  39308057.300        -395.882   158277302.23507        43.100
E02  25552302.820       -1471.140   134278344.99648        50.150
E07  23405145.240         441.150   122994898.26648        51.200
E08  23075839.040       -1595.327   121264353.14248        50.150
E26  25129576.680       -2387.500   132056797.47547        47.600
E30  22287905.640        1398.379   117123835.51048        51.050
G02  22260834.020       -1890.657   116981469.96008        49.800
G05  21054980.340        1888.268   110644703.70108        51.300
G06  23566294.280       -3489.156   123841679.84107        47.900
G07  21173088.740       -1569.222   111265410.38508        51.350
G09  22832261.340       -2548.941   119984344.77508        49.850
G13  23169481.520        2597.524   121756494.81008        48.950
G28  23633432.260        2901.221   124194603.57207        47.050
G30  20310376.320         194.033   106731844.86508        52.000
R04  20247002.580       -1510.103   108421806.94008        50.550
R05  19954785.240        1655.466   106669780.02907        46.950
R06  23734963.740        3452.526   126654317.93806        40.550
R13  24250615.080       -4254.199   129496955.30806        39.700
R14  20430387.100       -2084.653   108905568.99808        50.550
R15  19526594.400        1542.271   104344392.98208        49.400
R16  23209017.440        4561.561   123978573.60107        42.700
R20  23587720.240       -3342.130   126134110.73506        40.250
> 2018 01 01 13 10 00.0000000  0 24
C05  40208298.760          13.486   161902165.82106        39.550
C10  39338628.600        -424.774   158400401.10807        42.900
E02  25639841.220       -1595.157   134738362.73148        50.150
E07  23381495.160         386.842   122870618.81348        51.000
E08  23168271.680       -1643.153   121750086.15548        51.200
E26  25267314.280       -2436.953   132780617.45847        46.550
E30  22211922.640        1262.762   116724542.10848        51.250
G02  22372603.680       -2023.873   117568825.43708        49.800
G05  20950854.040        1758.343   110097517.76208        51.300
G06  23766284.440       -3515.470   124892631.69707        46.150
G07  21266438.640       -1700.335   111755965.77808        51.600
G09  22978723.580       -2582.185   120754005.88008        50.100
G13  23022519.180        2550.731   120984205.12308        48.600
G20  25098035.620        3589.583   131891063.97206        38.150
G28  23469044.180        2855.927   123330745.92707        46.850
G30  20304341.220          17.478   106700129.41308        52.050
R04  20335255.060       -1640.865   108894396.61708        50.400
R05  19864865.580        1547.703   106189107.61907        46.600
R06  23540284.720        3472.013   125615477.63207        42.000
R14  20554029.120       -2307.609   109564650.32408        50.400
R15  19447459.200        1275.774   103921517.33408        49.100
R16  22954109.180        4513.728   122616914.76107        43.950
R20  23777567.900       -3423.443   127149307.22007        43.150
R22  24542092.560        1948.568   131007356.64007        42.600
> 2018 01 01 13 15 00.0000000  0 24
C05  40207257.580          14.619   161897974.30906        39.400
C10  39371314.420        -452.333   158532013.66807        42.650
E02  25734342.060       -1714.487   135234968.28648        49.750
E07  23361020.080         330.430   122763020.27848        51.100
E08  23263468.860       -1691.717   122250350.41048        50.400
E26  25407691.580       -2479.468   133518302.05647        46.900
E30  22143785.520        1124.126   116366479.99648        51.450
G02  22491758.520       -2148.883   118194985.89908        49.250
G05  20854351.060        1621.744   109590387.86608        51.400
G06  23967517.120       -3532.215   125950113.21707        45.900
G07  21367115.700       -1825.326   112285029.15708        51.600
G09  23127053.960       -2614.045   121533488.78308        49.300
G13  22878265.620        2503.013   120226151.52208        48.400
G20  24893478.760        3575.863   130816100.48006        41.150
G28  23307551.500        2800.370   122482099.25307        47.050
G30  20308345.380        -157.027   106721171.19208        52.050
R04  20430882.820       -1772.833   109406477.32908        49.900
R05  19781220.140        1432.475   105741975.27507        46.300
R06  23344650.860        3487.161   124571540.00606        41.300
R14  20689927.380       -2519.503   110289061.91808        50.600
R15  19383427.760        1005.006   103579355.11008        48.850
R16  22702256.040        4453.666   121271568.66607        44.550
R20  23971550.700       -3489.054   128186621.23006        41.650
R22  24438442.300        1738.849   130454060.21807        43.750
> 2018 01 01 13 20 00.0000000  0 24
C05  40206151.360          14.979   161893518.01206        39.750
C10  39406034.880        -479.575   158671811.78907        44.000
E02  25835529.920       -1829.665   135766713.00548        49.750
E07  23343837.040         271.163   122672722.73548        51.250
E08  23361463.100       -1741.543   122765311.68648        50.500
E26  25550306.440       -2515.616   134267741.94747        46.900
E30  22083642.560         982.419   116050426.09348        51.400
G02  22617813.960       -2265.916   118857411.23908        49.050
G05  20765845.960        1477.784   109125291.88808        51.650
G06  24169433.520       -3540.065   127011191.25007        45.850
G07  21474757.580       -1944.664   112850692.37808        51.300
G09  23277176.280       -2645.262   122322384.82608        49.050
G13  22736783.600        2453.416   119482655.10408        49.300
G20  24689927.060        3554.177   129746430.30907        42.550
G28  23149524.280        2733.979   121651664.47207        47.600
G30  20322251.680        -329.816   106794251.03908        52.000
R04  20533930.500       -1906.176   109958292.12008        50.050
R05  19704256.000        1309.040   105330557.10907        47.150
R06  23148309.020        3496.576   123523822.48306        41.850
R14  20837425.780       -2720.164   111075313.27208        49.900
R15  19334699.480         730.551   103318966.82508        48.900
R16  22454140.620        4380.260   119946188.65307        43.100
R20  24168819.300       -3540.944   129241500.11406        41.900
R22  24346801.660        1521.059   129964879.07207        43.550
> 2018 01 01 13 25 00.0000000  0 25
C05  40204980.020          15.986   161888801.13606        39.750
C10  39442701.680        -505.129   158819456.98107        43.400
E02  25943114.180       -1938.915   136332069.10448        49.800
E07  23330065.960         210.551   122600356.22548        51.200
E08  23462280.380       -1791.076   123295109.47748        50.250
E20  15137739.440        2075.181    79549353.35747        45.450
E26  25694752.740       -2544.095   135026817.78247        44.550
E30  22031613.980         839.534   115777014.55648        51.350
G02  22750265.280       -2373.324   119553446.57508        49.250
G05  20685701.600        1328.498   108704131.50308        51.400
G06  24371485.020       -3537.646   128072974.58007        44.900
G07  21588992.080       -2056.717   113450994.87608        51.450
G09  23429016.860       -2674.798   123120310.29708        48.500
G13  22598130.980        2403.436   118754034.82808        49.200
G20  24487777.960        3526.206   128684130.28607        42.800
G28  22995529.040        2658.685   120842419.35308        48.400
G30  20345889.920        -498.337   106918469.05308        52.050
R04  20644420.680       -2038.817   110549961.76208        50.150
R05  19634381.060        1179.308   104957034.96607        46.650
R06  22951529.600        3502.175   122473772.31406        41.050
R14  20995837.040       -2907.603   111919734.43208        49.750
R15  19301388.440         455.567   103140962.99108        49.050
R16  22210445.980        4295.614   118644419.01507        44.800
R20  24368528.820       -3576.855   130309432.20206        37.500
R22  24267573.060        1297.009   129541951.80606        41.700
> 2018 01 01 13 30 00.0000000  0 25
C05  40203743.080          16.922   161883820.33106        39.900
C10  39481231.420        -529.327   158974597.63507        42.900
E02  26056789.700       -2043.025   136929438.27548        49.200
E07  23319828.480         147.540   122546555.71648        51.450
E08  23565941.620       -1840.992   123839852.58748        49.950
E20  15019680.480        2060.324    78928951.50847        45.350
E26  25840631.580       -2565.605   135793404.90447        47.200
E30  21987792.720         695.087   115546732.47248        51.050
G02  22888587.980       -2471.453   120280336.81008        48.950
G05  20614262.100        1173.048   108328714.77208        51.000
G06  24573130.840       -3525.729   129132617.85407        45.300
G07  21709436.860       -2162.196   114083935.81708        51.350
G09  23582506.820       -2702.847   123926901.20908        48.750
G13  22462371.780        2352.054   118040612.40008        49.700
G20  24287440.700        3490.633   127631353.65107        44.550
G28  22846125.960        2573.407   120057300.97308        48.100
G30  20379055.200        -663.188   107092753.98808        52.100
R04  20762353.160       -2171.612   111181480.45508        50.150
R05  19572002.260        1042.130   104623583.60607        46.950
R06  22754608.520        3502.050   121422965.15507        42.250
R14  21164446.020       -3082.456   112818512.62108        49.350
R15  19283525.160         180.547   103045505.91708        48.950
R16  21971849.040        4198.857   117369881.76907        44.700
R21  23482686.120       -1894.554   125660597.65717        46.100
R22  24201096.580        1067.542   129187092.55907        44.250
> 2018 01 01 13 35 00.0000000  0 26
C05  40202442.320          18.236   161878583.57706        40.250
C10  39521536.640        -552.190   159136889.76207        42.950
E02  26176245.620       -2140.880   137557182.96448        49.250
E07  23313249.020          82.886   122511979.98448        51.300
E08  23672465.600       -1890.698   124399638.19848        49.800
E20  14902527.520        2043.724    78313309.66747        45.450
E26  25987538.040       -2579.762   136565402.43047        45.700
E30  21952247.440         550.244   115359939.52248        51.550
G02  23032246.100       -2559.621   121035262.97708        48.100
G05  20551854.720        1012.614   108000760.95708        51.250
G06  24773843.060       -3504.202   130187353.04907        44.250
G07  21835711.360       -2260.403   114747512.28908        51.400
G09  23737582.920       -2729.637   124741831.95108        48.350
G13  22329570.180        2300.238   117342737.86708        49.300
G15  25084340.940        3062.429   131819109.03407        44.500
G20  24089342.860        3448.190   126590344.71707        44.850
G28  22701868.160        2479.151   119299218.01708        49.200
G30  20421517.700        -823.439   107315897.65808        51.900
R04  20887703.620       -2303.135   111852728.91508        50.050
R05  19517525.620         898.326   104332374.54707        47.600
R06  22557870.680        3496.307   120373134.04007        42.300
R14  21342521.060       -3243.436   113767749.77308        50.300
R15  19281058.780         -92.200   103032326.57508        48.800
R16  21739026.380        4090.682   116126183.10307        45.050
R21  23594233.900       -2082.615   126257512.50217        47.250
R22  24147649.300         833.860   128901794.83807        43.950
> 2018 01 01 13 40 00.0000000  0 26
C05  40201078.320          18.691   161873090.70806        40.000
C10  39563529.180        -574.759   159305976.16507        42.300
E02  26301160.440       -2234.181   138213610.42848        49.600
E07  23310451.760          14.925   122497282.29148        51.450
E08  23781863.120       -1941.576   124974524.89248        50.250
E20  14786406.800        2024.371    77703090.23247        45.850
E26  26135075.180       -2587.816   137340714.60047        45.050
E30  21925016.720         403.952   115216841.95648        51.850
G02  23180689.120       -2638.985   121815334.30208        48.700
G05  20498782.360         846.152   107721862.02808        51.450
G06  24973105.620       -3474.916   131234468.49207        44.050
G07  21967431.120       -2352.876   115439702.26408        51.600
G09  23894186.620       -2756.262   125564786.42308        49.000
G13  22199795.040        2246.181   116660769.73008        49.900
G15  24909757.120        3053.854   130901667.00607        44.850
G20  23893923.960        3397.007   125563409.22207        46.400
G28  22563294.160        2374.395   118571007.76808        49.800
G30  20473020.180        -979.819   107586542.25308        52.150
R04  21020425.700       -2434.564   112563447.65908        49.300
R05  19471348.080         746.552   104085530.76407        46.950
R06  22361664.600        3483.004   119326143.18907        43.550
R14  21529315.860       -3392.267   114763470.96308        49.950
R15  19293855.080        -362.942   103100706.05608        48.750
R16  21512640.100        3969.740   114916869.73907        45.900
R21  23716020.680       -2259.711   126909215.84817        45.850
R22  24107447.600         596.437   128687187.49007        45.000
> 2018 01 01 13 45 00.0000000  0 26
C05  40199650.500          19.564   161867341.63606        40.100
C10  39607120.140        -595.487   159481496.75107        42.400
E02  26431203.900       -2321.006   138896992.52448        49.000
E07  23311562.460         -54.530   122503116.73648        51.100
E08  23894139.380       -1992.006   125564539.80648        49.950
E20  14671453.700        2002.294    77099005.58347        45.900
E26  26282847.360       -2588.432   138117264.62147        44.350
E30  21906113.020         258.111   115117503.42748        51.550
G02  23333358.900       -2708.238   122617615.28807        47.850
G05  20455322.020         675.511   107493477.78708        51.450
G06  25170420.800       -3436.522   132271323.91107        43.050
G07  22104212.120       -2438.216   116158488.08308        51.300
G09  24052259.900       -2781.498   126395464.23107        47.750
G13  22073120.580        2191.248   115995085.94008        50.200
G15  24735693.400        3043.583   129986954.87507        44.800
G20  23701633.600        3337.985   124552918.07907        46.600
G28  22430930.300        2260.987   117875434.21508        49.200
G30  20533278.860       -1130.643   107903204.73408        51.900
R04  21160445.000       -2564.037   113313242.65608        49.900
R05  19433856.820         588.247   103885118.77907        46.750
R06  22166368.120        3463.262   118284000.95407        44.500
R14  21724078.740       -3527.097   115801666.20308        49.250
R15  19321700.680        -628.592   103249503.43108        49.400
R16  21293342.000        3837.988   113745419.79707        46.100
R21  23847349.440       -2423.400   127611986.35717        46.550
R22  24080628.880         357.542   128544031.93507        42.000
> 2018 01 01 13 50 00.0000000  0 26
C05  40198161.360          20.141   161861345.58906        40.250
C10  39652220.360        -615.135   159663098.28507        42.400
E02  26566045.460       -2402.122   139605586.49348        49.200
E07  23316706.120        -126.242   122530146.60048        51.400
E08  24009295.540       -2042.399   126169689.22048        49.900
E20  14557814.580        1978.034    76501830.36847        46.700
E26  26430469.680       -2582.261   138893013.74547        44.850
E30  21895524.280         112.740   115061857.83548        51.650
G02  23489690.640       -2767.441   123439147.70607        46.900
G05  20421726.180         500.673   107316929.47608        51.700
G06  25365303.720       -3389.459   133295386.91406        41.750
G07  22245674.300       -2516.879   116901881.08408        51.100
G09  24211750.100       -2805.896   127233589.34607        47.950
G13  21949622.620        2134.712   115346102.43608        50.100
G15  24562248.000        3032.220   129075501.30407        45.350
G20  23512936.420        3270.979   123561311.87207        46.300
G28  22305288.560        2139.163   117215182.65708        49.950
G30  20601993.880       -1276.040   108264303.77308        51.900
R04  21307665.320       -2691.555   114101597.16208        49.900
R05  19405426.440         423.670   103733139.57107        46.900
R06  21972384.480        3436.106   117248872.03607        44.600
R14  21926059.280       -3648.688   116878332.50708        49.050
R15  19364307.660        -888.488   103477183.95308        49.100
R16  21081768.880        3694.704   112615236.53807        46.500
R21  23987494.580       -2574.185   128361923.92017        42.400
R22  24067271.200         117.588   128472724.67807        43.600
> 2018 01 01 13 55 00.0000000  0 26
C05  40196610.780          21.048   161855101.71906        39.900
C10  39698740.460        -633.584   159850415.29807        42.300
E02  26705345.860       -2477.204   140337618.26348        48.850
E07  23326005.480        -200.171   122579013.85848        51.500
E08  24127323.940       -2092.550   126789930.42548        49.850
E20  14445644.840        1950.991    75912375.11847        46.650
E26  26577553.840       -2569.495   139665945.73147        45.750
E30  21893207.860         -31.578   115049685.93348        51.550
G02  23649119.160       -2816.586   124276944.43407        47.750
G05  20398212.660         322.403   107193365.22108        51.650
G06  25557283.460       -3334.921   134304232.69306        41.650
G07  22391444.540       -2589.001   117667902.16808        51.250
G09  24372604.160       -2829.303   128078881.15008        48.350
G13  21829385.220        2077.036   114714248.98208        50.550
G15  24389529.220        3018.303   128167855.84508        48.650
G20  23328306.480        3195.728   122591068.17108        48.050
G28  22186857.080        2008.655   116592819.23408        50.300
G30  20678842.980       -1415.512   108668148.35708        51.900
R04  21461961.000       -2816.600   114927842.15708        49.500
R05  19386409.640         252.883   103631484.00707        46.950
R06  21780146.340        3401.138   116223050.49307        44.550
R14  22134506.680       -3756.964   117989473.59608        48.650
R15  19421316.020       -1141.327   103781819.44308        48.450
R16  20878535.800        3540.812   111529602.35207        45.950
R21  24135696.200       -2711.112   129154992.47616        39.900
R22  24067373.420        -121.229   128473267.45807        43.600
> 2018 01 01 14 00 00.0000000  0 23
C05  40195002.360          22.274   161848625.13006        39.950
C10  39746593.540        -650.566   160043097.26507        42.850
E02  26848771.480       -2546.100   141091324.05548        48.050
E07  23339583.940        -275.687   122650368.76348        51.450
E08  24248212.900       -2142.128   127425203.57848        49.750
E20  14335111.580        1921.088    75331518.38847        46.900
E30  21899101.080        -174.307   115080651.96848        51.700
G02  23811075.920       -2855.396   125128031.43307        46.800
G05  20384971.340         141.431   107123778.87908        51.750
G07  22541153.160       -2654.527   118454626.65208        50.800
G09  24534773.460       -2851.533   128931083.42307        46.400
G13  21712498.820        2017.932   114100006.75108        50.650
G15  24217650.580        3003.068   127264633.57308        49.500
G20  23148222.140        3112.151   121644723.82407        47.800
G28  22076104.040        1870.482   116010809.84108        50.050
G30  20763492.900       -1548.719   109112986.93808        51.650
R04  21623185.900       -2938.305   115791193.26508        49.700
R05  19377142.420          76.783   103581945.32207        46.550
R06  21590113.060        3358.198   115208995.26007        45.200
R14  22348684.620       -3851.814   119131159.90008        48.650
R15  19492302.080       -1385.799   104161144.60408        49.000
R16  20684236.480        3377.024   110491690.85107        46.550
R22  24080865.660        -358.125   128545297.98806        41.950
> 2018 01 01 14 05 00.0000000  0 24
C05  40193331.640          22.802   161841898.26506        40.000
C10  39795683.700        -666.919   160240760.50407        42.350
E02  26995977.220       -2609.491   141864894.12948        48.200
E07  23357553.780        -353.751   122744801.67448        51.350
E08  24371934.940       -2191.760   128075366.22548        49.650
E20  14226382.260        1887.886    74760142.20747        46.750
E30  21913104.640        -315.613   115154244.22648        51.300
G02  23974990.180       -2884.897   125989399.94407        47.100
G05  20382146.240         -42.342   107108934.52408        51.550
G07  22694434.760       -2714.113   119260127.93708        50.900
G09  24698200.860       -2873.432   129789898.01807        42.900
G13  21599053.320        1956.564   113503847.35308        50.700
G15  24046731.640        2984.832   126366449.39307        47.100
G20  22973166.460        3019.692   120724802.90207        47.950
G21  26229400.160        1653.650                          37.300
G28  21973465.980        1724.477   115471442.97208        50.550
G30  20855589.580       -1676.197   109596957.67208        51.550
R04  21791159.640       -3057.280   116690682.39408        49.600
R05  19377926.240        -105.030   103586134.39107        46.600
R06  21402762.160        3305.773   114209256.79407        45.600
R14  22567859.500       -3934.390   120299482.84608        48.300
R15  19576773.260       -1621.524   104612534.79808        48.300
R16  20499428.600        3203.132   109504480.97107        46.700
R22  24107605.560        -592.158   128688030.30707        42.650
> 2018 01 01 14 10 00.0000000  0 24
C05  40191601.460          23.449   161834934.11006        39.300
C10  39845922.920        -681.978   160443052.92906        41.300
E02  27146627.640       -2667.354   142656565.37547        47.050
E07  23380031.820        -434.083   122862922.15248        51.550
E08  24498463.280       -2241.040   128740276.42848        48.900
E20  14119641.560        1850.727    74199215.52047        46.850
E30  21935106.640        -454.957   115269864.00848        51.350
G02  24140298.420       -2904.920   126858100.60107        45.350
G05  20389854.980        -228.076   107149442.87508        51.850
G07  22850940.780       -2768.053   120082568.52908        50.800
G09  24862836.700       -2894.609   130655065.63806        39.550
G13  21489153.300        1893.137   112926318.69208        50.550
G15  23876905.960        2964.076   125474006.68308        49.200
G20  22803630.980        2918.373   119833887.81208        48.200
G21  26138469.500        1531.528   137358575.63507        42.000
G28  21879355.540        1571.222   114976892.81108        50.100
G30  20954776.980       -1797.634   110118188.09208        51.900
R04  21965683.380       -3172.740   117625251.28208        49.100
R05  19389040.680        -291.904   103645545.71607        46.700
R06  21218604.940        3244.009   113226559.88607        46.100
R14  22791320.420       -4004.886   121490659.35507        47.700
R15  19674192.960       -1847.488   105133114.18508        48.800
R16  20324645.320        3019.570   108570820.67607        46.850
R22  24147378.620        -822.319   128900348.52007        43.700
> 2018 01 01 14 15 00.0000000  0 25
C05  40189813.600          24.646   161827734.86506        39.550
C10  39897221.800        -695.092   160649614.11306        41.350
E02  27300385.880       -2718.348   143464571.38647        46.400
E07  23407125.120        -515.369   123005299.59248        51.350
E08  24627760.020       -2288.646   129419735.41148        48.600
E20  14015079.040        1811.655    73649735.51447        47.200
E30  21964966.320        -590.688   115426775.85448        51.600
G02  24306444.180       -2914.354   127731198.96207        45.050
G05  20408171.180        -413.789   107245695.11908        51.900
G07  23010327.160       -2815.046   120920150.82908        50.250
G09  25028628.800       -2913.182   131526333.45806        38.800
G13  21382907.420        1828.679   112367991.98108        50.800
G15  23708312.000        2941.744   124588045.73108        49.050
G20  22640105.060        2809.077   118974552.93208        48.950
G21  26054603.180        1406.151   136917852.73706        40.650
G28  21794154.000        1412.572   114529154.66108        50.150
G30  21060687.580       -1911.794   110674753.32908        51.600
R04  22146534.220       -3282.937   118593695.72808        48.700
R05  19410728.860        -481.753   103761482.74007        46.800
R06  21038172.860        3173.195   112263742.99707        45.950
R09  24609031.020        4312.498   131410866.65406        40.700
R14  23018376.540       -4062.108   122700992.49107        46.900
R15  19783974.360       -2061.720   105719753.16308        48.750
R16  20160380.400        2828.620   107693348.21607        46.700
R22  24199909.480       -1046.121   129180759.05806        40.800
> 2018 01 01 14 20 00.0000000  0 25
C05  40187970.060          24.905   161820310.51806        39.400
C10  39949493.500        -708.009   160860091.37206        40.550
E02  27456921.420       -2764.846   144287173.60247        44.100
E07  23438939.080        -599.609   123172481.61448        51.450
E08  24759781.760       -2336.427   130113510.66248        48.750
E20  13912894.000        1767.323    73112750.04347        47.600
E30  22002522.500        -724.664   115624138.28348        51.350
G02  24472877.220       -2915.153   128605809.69207        45.450
G05  20437131.660        -600.913   107397882.45408        51.600
G07  23172266.520       -2857.559   121771147.18908        49.950
G09  25195523.240       -2933.055   132403351.94506        36.650
G13  21280433.340        1760.915   111829486.86708        51.000
G15  23541104.960        2915.520   123709365.98808        48.950
G20  22483078.020        2690.440   118149372.31408        48.800
G21  25978017.340        1275.986   136515400.05806        37.050
G28  21718207.620        1246.998   114130054.07208        50.300
G30  21172953.260       -2020.354   111264713.26708        51.750
R04  22333464.080       -3389.637   119594693.04508        48.900
R05  19443201.300        -676.285   103935065.78007        46.600
R06  20862022.960        3091.275   111323772.18307        46.550
R09  24367415.060        4287.502   130120723.41606        40.200
R14  23248354.720       -4108.824   123926906.91407        47.150
R15  19905492.780       -2265.583   106369110.11508        49.150
R16  20007088.920        2628.830   106874492.71607        47.000
R22  24264853.220       -1263.859   129527432.42206        37.600
> 2018 01 01 14 25 00.0000000  0 25
C05  40186069.000          25.778   161812654.10806        39.350
C10  40002647.060        -719.027   161074119.46106        39.750
E02  27615904.940       -2804.531   145122635.86547        42.600
E07  23475566.420        -684.402   123364958.82548        51.400
E08  24894470.500       -2382.440   130821303.47248        48.250
E19  28255736.200        2594.427   148484894.26446        40.900
E20  13813288.960        1720.899    72589322.52947        47.600
E30  22047592.260        -854.256   115860978.66148        51.450
G02  24639055.600       -2905.643   129479074.72807        45.050
G05  20476727.300        -786.606   107605959.62708        51.700
G07  23336437.800       -2893.590   122633871.03908        49.650
G13  21181852.180        1691.774   111311441.78108        50.850
G15  23375442.320        2887.255   122838801.59708        49.450
G20  22333032.100        2564.359   117360875.43008        49.350
G21  25908905.840        1144.464   136152203.33406        40.700
G28  21651823.340        1077.302   113781201.59808        50.550
G30  21291198.560       -2121.628   111886094.11108        51.600
R04  22526198.000       -3490.441   120626774.58008        48.100
R05  19486623.880        -872.318   104167182.06307        46.850
R06  20690726.240        3000.156   110409699.47507        47.200
R09  24127420.400        4254.518   128839174.79407        43.850
R14  23480605.000       -4143.296   125164930.30007        44.750
R15  20038087.640       -2456.609   107077654.96608        49.300
R16  19865177.860        2423.254   106116426.99007        47.500
R22  24341800.880       -1473.542   129938187.78506        39.800
> 2018 01 01 14 30 00.0000000  0 24
C05  40184113.360          26.682   161804776.95306        40.050
C10  40056597.080        -729.010   161291353.74706        39.600
E02  27777014.040       -2838.657   145969272.95146        41.650
E07  23517097.320        -770.887   123583204.19348        51.750
E08  25031766.060       -2427.247   131542792.84248        48.000
E19  28107270.300        2606.411   147704699.86346        41.250
E20  13716477.400        1670.139    72080574.66047        47.000
E30  22099973.900        -980.327   116136245.85948        51.400
G02  24804448.280       -2887.097   130348213.29206        41.200
G05  20526913.460        -971.319   107869687.54208        51.700
G07  23502536.900       -2924.623   123506726.91508        49.600
G13  21087298.780        1620.313   110814558.43208        50.750
G15  23211497.440        2855.723   121977265.72108        50.150
G20  22190444.140        2429.702   116611573.57308        49.300
G21  25847424.800        1008.900   135829138.18907        42.100
G28  21595272.840         903.163   113484026.63108        50.350
G30  21415051.040       -2216.292   112536945.23908        51.550
R04  22724445.820       -3585.975   121688376.95108        48.300
R05  19541124.700       -1070.274   104458521.56707        46.900
R06  20524876.160        2898.168   109524692.79007        46.350
R09  23889537.000        4212.667   127568901.91307        46.350
R14  23714504.000       -4166.985   126411746.05807        44.600
R15  20181076.060       -2635.291   107841742.77908        49.050
R16  19735008.860        2211.296   105421089.22107        46.850
> 2018 01 01 14 35 00.0000000  0 25
C05  40182102.600          27.134   161796680.27906        40.250
C10  40111255.900        -738.243   161511444.87606        39.100
E02  27939932.700       -2867.876   146825336.73456        37.100
E07  23563610.860        -859.083   123827634.68748        51.450
E08  25171595.360       -2471.352   132277600.41547        47.900
E19  27958207.460        2615.369   146921372.51547        43.150
E20  13622676.480        1615.432    71587647.32047        47.150
E30  22159447.440       -1102.716   116448784.73748        50.950
G02  24968540.540       -2860.019   131210504.29006        41.050
G05  20587600.500       -1154.490   108188599.53808        51.750
G07  23670271.380       -2951.070   124388177.05808        49.150
G13  20996909.900        1545.784   110339564.97208        50.600
G15  23049452.180        2820.517   121125715.58508        49.700
G20  22055780.620        2286.511   115903910.04208        49.450
G21  25793712.620         872.111   135546880.22607        44.200
G28  21548785.140         724.867   113239732.44708        50.450
G30  21544141.160       -2305.231   113215315.19808        51.450
R04  22927890.040       -3676.073   122777813.26007        47.400
R05  19606787.840       -1269.982   104809527.51407        47.100
R06  20365079.960        2784.671   108671990.40807        46.600
R09  23654265.600        4161.510   126312576.14107        45.900
R14  23949454.960       -4180.972   127664168.80206        41.600
R15  20333755.320       -2801.859   108657615.46108        49.150
R16  19616892.060        1994.152   104790131.44607        46.550
R23  24598565.820        1039.164   131585722.14606        38.450
> 2018 01 01 14 40 00.0000000  0 24
C05  40180038.880          28.043   161788370.02606        40.850
C10  40166539.560        -745.917   161734051.76606        39.750
E07  23615178.520        -947.935   124098624.59848        51.350
E08  25313879.380       -2513.277   133025308.18947        46.850
E19  27808687.920        2622.278   146135646.00247        42.750
E20  13532109.560        1556.903    71111714.03947        47.350
E30  22225779.800       -1220.456   116797360.64948        51.150
G02  25130829.800       -2824.060   132063307.61807        42.850
G05  20658659.920       -1334.595   108562018.38308        51.750
G07  23839363.180       -2972.222   125276763.85407        47.700
G13  20910835.300        1469.140   109887239.06608        50.600
G15  22889502.500        2782.313   120285175.46808        49.800
G20  21929492.220        2136.287   115240260.71708        49.550
G21  25747873.680         733.486   135305994.04307        43.050
G28  21512547.640         544.211   113049306.70108        50.100
G30  21678100.820       -2387.043   113919279.86208        51.350
R04  23136199.840       -3759.640   123893297.70607        46.550
R05  19683650.980       -1469.314   105220406.08207        46.550
R06  20211958.080        2660.604   107854902.24107        46.700
R09  23422102.860        4101.899   125072843.01007        45.100
R14  24184889.840       -4184.313   128919168.49506        40.400
R15  20495411.220       -2955.066   109521455.40608        48.950
R16  19511084.160        1773.188   104224924.74207        46.850
R23  24546615.960         812.381   131307832.98006        40.500
> 2018 01 01 14 45 00.0000000  0 25
C05  40177924.580          28.449   161779855.32906        41.050
C10  40222366.120        -753.090   161958843.04206        39.500
E07  23671862.500       -1038.618   124396500.60848        51.450
E08  25458531.400       -2554.587   133785457.06547        47.100
E19  27658863.240        2625.402   145348314.78847        42.300
E20  13445004.680        1493.619    70653976.19547        47.700
E30  22298720.400       -1334.688   117180668.60648        51.350
G05  20739923.420       -1512.288   108989062.97608        51.500
G07  24009551.780       -2989.735   126171108.64407        47.600
G13  20829230.000        1388.731   109458398.72808        50.850
G15  22731855.800        2739.453   119456733.50408        50.800
G20  21812014.840        1977.552   114622914.01608        50.100
G21  25709980.680         593.295   135106871.76507        42.750
G24  25280974.560        3339.862   132852414.48506        41.300
G28  21486707.040         360.393   112913512.61208        50.550
G30  21816572.340       -2463.575   114646951.17908        51.700
R04  23349022.180       -3837.504   125032951.44307        46.850
R05  19771708.720       -1669.141   105691120.16807        47.100
R06  20066138.340        2524.425   107076782.18507        46.700
R07  24248869.200        4024.329   129806102.82906        36.300
R09  23193538.040        4032.941   123852318.43507        46.650
R14  24420270.820       -4179.845   130173880.75405        34.500
R15  20665325.160       -3096.466   110429422.53108        49.300
R16  19417786.340        1548.336   103726543.04907        47.200
R23  24507503.820         581.200   131098611.00707        42.900
> 2018 01 01 14 50 00.0000000  0 24
C05  40175757.940          29.545   161771131.39706        40.700
C10  40278650.600        -758.174   162185477.28106        39.250
E07  23733710.580       -1129.053   124721513.29648        51.700
E08  25605451.160       -2593.093   134557523.08047        47.750
E19  27508892.100        2626.859   144560212.13747        42.500
E20  13361590.960        1427.388    70215633.60547        47.800
E30  22378006.060       -1443.033   117597317.22048        51.100
G05  20831181.760       -1684.951   109468627.87708        51.600
G07  24180583.920       -3002.040   127069887.83107        46.000
G13  20752252.300        1306.711   109053881.09508        50.650
G15  22576724.660        2693.810   118641517.06108        51.300
G20  21703759.120        1813.056   114054026.14208        49.850
G21  25680076.340         453.512   134949717.93507        43.000
G24  25091237.620        3305.924   131855348.36807        42.400
G28  21471360.060         176.356   112832862.27708        51.050
G30  21959198.580       -2532.914   115396460.10108        51.150
R04  23565987.060       -3907.687   126194784.93307        47.500
R05  19870901.160       -1866.324   106221362.60907        47.150
R06  19928251.580        2378.155   106340990.21707        47.550
R07  24022816.360        4040.441   128596027.91806        40.200
R09  22969044.980        3956.749   122653541.22308        48.100
R15  20842772.560       -3223.825   111377647.50708        49.100
R16  19337137.120        1322.589   103295731.47007        47.100
R23  24481423.480         347.782   130959096.42307        43.400
> 2018 01 01 14 55 00.0000000  0 24
C05  40173542.640          30.099   161762212.11206        41.100
C10  40335315.460        -762.675   162413640.20006        39.950
E07  23800762.980       -1220.230   125073878.53748        51.400
E08  25754534.420       -2629.857   135340962.01647        45.950
E19  27358948.720        2625.565   143772251.54847        43.700
E20  13282103.280        1356.461    69797924.35947        47.850
E30  22463365.500       -1546.695   118045882.07948        51.400
G05  20932191.480       -1853.072   109999434.12608        51.850
G07  24352226.700       -3010.583   127971880.56707        45.250
G13  20680074.260        1221.337   108674583.53908        50.650
G15  22424341.460        2643.873   117840741.07308        50.850
G20  21605115.240        1641.661   113535650.94608        50.100
G21  25658168.040         313.951   134834596.22007        42.300
G24  24903542.140        3269.199   130869007.07607        42.900
G28  21466562.860          -8.551   112807657.14608        50.500
G30  22105638.500       -2596.513   116166008.99008        50.600
R04  23786710.680       -3970.949   127376751.41107        44.850
R05  19981129.520       -2061.537   106810595.77207        47.200
R06  19798929.700        2220.440   105650908.20507        47.050
R07  23796116.980        4048.273   127382477.30906        39.550
R09  22749093.320        3872.045   121479011.45108        48.400
R15  21027040.460       -3338.628   112362318.39008        48.950
R16  19269222.400        1095.813   102932945.50707        46.650
R23  24468505.280         112.378   130889992.08207        45.900
> 2018 01 01 15 00 00.0000000  0 24
C05  40171277.600          30.844   161753091.79306        40.800
C10  40392276.900        -766.252   162643004.90706        37.600
E07  23873045.720       -1312.018   125453725.15048        51.450
E08  25905666.080       -2664.519   136135160.83347        47.650
E19  27209211.080        2620.180   142985377.52747        43.950
E20  13206774.380        1281.911    69402068.44147        47.950
E30  22554512.420       -1645.485   118524866.06848        51.250
G05  21042667.880       -2016.270   110579991.63608        51.650
G07  24524259.260       -3015.548   128875916.61807        46.800
G13  20612867.560        1132.771   108321407.77908        50.600
G15  22274943.540        2589.445   117055652.34508        50.850
G20  21516441.420        1464.043   113069668.59508        49.700
G21  25644234.740         174.463   134761373.28406        39.350
G24  24718062.120        3228.800   129894301.99107        44.950
G28  21472325.400        -193.182   112837939.67608        50.600
G30  22255555.980       -2654.646   116953829.29308        50.800
R04  24010793.920       -4027.396   128576705.12307        43.500
R05  20102241.780       -2253.920   107458008.92607        47.100
R06  19678799.180        2051.482   105009865.80507        47.600
R07  23569220.620        4047.571   126167882.58507        46.400
R09  22534132.640        3779.271   120331134.26708        48.700
R15  21217418.440       -3441.274   113379642.99508        49.100
R16  19214064.020         868.710   102638298.74307        47.100
R23  24468806.280        -123.359   130891602.48507        42.850
> 2018 01 01 15 05 00.0000000  0 24
C05  40168964.400          31.309   161743777.15206        40.700
C10  40449461.820        -768.619   162873264.39406        38.100
E07  23950572.480       -1404.032   125861132.61048        51.350
E08  26058723.260       -2697.050   136939480.10947        43.100
E19  27059874.080        2611.181   142200607.44647        44.350
E20  13135839.740        1202.640    69029305.54047        47.550
E30  22651159.300       -1739.398   119032748.59348        51.250
G05  21162297.500       -2173.739   111208648.99408        51.700
G07  24696475.820       -3017.045   129780919.47507        43.750
G13  20550811.440        1040.859   107995302.33308        50.700
G15  22128782.640        2530.313   116287571.25308        51.600
G20  21438067.060        1280.842   112657809.70708        49.850
G21  25638219.540          35.961   134729759.66606        40.550
G24  24534963.840        3185.538   128932116.26407        42.800
G28  21488613.680        -377.127   112923534.02008        50.800
G30  22408627.860       -2707.132   117758226.55608        50.900
R04  24237828.440       -4076.304   129792458.55106        37.200
R05  20234042.520       -2442.339   108162560.06407        47.200
R06  19568473.840        1871.531   104421150.99907        47.750
R07  23342614.840        4037.904   124954850.46407        46.700
R09  22324599.200        3678.780   119212243.17608        48.050
R15  21413214.020       -3531.772   114425915.22908        49.050
R16  19171626.420         642.839   102411604.99207        47.500
R23  24482317.020        -358.206   130963872.50907        44.800
> 2018 01 01 15 10 00.0000000  0 24
C05  40166605.740          31.874   161734281.29206        40.700
C10  40506796.180        -770.502   163104124.97606        38.600
E07  24033348.280       -1496.143   126296119.55648        51.750
E08  26213578.080       -2727.641   137753246.20647        47.900
E19  26911142.620        2598.497   141419018.77947        45.300
E20  13069536.100        1119.082    68680876.52347        47.900
E30  22753011.560       -1828.164   119567985.04948        51.550
G05  21290735.580       -2325.019   111883596.57908        51.850
G07  24868687.100       -3015.838   130685894.04107        43.100
G13  20494092.780         945.448   107697245.08208        50.750
G15  21986121.500        2466.563   115537881.84208        51.300
G20  21370288.360        1092.734   112301629.99208        50.050
G21  25640035.460         -99.814   134739300.86007        43.850
G24  24354409.120        3139.124   127983296.31707        46.250
G28  21515351.240        -559.572   113064045.71708        50.150
G30  22564545.640       -2754.582   118577576.88208        50.950
R04  24467400.240       -4118.216   131021795.64006        36.600
R05  20376294.040       -2626.490   108922976.11007        47.150
R06  19468556.660        1680.961   103887974.63007        47.150
R07  23116819.780        4018.420   123746150.31707        47.550
R09  22120915.400        3570.850   118124583.45908        48.550
R15  21613751.620       -3610.546   115497529.49407        47.300
R16  19141818.160         418.968   102252375.26207        47.550
R23  24508956.080        -591.563   131106379.84107        44.400
> 2018 01 01 15 15 00.0000000  0 23
C05  40164202.420          32.662   161724606.34506        40.500
C10  40564205.340        -770.452   163335292.35606        36.600
E07  24121359.080       -1587.228   126758621.96248        51.500
E08  26370091.580       -2755.178   138575731.57747        45.450
E19  26763228.360        2582.654   140641730.14847        45.250
E20  13008094.560        1032.690    68357998.77248        48.200
E30  22859768.280       -1911.055   120128995.86448        51.400
G05  21427606.600       -2468.888   112602859.40608        51.900
G07  25040715.480       -3010.464   131589908.53906        40.300
G13  20442899.040         847.521   107428221.24308        50.600
G15  21847231.120        2398.520   114808009.01408        51.600
G20  21313360.160         901.080   112002471.43808        49.950
G21  25649560.920        -233.273   134789360.69607        43.600
G24  24176549.460        3091.445   127048642.05907        44.400
G28  21552420.500        -738.673   113258845.67308        50.800
G30  22723008.440       -2796.174   119410310.51808        49.700
R05  20528712.520       -2804.300   109737739.13107        46.800
R06  19379624.480        1481.159   103413413.71607        47.550
R07  22892376.940        3989.762   122544690.49008        48.100
R09  21923478.720        3456.660   117070283.82808        49.100
R15  21818374.380       -3677.211   116590969.35007        47.400
R16  19124488.820         198.744   102159807.91407        46.900
R23  24548575.760        -820.595   131318317.88307        43.800
> 2018 01 01 15 20 00.0000000  0 22
C05  40161754.680          32.949   161714750.64206        40.900
C10  40621620.840        -770.577   163566477.07606        36.850
E07  24214580.400       -1678.561   127248500.96948        51.400
E08  26528118.640       -2780.754   139406168.47647        44.900
E19  26616355.760        2562.161   139869908.61947        46.050
E20  12951742.620         940.956    68061868.45947        47.600
E30  22971125.760       -1989.383   120714183.85448        51.000
G05  21572507.960       -2606.274   113364319.09008        51.800
G07  25212397.780       -3003.752   132492103.55906        38.100
G13  20397419.700         745.303   107189224.49208        50.400
G15  21712391.000        2324.542   114099421.13508        51.600
G20  21267497.200         705.177   111761460.62208        49.900
G21  25666644.180        -364.694   134879132.47207        43.300
G24  24001527.920        3039.822   126128898.40207        45.600
G28  21599659.380        -915.671   113507087.86508        50.750
G30  22883734.080       -2833.778   120254924.30708        50.150
R05  20690972.080       -2977.029   110605109.72407        47.050
R06  19302224.560        1270.763   103000393.56308        48.000
R07  22669854.920        3949.673   121353522.18007        46.900
R09  21732664.960        3335.139   116051351.45508        49.250
R15  22026445.440       -3733.529   117702838.31907        46.750
R16  19119434.820         -17.992   102132810.21507        46.850
> 2018 01 01 15 25 00.0000000  0 23
C05  40159265.020          33.942   161704725.89006        40.900
C10  40678974.040        -768.887   163797411.50805        35.850
E07  24312973.280       -1768.421   127765560.09448        51.550
E08  26687509.700       -2803.050   140243772.52647        42.250
E19  26470757.840        2537.892   139104786.25947        46.300
E20  12900706.160         846.069    67793671.81747        47.350
E30  23086781.840       -2061.741   121321960.48948        50.700
G05  21725014.420       -2735.446   114165747.20808        51.950
G13  20357847.500         640.336   106981271.25908        50.200
G15  21581892.740        2246.261   113413648.08708        51.650
G17  25423244.340        2566.119   133600052.20406        37.900
G18  25600080.540        3070.511   134529327.32106        38.700
G20  21232873.040         507.338   111579510.55508        50.000
G21  25691101.440        -492.244   135007658.14906        40.700
G24  23829481.620        2986.734   125224789.42207        45.950
G28  21656870.800       -1088.107   113807735.66708        50.150
G30  23046449.980       -2866.173   121110002.45408        50.000
R05  20862711.840       -3142.259   111523156.05407        46.700
R06  19236874.040        1052.526   102651672.28507        47.350
R07  22449856.560        3899.532   120175855.08607        47.950
R09  21548829.500        3208.183   115069684.21508        48.750
R15  22237356.900       -3778.511   118829882.28007        46.850
R16  19126402.840        -229.436   102170032.76207        46.800
> 2018 01 01 15 30 00.0000000  0 23
C05  40156734.540          34.194   161694539.36906        41.000
E07  24416486.320       -1857.588   128309523.62248        51.550
E08  26848111.540       -2822.726   141087736.45346        41.850
E19  26326677.040        2509.185   138347637.39647        46.750
E20  12855204.560         747.396    67554558.10747        47.500
E30  23206433.100       -2129.021   121950732.65348        50.550
G05  21884680.340       -2856.735   115004796.98908        51.600
G13  20324374.740         531.878   106805371.15708        50.300
G15  21456033.220        2162.345   112752252.76508        51.200
G17  25276745.200        2565.104   132830198.23906        37.400
G18  25426266.620        3017.643   133615928.93507        42.750
G20  21209615.840         307.401   111457291.66708        49.800
G21  25722720.480        -615.308   135173820.16806        41.550
G24  23660537.440        2931.578   124336986.37207        44.550
G28  21723820.660       -1256.478   114159558.93908        50.250
G30  23210900.320       -2894.408   121974197.21708        49.050
R05  21043532.700       -3300.293   112489749.13907        46.700
R06  19184048.840         825.581   102369785.26307        47.900
R07  22233005.600        3837.577   119015027.35208        48.450
R09  21372302.180        3075.314   114127039.15508        49.600
R15  22450523.640       -3813.687   119968982.86707        46.200
R16  19145092.540        -435.011   102269867.85707        47.350
R24  24463664.080         957.759   130818202.46806        37.400
> 2018 01 01 15 35 00.0000000  0 23
C05  40154163.220          34.535   161684188.19506        41.000
E07  24525049.920       -1945.920   128880031.88148        51.400
E14  24413759.800        5572.785   128295174.91847        46.700
E19  26184362.480        2475.393   137599771.18547        46.900
E20  12815446.660         644.493    67345626.98347        47.750
E30  23329776.240       -2191.581   122598905.12948        50.600
G05  22051038.240       -2970.417   115879014.27408        51.550
G13  20297190.940         419.535   106662518.54608        50.700
G15  21335114.700        2072.534   112116822.52108        51.600
G17  25130578.640        2554.535   132062082.63006        37.850
G18  25255671.240        2957.556   132719441.68506        41.650
G20  21197803.800         105.902   111395215.65908        50.200
G21  25761257.840        -734.437   135376336.30507        42.350
G24  23494814.720        2873.545   123466112.15707        45.250
G28  21800238.360       -1420.288   114561137.72408        50.700
G30  23376842.180       -2918.928   122846225.03908        49.400
R05  21233001.920       -3450.954   113502569.43607        46.600
R06  19144174.760         591.285   102157010.44707        47.650
R07  22019943.360        3763.532   117874493.67808        49.550
R09  21203381.840        2936.873   113225018.48408        49.250
R15  22665389.080       -3839.738   121117158.65607        45.900
R16  19175156.800        -634.913   102430467.62007        47.500
R24  24416297.660         729.795   130564912.30306        40.150
> 2018 01 01 15 40 00.0000000  0 25
C05  40151554.120          35.330   161673684.07906        41.350
C10  40850014.120        -760.244   164486082.49914        28.850
C11  26949594.980        1495.266   108514854.98705        35.650
E07  24638586.460       -2031.776   129476670.08748        51.300
E14  24094225.680        5618.958   126616013.51347        47.050
E19  26044074.760        2437.955   136862557.69047        46.600
E20  12781635.420         538.966    67167950.58747        47.150
E30  23456514.200       -2248.087   123264916.09348        50.500
G05  22223609.200       -3074.440   116785880.18608        51.500
G13  20276485.760         304.871   106553711.13708        50.300
G15  21219447.940        1978.262   111508990.85608        51.500
G17  24985290.660        2533.900   131298592.20306        39.550
G18  25088708.840        2890.517   131842054.66007        43.400
G20  21197469.560         -94.653   111393461.42308        50.350
G21  25806446.480        -848.222   135613798.50407        42.650
G24  23332428.900        2814.548   122612767.68907        46.150
G28  21885826.400       -1577.596   115010906.37508        50.100
G30  23544048.020       -2938.875   123724896.58908        48.750
R05  21430658.400       -3592.040   114559154.95207        46.600
R06  19117631.520         351.620   102015370.11207        47.900
R07  21811342.360        3678.271   116757842.50408        49.550
R09  21042345.060        2794.713   112365091.08208        50.100
R15  22881426.520       -3855.557   122271595.49207        46.600
R16  19216215.680        -826.503   102649795.44707        47.700
R24  24381833.460         497.646   130380618.56606        40.200
> 2018 01 01 15 45 00.0000000  0 24
C05  40148908.460          35.748   161663032.69306        41.350
C11  26840583.900        1430.055   108075911.79906        40.050
E07  24757000.640       -2116.288   130098941.04248        51.100
E14  23772436.240        5652.230   124925002.82547        42.650
E19  25906081.360        2395.490   136137397.32947        47.000
E20  12753964.640         429.964    67022539.02147        47.700
E30  23586351.300       -2299.760   123947215.49948        50.700
G05  22401898.560       -3170.180   117722795.74008        51.450
G13  20262442.180         186.623   106479914.72608        50.600
G15  21109345.840        1878.111   110930402.30408        51.700
G17  24841435.780        2504.144   130542637.14407        45.400
G18  24925798.640        2815.719   130985954.32207        46.750
G19  25816736.680        3077.667   135667873.00006        39.500
G20  21208597.920        -294.981   111451940.78508        49.950
G24  23173483.120        2753.590   121777504.66007        47.650
G28  21980256.740       -1729.573   115507142.22308        50.500
G30  23712303.840       -2955.401   124609088.45708        48.300
R05  21636012.560       -3724.721   115656889.03407        46.300
R06  19104738.460         106.396   101946572.26107        47.750
R07  21607892.720        3580.175   115668754.87108        49.800
R09  20889433.780        2648.128   111548559.12408        49.950
R15  23098136.800       -3863.210   123429630.02807        42.400
R16  19267850.760       -1010.977   102925623.24107        47.150
R24  24360504.040         261.946   130266559.14406        40.250
> 2018 01 01 15 50 00.0000000  0 25
C05  40146226.300          36.111   161652234.98106        41.000
C10  40962597.520        -750.481   164939393.71605        30.550
C11  26736649.380        1358.979   107657412.81806        41.200
E07  24880183.400       -2198.982   130746270.06348        51.100
E14  23449136.460        5671.740   123226054.40446        41.300
E19  25770653.880        2348.100   135425720.93747        47.850
E20  12732613.560         317.705    66910336.37347        47.950
E30  23718997.320       -2346.490   124644274.64548        50.350
G05  22585399.600       -3257.163   118687100.06708        51.450
G13  20255238.460          65.184   106442060.45908        50.000
G15  21005123.080        1772.286   110382706.84308        51.700
G17  24699572.920        2464.138   129797144.72807        45.350
G18  24767352.220        2733.894   130153320.34607        45.950
G19  25639912.920        3115.967   134738658.70807        45.050
G20  21231120.660        -493.797   111570299.15508        50.350
G24  23018075.780        2690.663   120960832.50208        48.000
G28  22083175.360       -1875.125   116047983.91708        50.250
G30  23881409.480       -2968.744   125497746.14807        47.700
R05  21848549.620       -3848.018   116793018.98807        46.800
R06  19105754.440        -143.136   101951992.88007        47.750
R07  21410293.820        3469.277   114610993.75408        50.550
R09  20744862.060        2497.972   110776553.28608        50.300
R15  23315049.440       -3863.024   124588745.46006        40.850
R16  19329616.040       -1187.311   103255562.47507        47.350
R24  24352469.380          24.174   130223595.40406        41.400
> 2018 01 01 15 55 00.0000000  0 26
C05  40143510.600          36.942   161641300.80406        41.700
C10  41018287.180        -744.266   165163644.77306        36.400
C11  26638224.840        1282.464   107261100.26406        40.300
E07  25008014.160       -2278.842   131418022.96348        51.200
E14  23125128.480        5677.169   121523380.07348        48.450
E19  25638072.380        2296.125   134729001.54347        47.650
E20  12717750.020         202.794    66832231.17247        47.550
E30  23854169.160       -2387.979   125354608.38648        50.200
G05  22773600.620       -3334.464   119676101.66008        51.300
G13  20255046.980         -58.687   106441050.11008        50.900
G15  20907095.740        1661.259   109867569.96508        51.700
G17  24560261.660        2414.896   129065063.60807        46.950
G18  24613786.940        2644.914   129346332.18507        46.100
G19  25461154.320        3145.205   133799279.24107        43.350
G20  21264924.460        -689.758   111747939.16308        50.500
G24  22866298.080        2626.726   120163240.88807        47.600
G28  22194207.520       -2013.479   116631464.30808        50.200
G30  24051181.660       -2978.392   126389899.86308        48.100
R05  22067734.740       -3961.328   117964690.17607        46.000
R06  19120873.260        -394.918   102032669.56007        47.300
R07  21219264.800        3345.978   113588401.83208        50.550
R09  20608810.900        2345.255   110050045.76008        50.500
R15  23531726.500       -3854.635   125746603.27106        41.850
R16  19401041.620       -1354.583   103637106.38807        46.950
R17  24346701.660        2262.843   130284144.21006        37.050
R24  24357822.600        -214.632   130252222.85406        40.500
> 2018 01 01 16 00 00.0000000  0 27
C05  40140762.520          37.306   161630236.19406        41.350
C10  41073514.580        -737.824   165386024.93206        36.950
C11  26545728.120        1199.813   106888655.72106        39.950
E07  25140357.540       -2356.762   132113491.19948        51.350
E14  22801268.980        5666.538   119821493.30947        45.750
E19  25508621.340        2238.612   134048734.67947        47.900
E20  12709530.300          84.996    66789032.80247        47.650
E30  23991591.020       -2425.139   126076763.27248        50.300
G05  22965981.920       -3403.295   120687070.79008        50.950
G12  25579917.740        4001.893   134423383.01307        45.400
G13  20262027.240        -185.799   106477734.56408        50.300
G15  20815578.960        1544.441   109386645.61408        51.900
G17  24424063.120        2355.340   128349337.05507        47.700
G18  24465510.300        2548.820   128567139.89307        46.350
G19  25281011.300        3164.402   132852626.43907        46.050
G20  21309846.420        -882.927   111984004.92308        50.200
G24  22718237.360        2560.649   119385178.30607        47.800
G28  22312960.000       -2145.226   117255511.52808        49.900
G30  24221446.660       -2985.771   127284647.35707        45.900
R05  22293017.160       -4064.957   119168949.49407        46.500
R06  19150220.340        -648.704   102189271.17507        47.550
R07  21035531.620        3209.094   112604865.24908        50.800
R09  20481428.580        2189.596   109369831.72108        50.550
R15  23747759.080       -3839.749   126901011.87106        41.650
R16  19481638.500       -1513.747   104067640.28607        47.500
R17  24224457.300        2096.758   129630012.02106        38.850
R24  24376584.400        -453.522   130352550.78006        39.650
> 2018 01 01 16 05 00.0000000  0 26
C05  40137981.880          37.280   161619039.25207        42.300
C11  26459557.880        1112.161   106541688.32106        41.600
E07  25277064.200       -2432.144   132831888.44348        50.900
E14  22478476.260        5639.384   118125209.33347        46.650
E19  25382588.320        2175.875   133386426.89947        47.850
E20  12708089.020         -34.765    66781460.03047        47.250
E30  24130990.860       -2457.855   126809315.70548        50.050
G05  23162018.300       -3463.068   121717246.62408        50.950
G12  25351226.560        4008.904   133221613.92807        44.100
G13  20276330.600        -315.685   106552897.77508        50.250
G15  20730881.880        1421.956   108941558.27708        51.650
G17  24291532.600        2285.982   127652885.35808        49.400
G18  24322926.580        2445.250   127817848.62707        45.900
G19  25100052.320        3173.517   131901684.36707        43.900
G20  21365674.180       -1072.244   112277380.69408        50.150
G24  22573971.740        2493.330   118627055.85808        48.350
G28  22439019.640       -2269.835   117917958.96808        49.750
G30  24392045.060       -2990.421   128181145.74907        47.550
R05  22523824.480       -4158.698   120402748.23207        44.500
R06  19193848.940        -903.146   102422079.69807        47.550
R07  20859822.760        3059.166   111664283.09608        50.450
R09  20362828.600        2032.077   108736518.61208        50.350
R15  23962765.300       -3819.164   128049731.82014        29.850
R16  19570900.940       -1663.708   104544463.07807        47.650
R17  24111854.880        1918.630   129027437.75006        38.750
R24  24408701.000        -690.933   130524292.64706        39.900
> 2018 01 01 16 10 00.0000000  0 26
C05  40135173.640          37.785   161607730.98307        42.000
C11  26380101.920        1019.736   106221753.18806        41.700
E07  25417977.320       -2504.146   133572392.46248        50.700
E14  22157732.560        5594.677   116439693.35247        47.800
E19  25260268.340        2108.552   132743631.02848        48.100
E20  12713553.140        -156.658    66810175.03747        47.150
E30  24272112.220       -2485.410   127550916.86748        49.100
G05  23361187.960       -3513.033   122763889.95708        50.650
G12  25122331.920        4008.647   132018788.75207        45.750
G13  20298098.480        -447.288   106667288.31608        50.450
G15  20653313.720        1294.688   108533936.51408        51.600
G17  24163226.220        2207.399   126978633.75208        49.750
G18  24186428.260        2335.678   127100547.95207        47.600
G19  24918868.920        3172.342   130949560.43807        44.350
G20  21432155.980       -1255.993   112626744.04708        50.350
G24  22433577.940        2425.021   117889285.96308        48.500
G28  22571967.440       -2386.452   118616602.23208        49.800
G30  24562833.620       -2991.989   129078649.80407        46.550
R05  22759581.580       -4241.377   121663003.70807        44.100
R06  19251744.700       -1156.232   102731024.10407        47.200
R07  20692872.060        2896.647   110770582.85308        50.650
R09  20253099.260        1874.038   108150568.97708        50.350
R15  24176395.560       -3790.981   129191323.29005        30.650
R16  19668318.660       -1804.093   105064851.81707        47.250
R17  24009530.360        1729.965   128479882.93806        36.950
R24  24454053.940        -925.102   130766815.07606        38.050
> 2018 01 01 16 15 00.0000000  0 27
C05  40132335.720          38.383   161596305.19006        41.750
C10  41235960.520        -714.079                          26.650
C11  26307717.280         922.460   105930293.90406        40.650
E07  25562921.720       -2573.253   134334082.88748        50.600
E14  21840076.820        5530.917   114770402.86148        48.250
E19  25141951.720        2035.682   132121874.41848        48.000
E20  12726024.080        -280.368    66875711.96947        47.150
E30  24414702.240       -2509.272   128300229.61148        49.650
G05  23562962.380       -3554.372   123824224.62908        49.500
G12  24893664.420        4000.941   130817139.10107        47.600
G13  20327452.480        -581.321   106821544.88908        50.500
G15  20583170.200        1161.897   108165330.98208        51.700
G17  24039686.940        2119.002   126329430.93408        49.550
G18  24056397.440        2218.793   126417233.46707        47.650
G19  24738059.120        3160.153   129999402.80307        44.600
G20  21508989.560       -1434.738   113030509.04508        50.300
G24  22297124.580        2355.272   117172219.13708        48.450
G28  22711365.260       -2495.778   119349145.21908        49.350
G30  24733677.680       -2992.349   129976443.41907        42.400
R05  22999694.860       -4313.943   122946545.30807        43.550
R06  19323816.200       -1407.212   103115611.57907        47.050
R07  20535400.440        2720.994   109927624.55108        50.750
R09  20152286.080        1714.844   107612233.09108        50.250
R10  24336285.520        3537.400   129726103.92007        43.150
R16  19773371.040       -1935.451   105626021.19307        47.200
R17  23918085.940        1530.535   127990500.48605        35.150
R24  24512447.880       -1155.728   131079074.62206        39.750
> 2018 01 01 16 20 00.0000000  0 26
C05  40129471.220          38.612   161584772.54306        41.050
C11  26242745.580         820.635   105668680.15207        42.950
E07  25711716.840       -2639.196   135116001.33048        50.250
E14  21526614.340        5447.213   113123145.52348        48.150
E19  25027934.320        1957.570   131522710.50047        47.600
E20  12745590.360        -405.368    66978530.20347        47.000
E30  24558518.720       -2528.824   129055990.11248        48.550
G05  23766821.960       -3586.401   124895508.35008        50.100
G12  24665658.860        3985.220   129618975.96107        46.950
G13  20364503.340        -717.281   107016249.55808        49.950
G15  20520741.420        1024.097   107837263.82608        51.400
G17  23921450.660        2021.548   125708094.79008        49.700
G18  23933204.060        2095.962   125769850.62107        46.050
G19  24558240.680        3137.222   129054454.59607        45.650
G20  21595836.780       -1606.963   113486895.18108        49.300
G24  22164678.540        2284.523   116476209.43508        48.550
G28  22856775.140       -2597.384   120113279.24308        48.650
G30  24904458.360       -2990.227   130873896.53507        45.450
R05  23243568.400       -4375.570   124250187.66607        43.650
R06  19409903.860       -1654.886   103574990.01407        47.000
R07  20388121.340        2532.625   109139228.96908        50.600
R09  20060408.100        1555.712   107121610.60508        50.650
R10  24138779.160        3480.250   128673289.71707        42.750
R16  19885538.900       -2057.760   106225202.95707        47.050
R17  23838070.700        1321.739   127562326.64906        38.750
R24  24583625.760       -1381.058   131459695.85906        37.700
> 2018 01 01 16 25 00.0000000  0 27
C05  40126580.940          39.092   161573136.13906        41.400
C11  26185498.640         715.107   105438173.38007        44.200
E07  25864164.940       -2701.024   135917122.74948        50.200
E14  21218508.600        5343.155   111504043.30647        47.350
E19  24918509.840        1875.054   130947680.21548        48.350
E20  12772316.480        -530.864    67118978.49347        47.500
E30  24703329.720       -2543.900   129816977.43448        49.000
G05  23972243.640       -3608.847   125975006.31208        49.800
G12  24438760.280        3962.287   128426618.79207        47.700
G13  20409343.660        -853.894   107251885.59008        50.600
G15  20466302.020         882.244   107551184.17508        51.850
G17  23809038.940        1915.282   125117367.47908        50.600
G18  23817202.100        1967.202   125160253.52207        47.600
G19  24380040.760        3103.706   128118010.62507        46.550
G20  21692319.600       -1771.870   113993915.23108        49.750
G24  22036301.040        2212.952   115801581.89908        50.800
G28  23007750.780       -2690.497   120906659.90408        49.150
G30  25075063.800       -2986.054   131770429.21206        41.650
R05  23490599.920       -4426.182   125570711.52307        42.650
R06  19509775.840       -1897.229   104107925.63907        47.500
R07  20251728.520        2332.746   108409108.69108        50.950
R09  19977450.300        1397.579   106678623.14208        50.600
R10  23944598.380        3419.669   127638196.59007        44.050
R16  20004306.100       -2170.319   106859636.90807        47.400
R17  23769987.080        1105.536   127197959.03406        38.700
R18  24192655.080        3173.556   129142020.29906        39.950
R24  24667263.860       -1599.980   131906951.15805        33.200
> 2018 01 01 16 30 00.0000000  0 27
C05  40123668.260          39.566   161561408.43107        42.050
C11  26136266.180         605.967   105239935.71506        41.650
E07  26020064.640       -2759.434   136736380.36948        50.000
E14  20916988.740        5216.775   109919544.82548        48.600
E19  24813971.120        1787.045   130398327.00548        48.350
E20  12806252.280        -657.515    67297312.22147        46.800
E30  24848915.580       -2555.429   130582038.73348        48.550
G05  24178715.440       -3622.529   127060021.57608        49.100
G12  24213411.100        3931.570   127242408.08108        49.050
G13  20462048.520        -992.129   107528852.87308        50.750
G15  20420116.440         735.617   107308476.43408        51.900
G17  23702959.220        1800.161   124559919.24208        49.800
G18  23708725.380        1832.623   124590210.20207        47.400
G19  24204099.440        3058.536   127193431.99907        45.550
G20  21798026.560       -1929.533   114549405.53708        50.250
G24  21912052.960        2140.282   115148657.25308        50.850
G28  23163845.020       -2776.240   121726944.02708        48.750
G30  25245397.000       -2979.685   132665445.72016        38.150
R05  23740188.480       -4466.073   126904898.09507        42.950
R06  19623135.420       -2133.824   104712834.34607        46.950
R07  20126894.180        2120.813   107740859.25308        50.550
R08  24092665.280        4232.066   129015145.79006        37.800
R09  19903370.420        1240.310   106283040.21408        50.250
R10  23753961.400        3354.925   126621996.97807        45.850
R16  20129164.480       -2274.177   107526608.77707        46.850
R17  23714281.500         881.225   126899867.32206        41.900
R18  24016681.640        3087.053   128202664.12206        37.750
> 2018 01 01 16 35 00.0000000  0 27
C05  40120733.000          39.452   161549590.65806        41.900
C11  26095304.720         493.200   105075003.44407        42.800
E07  26179199.500       -2814.739   137572641.55748        49.750
E14  20623334.060        5067.020   108376381.59648        48.950
E19  24714606.240        1693.385   129876161.34148        48.700
E20  12847422.220        -784.907    67513662.37047        46.850
E30  24995066.140       -2563.982   131350061.88648        49.650
G05  24385728.140       -3628.194   128147876.72908        49.300
G10  25425109.220        3016.623   133609850.41517        42.250
G12  23990055.400        3892.307   126068673.75708        48.050
G13  20522672.400       -1131.550   107847433.23908        50.600
G15  20382427.560         584.288   107110421.66708        51.900
G17  23603699.900        1676.104   124038308.56508        50.250
G18  23608089.460        1692.172   124061364.88807        47.600
G19  24031059.220        3001.607   126284104.19107        46.500
G20  21912510.000       -2079.638   115151021.44608        50.050
G24  21791991.520        2065.921   114517729.62008        51.050
G28  23324611.860       -2854.604   122571776.32608        49.400
R05  23991727.740       -4495.781   128249515.12907        42.650
R06  19749619.320       -2364.282   105387775.40707        47.900
R07  20014254.560        1897.326   107137891.49508        50.500
R08  23856731.140        4188.871   127751724.45506        40.150
R09  19838092.580        1084.006   105934460.17608        50.600
R10  23567067.280        3286.321   125625756.00007        45.550
R16  20259613.520       -2369.791   108223443.36807        47.200
R17  23671335.340         649.999   126670054.42207        45.100
R18  23845985.660        2985.256   127291479.20107        44.100
> 2018 01 01 16 40 00.0000000  0 27
C05  40117776.760          39.562   161537687.22906        41.700
C11  26062842.200         377.612   104944294.23006        38.950
E07  26341347.240       -2865.566   138424730.71648        49.850
E14  20338879.800        4893.817   106881563.08048        49.350
E19  24620698.740        1595.250   129382672.84748        48.650
E20  12895831.500        -911.566    67768053.57447        47.000
E30  25141579.520       -2568.875   132119997.42447        47.100
G05  24592779.200       -3624.604   129235936.14208        48.550
G10  25255682.780        2916.906   132719507.07307        43.800
G12  23769138.340        3845.646   124907744.79208        49.450
G13  20591249.300       -1271.348   108207806.37708        50.750
G15  20353462.120         429.461   106958205.48408        52.000
G17  23511726.440        1544.390   123554985.71908        50.200
G18  23515584.340        1547.271   123575244.24808        48.000
G19  23861572.240        2933.687   125393445.35007        46.800
G20  22035297.160       -2220.885   115796270.52208        49.300
G24  21676171.100        1991.058   113909090.24308        50.900
G28  23489603.780       -2924.870   123438815.80508        48.700
R05  24244618.400       -4514.649   129601345.91506        40.350
R06  19888803.360       -2586.191   106130487.79107        47.300
R07  19914409.100        1663.789   106603414.05408        50.500
R08  23623493.980        4134.994   126502749.68106        39.300
R09  19781514.280         930.073   105632337.46208        50.150
R10  23384103.540        3214.846   124650455.47507        47.100
R16  20395165.380       -2456.632   108947537.04607        46.950
R17  23641467.280         413.898   126510262.11006        38.550
R18  23681400.380        2868.944   126412911.97007        47.550
> 2018 01 01 16 45 00.0000000  0 28
C05  40114802.220          40.124   161525711.93006        41.750
C11  26039079.060         259.816   104848608.08806        41.350
E01  28514240.380        2572.337   149843343.56647        44.950
E07  26506276.460       -2911.889   139291441.44848        49.200
E14  20065006.600        4696.439   105442351.75048        49.650
E19  24532527.680        1492.727   128919330.48448        48.600
E20  12951465.240       -1037.356    68060410.30447        47.050
E30  25288271.380       -2570.025   132890867.72147        47.850
G05  24799379.100       -3612.088   130321625.45007        47.150
G10  25092174.640        2809.494   131860273.29206        41.700
G12  23551099.840        3791.571   123761948.62008        49.600
G13  20667794.120       -1410.471   108610051.06208        50.600
G15  20333425.500         271.774   106852912.96308        52.100
G17  23427483.520        1405.615   123112286.58608        50.650
G18  23431475.020        1398.354   123133251.41008        48.000
G19  23696293.680        2854.669   124524900.98907        47.750
G20  22165890.320       -2352.745   116482539.05208        50.000
G24  21564648.220        1915.658   113323033.80808        51.400
G28  23658383.740       -2987.030   124325761.08907        47.800
R05  24498265.840       -4523.352   130957223.29105        35.950
R06  20040210.040       -2798.487   106938423.45807        47.350
R07  19827915.800        1421.280   106140406.24608        50.700
R08  23393640.240        4068.763   125271900.93106        40.100
R09  19733510.580         779.169   105376001.10008        50.300
R10  23205236.820        3140.848   123696998.78507        47.250
R16  20535351.020       -2534.542   109696382.77707        47.100
R17  23624929.260         174.965   126421766.36107        44.700
R18  23523752.620        2738.545   125571378.41007        46.800
> 2018 01 01 16 50 00.0000000  0 27
C05  40111810.720          40.086   161513664.41607        42.400
C11  26024175.600         139.858   104788598.26007        44.400
E01  28368306.780        2539.732   149076460.02047        44.350
E07  26673747.800       -2954.551   140171508.31848        48.850
E14  19803130.820        4473.697   104066186.78048        49.900
E19  24450360.640        1385.148   128487542.19748        48.300
E20  13014283.600       -1163.248    68390524.22047        46.950
E30  25434962.740       -2568.683   133661735.67447        46.700
G05  25005045.020       -3591.770   131402401.71008        48.000
G10  24935068.180        2693.163   131034672.82307        42.850
G12  23336376.820        3729.552   122633573.93008        50.000
G13  20752295.900       -1549.857   109054111.62808        50.650
G15  20322497.840         110.620   106795487.30708        52.300
G17  23351384.500        1259.259   122712385.28908        50.350
G18  23355999.800        1245.117   122736625.86908        48.450
G19  23535874.760        2763.472   123681896.06007        47.650
G20  22303765.340       -2475.886   117207081.01108        49.200
G24  21457475.060        1838.763   112759839.62608        50.950
G28  23830515.960       -3042.106   125230322.69307        47.700
R06  20203307.000       -3001.707   107808738.88807        46.800
R07  19755273.860        1169.873   105751547.82808        50.550
R08  23167876.160        3988.964   124062942.84207        43.150
R09  19693928.660         630.501   105164633.75408        50.400
R10  23030616.540        3064.022   122766175.04307        47.600
R16  20679714.700       -2605.276   110467545.48807        47.250
R17  23621901.200         -67.467   126405566.42307        45.750
R18  23373853.020        2593.450   124771206.07407        47.250
> 2018 01 01 16 55 00.0000000  0 27
C05  40108801.820          40.575   161501550.75106        41.800
C11  26018261.160          18.763   104764788.01807        43.650
E01  28224258.640        2506.273   148319489.21647        46.300
E07  26843514.760       -2992.368   141063637.87748        48.650
E14  19554696.500        4225.600   102760656.67648        49.650
E19  24374458.780        1273.274   128088674.58248        48.750
E20  13084227.380       -1287.149    68758081.42047        46.950
E30  25581488.380       -2564.184   134431732.63147        46.950
G05  25209304.420       -3562.807   132475782.55907        47.800
G10  24784834.000        2568.870   130245183.67307        42.450
G12  23125401.200        3660.344   121524891.12408        50.400
G13  20844723.340       -1688.062   109539819.95508        50.750
G15  20320834.660         -52.722   106786747.81508        52.200
G17  23283815.080        1106.842   122357305.75108        50.100
G18  23289365.540        1088.558   122386457.75208        48.650
G19  23380966.800        2661.532   122867848.81307        47.850
G20  22448385.140       -2589.006   117967058.75408        49.550
G24  21354707.260        1761.288   112219789.01608        51.000
G28  24005574.440       -3089.492   126150260.77807        47.600
R06  20377516.760       -3193.786   108738355.06507        47.400
R07  19696926.420         911.277   105439211.39408        50.700
R08  22946921.280        3896.853   122879736.22807        43.350
R09  19662594.120         485.484   104997311.10708        50.550
R10  22860373.760        2985.411   121858688.04407        47.000
R16  20827820.220       -2667.969   111258702.79107        45.950
R17  23632492.620        -310.444   126462244.93407        44.150
R18  23232495.700        2434.767   124016631.00407        46.750
> 2018 01 01 17 00 00.0000000  0 28
C05  40105779.820          40.478   161489382.56707        42.850
C11  26021435.220        -103.965   104777567.41306        40.050
C13  41213255.640        1474.520   165948691.75806        38.800
E01  28082181.480        2470.867   147572870.97647        45.750
E07  27015326.200       -3026.235   141966512.19848        48.600
E14  19321163.480        3951.574   101533431.08548        49.700
E19  24305071.660        1156.667   127724043.11248        49.050
E20  13161216.320       -1409.994    69162661.76647        46.950
E30  25727696.140       -2557.672   135200057.47347        44.600
G05  25411699.340       -3526.572   133539363.82807        46.050
G10  24641929.460        2436.310   129494217.92407        44.600
G12  22918599.620        3583.222   120438140.96408        50.600
G13  20945022.340       -1825.645   110066893.61008        50.900
G15  20328566.360        -218.584   106827376.83608        52.200
G17  23225129.520         947.957   122048912.56208        50.900
G18  23231747.280         929.059   122083675.55708        48.450
G19  23232214.040        2547.758   122086148.30908        48.400
G20  22599193.560       -2692.909   118759562.90708        48.700
G24  21256399.800        1682.418   111703177.59608        51.600
G28  24183143.980       -3130.216   127083393.95607        46.800
R06  20562222.220       -3375.176   109723979.36007        47.000
R07  19653254.180         646.160   105205429.22208        50.600
R08  22731509.360        3790.954   121726222.99107        43.550
R09  19639317.160         343.503   104873014.28808        50.550
R10  22694625.040        2904.295   120975158.69407        47.850
R16  20979257.320       -2724.047   112067651.16507        46.250
R17  23656742.200        -554.335   126592003.81007        46.750
R18  23100450.660        2262.036   123311766.69707        47.500
> 2018 01 01 17 05 00.0000000  0 29
C05  40102745.480          40.578   161477165.20307        42.750
C11  26033755.040        -227.272   104827178.35205        34.850
C13  41104176.960        1452.982   165509482.60006        38.000
E01  27942148.580        2434.541   146836995.67747        45.800
E07  27188924.200       -3055.203   142878775.41948        48.800
E14  19103987.340        3652.361   100392165.71248        50.150
E19  24242435.520        1036.477   127394887.24248        48.900
E20  13245148.080       -1530.392    69603724.02747        47.150
E30  25873441.900       -2548.532   135965960.71546        39.700
G05  25611783.460       -3482.123   134590798.65007        47.000
G10  24506795.900        2296.306   128784090.63007        46.150
G12  22716387.440        3499.393   119375511.71308        50.300
G13  21053114.040       -1961.266   110634917.96908        51.050
G15  20345792.080        -385.565   106917898.16108        52.400
G17  23175646.320         784.325   121788877.46608        51.050
G18  23183288.760         767.793   121829023.61708        49.300
G19  23090249.880        2423.465   121340124.19307        47.650
G20  22755624.920       -2786.245   119581612.40708        48.600
G24  21162607.980        1602.834   111210299.93408        51.550
G28  24362817.280       -3163.540   128027586.23407        43.800
R06  20756770.160       -3544.117   110762123.11707        47.400
R07  19624564.180         376.526   105051848.86208        50.650
R08  22522389.020        3671.936   120606390.33207        45.700
R09  19623888.460         205.943   104790625.03708        50.550
R10  22533467.800        2822.014   120116103.59407        47.800
R16  21133632.360       -2773.011   112892294.18007        46.750
R17  23694609.280        -796.628   126794645.59107        43.950
R18  22978455.300        2076.866   122660553.40507        46.200
R19  24419904.100        3742.996   130630024.53505        32.650
> 2018 01 01 17 10 00.0000000  0 29
C05  40099699.160          40.952   161464900.65806        41.800
C11  26055247.720        -350.074   104913717.84107        42.500
C13  40996770.060        1430.078   165076997.20606        38.950
E01  27804223.640        2397.116   146112202.31147        46.200
E07  27364045.460       -3079.352   143799042.86448        48.200
E14  18904606.820        3328.359    99344416.71748        49.900
E19  24186770.620         912.772   127102367.20148        48.900
E20  13335896.660       -1648.575    70080612.77847        46.700
E30  26018596.160       -2536.615   136728748.08647        42.650
G05  25809125.220       -3430.494   135627820.55707        44.750
G10  24379854.620        2149.510   128117006.26407        47.150
G12  22519171.180        3408.414   118339135.70508        50.900
G13  21168894.700       -2094.677   111243351.68508        50.800
G15  20372580.080        -553.354   107058672.17208        52.200
G17  23135645.020         616.026   121578671.85608        50.350
G18  23144094.760         604.884   121623054.92708        49.000
G19  22955694.080        2288.420   120633026.48708        49.300
G20  22917100.240       -2869.375   120430174.46908        48.050
G24  21073389.100        1522.463   110741452.92708        51.450
G28  24544200.920       -3189.771   128980760.84007        42.750
R06  20960475.440       -3700.761   111849131.64507        47.400
R07  19611088.500         103.604   104979712.25608        50.700
R08  22320307.120        3539.765   119524256.56907        44.500
R09  19616083.320          72.389   104748945.94408        50.700
R10  22376982.480        2738.375   119281950.71907        47.350
R16  21290575.080       -2815.469   113730655.21707        46.850
R17  23745988.100       -1036.268   127069583.26807        44.300
R18  22867212.860        1879.902   122066734.06007        46.700
R19  24210032.720        3737.458                          30.300
> 2018 01 01 17 15 00.0000000  0 30
C05  40096645.160          41.009   161452603.98507        42.400
C08  40817049.640         977.155   164353359.74806        38.500
C11  26085902.600        -472.826   105037153.14506        41.800
C13  40891148.720        1405.177   164651707.36106        40.550
E01  27668467.600        2358.678   145398801.46647        45.100
E04  28245399.720        2775.145   148430586.21046        40.900
E07  27540425.060       -3099.203   144725925.84147        47.850
E14  18724426.380        2980.118    98397560.05148        50.550
E19  24138285.440         785.173   126847576.40748        48.750
E20  13433321.420       -1764.380    70592581.89747        46.600
E30  26163039.240       -2523.233   137487801.54847        44.100
G10  24261502.400        1995.671   127495064.36407        46.050
G12  22327347.820        3310.603   117331099.94208        51.000
G13  21292241.860       -2226.229   111891545.13608        50.700
G15  20408972.460        -721.766   107249913.43308        52.200
G17  23105371.180         443.792   121419581.13608        50.650
G18  23114235.700         440.909   121466150.79307        47.850
G19  22829149.600        2142.930   119968032.10408        48.800
G20  23083042.540       -2942.645   121302202.62708        48.250
G24  20988806.020        1440.474   110296965.72108        51.400
G28  24726914.040       -3210.039   129940924.31607        44.850
R06  21172630.300       -3844.649   112981232.03607        47.050
R07  19612983.100        -171.584   104989856.18708        50.550
R08  22126021.620        3393.796   118483864.32207        44.800
R09  19615669.240         -57.042   104746735.16708        50.550
R10  22225235.480        2653.764   118473056.25208        48.650
R16  21449742.980       -2852.208   114580899.06907        46.400
R17  23810700.440       -1271.908   127415867.63707        45.800
R18  22767383.960        1670.946   121533841.44507        46.900
R19  24000854.640        3718.859   128388377.67405        34.900
> 2018 01 01 17 20 00.0000000  0 30
C05  40093582.080          41.428   161440272.68006        41.800
C08  40745851.220         934.192   164066670.18006        39.250
C11  26125673.280        -594.412   105197293.28207        43.400
C13  40787425.800        1379.163   164234059.52606        38.650
E01  27534925.720        2320.003   144697039.12247        45.950
E04  28088023.480        2737.813   147603555.95946        40.150
E07  27717792.540       -3113.522   145657995.04248        48.100
E14  18564784.900        2609.385    97558641.51748        50.150
E19  24097166.260         655.152   126631493.92548        48.700
E20  13537255.340       -1876.218    71138757.75247        46.850
E30  26306661.620       -2507.724   138242538.89647        42.850
G10  24152109.560        1836.137   126920202.14207        46.150
G12  22141297.300        3206.640   116353397.38508        51.350
G13  21423004.520       -2354.146   112578706.94808        51.100
G15  20454972.080        -889.512   107491643.81408        52.000
G17  23085023.220         268.826   121312655.51008        50.100
G18  23093745.360         277.076   121358469.65608        48.550
G19  22711194.800        1988.007   119348178.24208        48.900
G20  23252861.120       -3004.921   122194609.42707        46.650
G24  20908917.640        1358.274   109877152.54308        51.500
G28  24910586.900       -3223.278   130906132.11507        43.850
R06  21392504.860       -3974.835   114154523.55707        46.200
R07  19630320.360        -446.778   105082659.20308        50.450
R08  21940278.940        3234.972   117489218.44207        45.850
R09  19622400.440        -181.596   104782679.76308        50.400
R10  22078274.480        2568.885   117689670.17708        48.700
R16  21610810.820       -2882.705   115441294.48207        45.100
R17  23888494.680       -1502.328   127832161.91407        42.250
R18  22679577.760        1452.331   121065125.82408        48.250
R19  23793186.240        3685.023   127277493.42606        39.550
> 2018 01 01 17 25 00.0000000  0 31
C05  40090513.080          41.215   161427914.98806        41.400
C08  40677928.780         889.406   163793172.91006        40.000
C11  26174479.860        -715.296   105393819.26706        39.900
C13  40685712.780        1351.145   163824502.22307        42.350
E01  27403639.740        2279.697   144007128.86047        46.600
E04  27932972.360        2693.784   146788762.20246        41.550
E07  27895873.900       -3124.193   146593822.02747        47.600
E14  18426946.860        2216.484    96834297.46348        49.900
E19  24063583.440         521.170   126455013.58648        49.050
E20  13647515.840       -1985.783    71718179.92647        47.050
E30  26449364.960       -2491.288   138992448.57247        42.050
G10  24052018.120        1669.923   126394216.17007        46.800
G12  21961385.220        3095.615   115407955.32308        51.500
G13  21561011.580       -2480.056   113303937.93108        50.850
G15  20510554.080       -1057.345   107783728.29208        51.750
G17  23074763.200          90.396   121258736.23208        50.750
G18  23082615.440         112.951   121299984.44008        48.450
G19  22602385.380        1822.684   118776379.69808        49.100
G20  23425973.520       -3058.028   123104318.18907        47.750
G24  20833791.640        1273.769   109482359.73208        51.800
G25  25697956.500        3749.938   135043683.78406        41.850
G28  25094865.900       -3231.675   131874528.50107        42.000
R06  21619355.900       -4092.740   115365039.95807        47.100
R07  19663087.780        -722.048   105258067.83408        50.600
R08  21763820.840        3062.350   116544293.62607        46.950
R09  19636027.380        -302.611   104855446.47008        50.800
R10  21936132.980        2482.493   116931979.66308        48.850
R16  21773482.060       -2909.248   116310253.21807        46.400
R17  23979058.880       -1727.494   128316791.93907        45.300
R18  22604351.140        1223.536   120663562.51007        47.600
R19  23587867.900        3634.726   126179186.98606        40.950
> 2018 01 01 17 30 00.0000000  0 30
C05  40087440.060          41.076   161415539.71207        42.200
C08  40613353.560         843.592   163533158.08306        37.900
C11  26232211.420        -834.373   105626276.94406        37.100
C13  40586116.900        1322.044   163423474.38006        39.200
E01  27274642.380        2239.089   143329242.06848        48.000
E04  27780561.160        2644.169   145987842.84847        45.850
E07  28074398.080       -3129.721   147531968.41847        46.850
E14  18312071.000        1804.697    96230621.91348        49.750
E19  24037686.420         385.281   126318923.80348        48.800
E20  13763901.620       -2091.462    72329792.02747        46.850
E30  26591063.060       -2473.553   139737076.97446        38.800
G10  23961536.740        1498.929   125918732.96507        47.350
G12  21787963.180        2978.756   114496615.90508        51.600
G13  21706069.580       -2601.785   114066223.81208        50.600
G15  20575659.500       -1223.607   108125860.67908        51.500
G17  23074707.000         -89.197   121258441.44308        50.550
G18  23080805.220         -49.648   121290465.28208        48.550
G19  22503244.640        1648.698   118255394.26508        49.400
G20  23601794.920       -3100.479   124028261.92507        46.250
G24  20763495.020        1188.397   109112949.77508        51.550
G25  25484509.540        3726.462   133922026.18607        42.350
R06  21852427.700       -4196.891   116608758.94207        46.300
R07  19711193.960        -994.517   105515583.97408        50.550
R08  21597375.620        2877.049   115652987.76107        46.400
R09  19656296.560        -418.629   104963682.98708        50.650
R10  21798834.140        2396.111   116200098.25808        49.350
R16  21937482.640       -2930.823   117186315.71807        45.750
R17  24082019.020       -1944.896   128867754.13407        44.750
R18  22542202.120         986.381   120331809.20607        47.650
R19  23385758.980        3569.855   125098038.58907        42.350
> 2018 01 01 17 35 00.0000000  0 30
C05  40084364.300          41.056   161403154.68307        42.450
C08  40552193.660         797.358   163286894.05306        37.300
C11  26298718.920        -950.889   105894079.72907        42.400
C13  40488746.240        1291.319   163031402.83706        40.300
E01  27147957.060        2198.513   142663507.42148        48.650
E04  27631107.520        2590.029   145202454.43647        47.550
E07  28253088.400       -3130.084   148470989.11447        44.050
E14  18221191.520        1376.214    95753046.09548        50.750
E19  24019603.380         247.553   126223898.78448        48.950
E20  13886194.480       -2192.664    72972444.79247        47.000
G10  23880939.300        1323.664   125495192.48207        47.100
G12  21621361.220        2856.656   113621119.43108        51.400
G13  21857964.640       -2719.323   114864436.79208        50.600
G15  20650197.260       -1387.680   108517557.99208        51.900
G17  23084928.820        -269.375   121312158.10608        50.700
G18  23088228.580        -210.259   121329477.73308        48.650
G19  22414264.280        1466.887   117787799.93308        49.700
G20  23779744.300       -3132.546   124963394.30707        46.400
G24  20698100.380        1101.916   108769299.43108        51.700
G25  25272542.540        3697.880   132808139.08507        42.550
G28  25463912.080       -3230.039                          37.750
R06  22090961.140       -4287.034   117881620.58607        45.350
R07  19774462.200       -1262.874   105854264.40508        50.650
R08  21441651.060        2679.847   114819091.43607        46.700
R09  19682952.580        -529.881   105106027.26908        50.300
R10  21666384.200        2310.251   115494069.90408        49.300
R16  22102562.340       -2947.888   118068145.35707        44.700
R17  24196943.480       -2153.771   129482735.35407        43.150
R18  22493563.940         742.941   120072176.62007        47.200
R19  23187721.940        3489.512   124038676.16207        45.700
> 2018 01 01 17 40 00.0000000  0 29
C05  40081287.160          41.407   161390764.34607        42.750
C08  40494510.900         750.921   163054630.28906        37.200
C11  26373828.220       -1064.932   106196512.55507        43.000
C13  40393701.620        1259.559   162648699.46206        41.050
E01  27023600.500        2157.870   142010008.83847        47.800
E04  27484925.560        2530.175   144434262.45247        47.800
E07  28431669.560       -3125.519   149409435.48146        39.700
E14  18155192.600         933.722    95406223.51548        49.950
E19  24009440.260         108.266   126170490.43748        48.850
E20  14014158.460       -2289.355    73644898.83447        46.800
G10  23810461.620        1144.744   125124832.21007        46.700
G12  21461891.300        2729.255   112783100.15508        51.450
G13  22016460.280       -2832.639   115697336.48408        50.300
G15  20734041.960       -1549.248   108958165.59508        51.450
G17  23105457.740        -449.834   121420039.40408        50.500
G18  23104765.500        -368.657   121416381.93107        47.950
G19  22335894.920        1277.427   117375967.13008        49.650
G20  23959248.400       -3154.710   125906693.99407        46.500
G24  20637682.680        1014.387   108451802.29908        51.700
G25  25062368.100        3664.243   131703664.60107        42.300
R06  22334193.260       -4363.510   119179550.43907        44.900
R07  19852634.780       -1525.836   106272728.71608        50.650
R08  21297327.000        2470.589   114046248.61107        46.750
R09  19715742.100        -636.550   105281118.71008        50.550
R10  21538781.160        2224.391   114813873.52508        49.250
R16  22268495.720       -2960.865   118954529.03707        44.350
R17  24323345.480       -2353.573   130159136.83507        43.500
R18  22458799.500         493.388   119886602.36907        47.850
R19  22994628.740        3393.828   123005757.66207        47.050
> 2018 01 01 17 45 00.0000000  0 28
C05  40078210.280          41.313   161378375.32907        42.350
C08  40440358.840         702.993   162836582.14906        36.500
C11  26457330.640       -1176.050   106532740.27706        40.600
C13  40301082.820        1226.375   162275766.12906        39.850
E01  26901579.960        2116.907   141368794.09548        48.000
E04  27342333.480        2464.266   143684942.81747        46.050
E14  18114795.860         479.973    95193934.27948        50.350
E19  24007278.580         -32.614   126159129.43448        48.750
E20  14147542.020       -2382.338    74345836.19347        46.100
G10  23750299.740         962.726   124808681.31707        46.100
G12  21309842.760        2596.884   111984078.01008        51.950
G13  22181301.140       -2941.434   116563581.40208        50.300
G15  20827038.040       -1707.993   109446861.88608        51.350
G17  23136280.160        -629.764   121582012.26208        50.350
G18  23130257.640        -523.825   121550341.98108        48.050
G19  22268547.060        1081.065   117022052.22308        49.450
G20  24139740.440       -3166.925   126855183.82707        45.400
G24  20582319.500         925.123   108160867.78808        51.400
G25  24854295.160        3624.510   130610238.48807        44.150
R06  22581360.720       -4426.990   120498480.63907        44.550
R07  19945376.300       -1782.455   106769181.71308        50.150
R08  21165054.060        2249.749   113337927.55007        47.650
R09  19754412.060        -739.122   105487615.46908        50.500
R10  21416010.340        2138.773   114159435.42008        49.700
R16  22435076.660       -2970.676   119844375.53407        44.300
R17  24460692.020       -2544.138   130894108.96207        45.750
R18  22438199.500         239.248   119776638.64307        47.400
R19  22807351.920        3282.342   122003954.47307        46.350
> 2018 01 01 17 50 00.0000000  0 28
C05  40075135.540          41.420   161365995.25107        42.600
C08  40389787.640         654.707   162632921.94606        36.950
C11  26548990.000       -1283.779   106901817.59606        40.300
C13  40210988.880        1192.067   161912992.35106        41.100
E01  26781901.020        2076.181   140739875.12448        48.250
E04  27203653.880        2393.469   142956174.51447        47.100
E14  18100535.540          18.967    95118997.64448        50.350
E19  24013175.760        -173.716   126190120.30948        49.100
E20  14286081.480       -2470.124    75073865.26547        46.550
G10  23700608.800         778.414   124547548.88008        48.000
G12  21165481.180        2460.330   111225454.63708        51.700
G13  22352214.720       -3045.052   117461737.63608        50.000
G15  20928997.580       -1862.952   109982663.52108        51.300
G17  23177338.940        -808.113   121797779.57208        50.550
G18  23164508.080        -675.142   121730327.75808        48.950
G19  22212585.200         879.024   116727972.01708        49.700
G20  24320663.020       -3169.317   127805940.10507        44.900
G24  20532094.160         834.616   107896928.03508        51.850
G25  24648629.680        3580.048   129529464.98707        45.650
R06  22831704.700       -4476.407   121834365.67307        44.000
R07  20052278.280       -2030.908   107341432.68908        50.550
R08  21045437.140        2019.120   112697384.04107        47.100
R09  19798717.840        -836.948   105724204.77308        50.500
R10  21298048.860        2053.925   113530635.98408        49.850
R16  22602124.140       -2977.310   120736713.30007        43.650
R17  24608411.520       -2723.535   131684586.51406        37.900
R18  22431979.040         -17.826   119743434.49407        47.550
R19  22626762.560        3155.688   121037925.90207        46.800
> 2018 01 01 17 55 00.0000000  0 28
C05  40072063.100          41.235   161353624.46706        41.950
C08  40342843.660         605.323   162443895.11906        36.850
C11  26648545.600       -1387.965   107302683.86106        41.800
C13  40123508.020        1156.189   161560745.19007        42.300
E01  26664555.120        2035.039   140123219.47448        48.200
E04  27069200.720        2316.208   142249621.13347        47.300
E14  18112751.460        -447.204    95183193.00248        50.050
E19  24027163.140        -315.972   126263626.08248        48.600
E20  14429496.420       -2553.289    75827515.05247        46.100
G10  23661494.940         592.108   124342003.59407        47.300
G12  21029047.980        2319.029   110508493.03708        51.750
G13  22528907.880       -3144.047   118390265.52908        50.050
G15  21039702.560       -2014.461   110564419.56808        51.450
G17  23228534.240        -984.907   122066810.56708        50.400
G18  23207282.860        -822.438   121955110.97807        47.800
G19  22168324.080         671.186   116495377.95208        49.750
G20  24501469.720       -3163.095   128756082.53707        44.650
G24  20487087.520         742.114   107660419.70408        51.650
G25  24445669.620        3529.714   128462902.53607        44.800
R01  24335853.940        3964.976   130089084.47707        43.300
R06  23084474.600       -4513.124   123183191.71107        43.050
R07  20172858.160       -2270.538   107986907.29508        50.350
R08  20939036.320        1777.998   112127613.20607        47.600
R09  19848417.820        -931.408   105989600.64608        50.300
R10  21184865.120        1968.783   112927303.15108        49.750
R16  22769476.280       -2981.669   121630674.01007        42.850
R18  22440273.400        -277.247   119787713.02007        46.650
R19  22453722.420        3013.040   120112278.97907        46.600
> 2018 01 01 18 00 00.0000000  0 28
C05  40068997.740          41.269   161341280.40506        41.500
C08  40299563.860         556.427   162269633.05905        35.650
C11  26755711.220       -1487.815   107734197.52107        42.950
C13  40038733.460        1119.544   161219394.57106        41.300
E01  26549534.860        1994.776   139518783.87348        49.200
E04  26939293.880        2234.156   141566955.94247        47.400
E14  18151581.840        -912.941    95387248.56548        49.600
E19  24049251.340        -457.602   126379698.17848        48.800
E20  14577499.340       -2630.732    76605274.40447        46.000
G10  23633026.020         405.551   124192398.72507        47.300
G12  20900760.960        2174.895   109834344.14608        51.900
G13  22711076.300       -3237.016   119347565.96208        49.550
G15  21158908.280       -2160.870   111190850.58608        51.750
G17  23289726.700       -1158.346   122388384.18308        49.950
G18  23258318.780        -964.312   122223306.65008        48.350
G19  22136029.940         459.840   116325673.03508        49.800
G20  24681628.520       -3146.855   129702820.37507        45.200
G24  20447392.780         648.506   107451820.57708        52.000
G25  24245705.960        3475.113   127412089.18007        46.150
R01  24115950.360        3869.872   128913576.60307        42.350
R06  23338930.820       -4536.362   124541017.44107        43.050
R07  20306576.720       -2499.500   108702711.87808        50.450
R08  20846362.640        1529.171   111631348.69907        47.750
R09  19903284.620       -1021.072   106282585.96608        50.250
R10  21076425.200        1885.126   112349256.82808        50.200
R16  22936993.320       -2983.200   122525521.62307        42.450
R18  22463144.520        -536.377   119909798.17207        46.750
R19  22289083.700        2855.958   119231572.89607        47.050
> 2018 01 01 18 05 00.0000000  0 29
C05  40065937.980          40.986   161328960.67407        42.350
C08  40259984.820         505.922   162110260.49506        40.050
C11  26870178.000       -1584.117   108195107.02806        40.500
C13  39956748.520        1081.267   160889274.60907        42.600
E01  26436820.920        1954.151   138926469.12448        48.900
E04  26814243.340        2145.945   140909806.58648        48.450
E14  18216952.360       -1376.455    95730774.51948        48.950
E19  24079418.220        -599.300   126538226.38448        48.900
E20  14729786.300       -2703.901    77405548.99947        45.450
G10  23615217.960         218.117   124098818.99807        47.100
G12  20780809.100        2026.927   109203990.56808        51.600
G13  22898394.900       -3324.574   120331932.49808        49.400
G15  21286340.000       -2302.729   111860507.86108        51.550
G17  23360737.980       -1328.883   122761547.26308        50.600
G18  23317314.160       -1101.515   122533330.40007        47.400
G19  22115912.560         244.543   116219954.06508        50.250
G20  24860616.160       -3122.400   130643406.97707        42.950
G24  20413095.680         552.797   107271590.17308        51.800
G25  24049017.280        3415.041   126378489.95107        44.000
R01  23901784.820        3760.354   127768734.17507        46.000
R06  23594342.100       -4547.724   125903937.58807        43.600
R07  20452829.280       -2717.904   109485614.46008        50.200
R08  20767860.460        1272.117   111210977.72407        47.650
R09  19963095.280       -1107.656   106601970.82708        50.200
R10  20972685.460        1801.573   111796265.79008        50.700
R16  23104553.760       -2983.604   123420596.45607        43.100
R18  22500567.260        -795.005   120109564.69007        47.900
R19  22133674.200        2683.734   118400238.07007        47.700
R20  24463562.420        4150.683   130817667.78206        41.150
> 2018 01 01 18 10 00.0000000  0 30
C05  40062886.460          40.698   161316674.38107        42.400
C08  40224130.180         455.919   161965888.56406        40.150
C11  26991616.960       -1675.400   108684092.16906        41.250
C13  39877633.520        1041.956   160570713.85906        41.550
E01  26326391.920        1914.322   138346163.08548        49.450
E04  26694354.080        2052.639   140279788.23247        47.800
E14  18308585.960       -1832.924    96212312.03248        48.850
E19  24117620.380        -739.321   126738979.23348        49.050
E20  14886048.160       -2770.465    78226709.04747        45.350
G10  23608043.940          32.611   124061118.84007        47.300
G12  20669353.280        1876.829   108618287.20308        51.750
G13  23090529.900       -3406.104   121341606.13908        48.800
G15  21421698.020       -2438.957   112571822.49108        51.350
G17  23441349.240       -1494.911   123185163.60908        50.000
G18  23383939.880       -1232.040   122883450.27507        46.750
G19  22108125.620          27.501   116179035.67608        49.400
G20  25037928.440       -3088.670   131575184.10807        43.250
G24  20384290.840         455.650   107120219.35208        51.900
G25  23855877.800        3350.223   125363534.39007        46.600
G32  25578623.180        3574.492   134416575.20917        42.350
R01  23694100.100        3638.002   126658543.14407        45.650
R06  23849992.880       -4545.834   127268139.61406        40.800
R07  20610963.960       -2923.949   110332120.10508        50.000
R08  20703915.680        1009.229   110868551.97207        47.800
R09  20027640.240       -1190.092   106946641.21308        50.050
R10  20873601.560        1719.160   111268094.96008        50.300
R16  23272054.160       -2981.590   124315352.48307        42.350
R18  22552443.520       -1050.831   120386483.54807        46.950
R19  21988300.020        2497.865   117622584.25707        47.950
R20  24229753.420        4181.838   129567391.14806        39.900
> 2018 01 01 18 15 00.0000000  0 29
C05  40059844.720          41.099   161304427.17707        42.000
C08  40192022.540         406.379   161836602.36106        40.750
C13  39801466.580        1002.598   160264020.86807        42.900
E01  26218222.020        1875.764   137777725.08648        50.000
E04  26579928.260        1955.271   139678476.87348        48.400
E14  18426004.040       -2278.411    96829348.99848        48.700
E19  24163786.380        -877.404   126981585.35048        48.850
E20  15045965.080       -2830.651    79067076.07947        45.400
G10  23611427.980        -150.525   124078902.73107        47.550
G12  20566527.560        1725.484   108077934.46308        51.700
G13  23287131.520       -3480.304   122374754.51508        49.050
G15  21564661.680       -2568.295   113323098.55008        51.700
G17  23531309.520       -1655.380   123657908.72108        49.600
G18  23457837.380       -1355.310   123271780.88807        47.800
G19  22112768.940        -189.910   116203435.52308        49.750
G20  25213073.980       -3045.824   132495576.36007        42.800
G24  20361071.940         357.812   106998204.20208        51.850
G25  23666546.840        3282.303   124368592.63607        46.050
G32  25375166.860        3552.673   133347405.13107        42.650
R01  23493643.800        3503.583   125586990.31407        47.200
R06  24105185.700       -4530.429   128629891.38307        42.500
R07  20780280.620       -3116.184   111238485.79408        50.250
R08  20654837.200         742.436   110605741.85508        48.300
R09  20096724.860       -1268.395   107315545.30808        50.350
R10  20779128.060        1638.564   110764499.69808        50.000
R16  23439408.500       -2977.819   125209331.32107        42.850
R18  22618596.780       -1302.318   120739611.68607        47.250
R19  21853733.620        2299.204   116902747.42507        46.850
R20  23994573.280        4200.122   128309779.10206        39.050
> 2018 01 01 18 20 00.0000000  0 29
C05  40056814.920          40.417   161292225.87907        42.600
C08  40163674.900         354.982   161722463.35606        39.100
C13  39728318.960         960.928   159969486.66307        42.100
E01  26112278.740        1836.229   137220993.17348        49.750
E04  26471257.280        1851.267   139107405.73148        48.900
E14  18568540.100       -2712.196    97578382.17648        48.000
E19  24217821.440       -1014.980   127265539.04248        48.850
E20  15209209.760       -2886.884    79924934.09747        44.650
G10  23625249.100        -332.782   124151531.69407        47.400
G12  20472436.340        1570.979   107583483.67008        51.600
G13  23487841.080       -3549.825   123429489.45008        48.050
G15  21714884.520       -2693.101   114112523.09208        51.800
G17  23630334.000       -1812.335   124178286.44808        49.400
G18  23538619.820       -1473.262   123696296.85207        45.350
G19  22129882.340        -409.079   116293366.67108        49.600
G20  25385580.260       -2995.948   133402095.32607        43.600
G24  20343534.840         256.605   106906044.34608        51.850
G25  23481273.320        3208.190   123394976.14507        47.500
G32  25173203.280        3521.963   132286081.22507        45.750
R01  23301157.360        3354.233   124558038.32607        47.050
R06  24359240.820       -4504.778   129985564.96006        40.050
R07  20960041.980       -3296.515   112200761.37108        50.050
R08  20620863.340         470.263   110423812.87407        47.400
R09  20170163.220       -1345.225   107707702.58708        50.250
R10  20689219.260        1557.023   110285234.12908        50.500
R16  23606549.060       -2974.029   126102161.00206        38.400
R18  22698774.640       -1549.730   121167610.72207        47.700
R19  21730710.960        2086.242   116244657.84308        48.550
R20  23758788.220        4203.460   127048928.25806        41.200
> 2018 01 01 18 25 00.0000000  0 28
C05  40053798.120          40.386   161280077.87407        42.850
C08  40139100.520         304.337   161623508.95306        40.800
C13  39658259.200         919.258   159687385.54007        42.600
E01  26008529.960        1798.326   136675787.96048        50.300
E04  26368622.980        1743.233   138568057.77048        49.050
E14  18735354.860       -3129.278    98454998.11747        47.650
E19  24279602.880       -1149.298   127590203.29248        49.050
E20  15375451.140       -2936.766    80798536.39147        45.350
G10  23649339.400        -510.949   124278127.41107        47.800
G12  20387156.200        1416.152   107135333.89308        51.800
G13  23692289.440       -3612.048   124503873.79508        48.250
G15  21872001.220       -2810.574   114938180.16608        51.300
G17  23738108.520       -1962.718   124744643.17708        50.000
G18  23625878.120       -1583.091   124154847.11107        46.850
G19  22159449.140        -626.835   116448742.16608        49.750
G20  25554991.840       -2937.863   134292354.34206        39.550
G24  20331774.680         154.620   106844245.37408        52.100
G25  23300296.200        3130.902   122443935.17608        48.300
G32  24973170.100        3484.295   131234893.15607        47.100
R01  23117372.140        3192.910   123575598.71207        47.550
R07  21149476.960       -3461.917   113214823.92008        50.150
R08  20602152.120         197.177   110323612.07808        48.350
R09  20247786.760       -1418.137   108122207.03908        50.650
R10  20603830.340        1477.149   109830063.18108        50.600
R16  23773419.560       -2968.686   126993551.41006        38.750
R18  22792658.200       -1790.421   121668764.66207        46.500
R19  21619920.520        1862.339   115652005.24908        48.350
R20  23523187.940        4193.051   125789071.47107        42.750
> 2018 01 01 18 30 00.0000000  0 27
C05  40050795.520          40.051   161267986.28107        42.800
C08  40118298.520         253.695   161539748.45506        40.050
C13  39591349.780         876.416   159417967.21007        43.000
E01  25906935.960        1760.615   136141908.36548        49.900
E04  26272294.660        1630.438   138061849.97548        49.550
E14  18925451.280       -3527.670    99453962.19047        44.250
E19  24348984.940       -1281.156   127954805.20448        49.200
E20  15544349.760       -2979.931    81686103.19247        44.900
G10  23683486.580        -684.909   124457571.17507        47.550
G12  20310733.460        1260.791   106733727.71808        51.800
G13  23900100.220       -3667.504   125595921.47008        48.150
G15  22035630.740       -2921.149   115798053.55008        51.900
G17  23854288.860       -2106.886   125355174.80808        49.050
G18  23719183.480       -1685.004   124645160.92807        46.700
G19  22201395.060        -842.808   116669171.16108        49.450
G24  20325887.000          50.850   106813303.09408        51.950
G25  23123839.300        3049.755   121516648.69907        47.900
G32  24775513.620        3438.350   130196199.98707        46.050
R01  22943002.380        3018.708   122643494.92807        47.000
R07  21347790.280       -3613.197   114276403.60708        50.150
R08  20598777.480         -77.070   110305542.08908        48.350
R09  20329438.840       -1488.695   108558223.98708        50.250
R10  20522919.260        1397.802   109398758.88708        50.600
R16  23939978.320       -2962.970   127883276.53006        36.300
R18  22899856.100       -2023.643   122240995.22807        45.850
R19  21522000.040        1627.562   115128197.54107        47.850
R20  23288586.940        4167.508   124534552.08507        42.850
> 2018 01 01 18 35 00.0000000  0 28
C05  40047809.620          39.638   161255964.98207        42.600
C08  40101268.720         203.004   161471177.25606        37.850
C13  39527648.220         832.957   159161471.68307        42.550
E01  25807458.900        1723.937   135619154.29448        50.200
E04  26182532.340        1513.213   137590144.78248        49.500
E14  19137702.340       -3905.175   100569347.71246        41.000
E19  24425797.900       -1409.850   128358459.80248        48.900
E20  15715565.260       -3017.737    82585848.55747        43.500
G10  23727437.600        -854.536   124688531.99207        47.900
G12  20243186.720        1105.184   106378768.38608        51.800
G13  24110887.960       -3716.589   126703620.60907        46.900
G15  22205372.500       -3024.776   116690055.02608        51.550
G17  23978509.760       -2244.565   126007962.06108        49.350
G18  23818082.200       -1779.225   125164879.18207        44.600
G19  22255593.440       -1055.933   116953984.77608        49.150
G24  20325966.880         -54.497   106813723.05608        52.000
G25  22952116.520        2965.199   120614240.99908        48.100
G32  24580696.940        3384.615   129172439.76907        46.250
R01  22778746.240        2832.383   121765452.79807        47.100
R07  21554163.280       -3749.712   115381138.77308        49.750
R08  20610734.740        -350.131   110369573.85907        47.950
R09  20414980.040       -1556.711   109015009.88508        50.050
R10  20446449.240        1319.077   108991133.26608        50.350
R11  24104376.860        2859.556   128806471.14707        46.200
R16  24106198.340       -2956.678   128771193.56106        37.150
R18  23019920.880       -2248.474   122881908.38507        45.900
R19  21437530.540        1382.772   114676343.19507        47.500
R20  23055818.000        4127.239   123289833.01207        43.750
> 2018 01 01 18 40 00.0000000  0 28
C05  40044840.400          39.780   161244010.04707        42.750
C08  40087999.800         152.940   161417749.18806        38.400
C13  39467207.840         789.198   158918102.72007        42.450
E01  25710055.360        1688.278   135107293.93448        50.750
E04  26099575.700        1392.129   137154205.41748        49.550
E19  24509845.500       -1534.443   128800138.00048        48.450
E20  15888752.100       -3049.036    83495948.06747        44.250
E26  26789814.680        2786.451   140781427.14147        44.300
G10  23780892.000       -1017.770   124969439.05907        47.300
G12  20184504.060         950.487   106070388.48008        51.900
G13  24324261.420       -3758.123   127824905.78307        46.750
G15  22380813.240       -3120.588   117612002.01408        51.300
G17  24110380.580       -2374.578   126700945.60708        49.500
G18  23922107.100       -1864.245   125711533.04107        44.850
G19  22321857.640       -1265.013   117302205.72108        49.450
G24  20332103.740        -161.053   106845976.84208        51.350
G25  22785324.140        2877.153   119737742.45608        48.800
G32  24389194.640        3322.728   128166086.72507        47.150
R01  22625269.600        2635.022   120945030.93007        46.700
R07  21767766.040       -3870.981   116524566.81008        49.500
R08  20637931.160        -620.534   110515207.33007        47.500
R09  20504282.080       -1622.272   109491876.18908        49.900
R10  20374387.660        1241.316   108607004.87508        50.150
R11  23944362.480        2840.364   127951404.87307        44.550
R16  24272060.560       -2949.805   129657194.68106        36.950
R18  23152342.540       -2463.023   123588783.01107        44.900
R19  21367024.740        1129.886   114299185.18007        47.600
R20  22825728.920        4072.248   122059443.80507        44.350
> 2018 01 01 18 45 00.0000000  0 29
C05  40041890.880          39.423   161232133.86707        42.300
C08  40078479.340         102.708   161379410.59606        40.400
C13  39410076.140         744.464   158688058.51406        41.700
E01  25614683.260        1652.869   134606111.19648        50.600
E04  26023653.200        1267.038   136755231.77848        49.250
E14  19623605.800       -4590.926   103122744.39847        42.100
E19  24600917.100       -1655.593   129278715.89348        49.050
E20  16063563.580       -3074.395    84414589.16347        43.300
E26  26629308.840        2835.511   139937966.67847        43.250
G10  23843518.060       -1175.190   125298538.45007        47.300
G12  20134649.000         796.248   105808397.30708        51.900
G13  24539827.160       -3792.964   128957708.69107        45.200
G15  22561528.600       -3209.343   118561666.76308        51.250
G17  24249493.620       -2497.917   127431989.60008        49.250
G18  24030777.980       -1941.534   126282599.56607        46.900
G19  22399954.940       -1470.181   117712610.17608        49.800
G24  20344390.980        -269.699   106910542.84608        52.000
G25  22623648.780        2785.578   118888131.69008        48.700
G32  24201487.560        3251.927   127179684.83507        46.350
R01  22483208.020        2425.826   120185632.82208        48.000
R07  21987757.160       -3977.509   117702198.66808        48.350
R08  20680193.640        -887.678   110741519.69908        48.850
R09  20597233.620       -1686.574   109988233.63908        50.050
R10  20306711.040        1163.494   108246250.15508        50.550
R11  23785453.340        2820.556   127102243.77907        45.550
R16  24437557.700       -2943.758                          28.650
R18  23296563.920       -2667.760   124358647.45007        45.800
R19  21310929.580         869.299   113999112.94508        48.700
R20  22599183.840        4001.062   120848009.95707        44.700
> 2018 01 01 18 50 00.0000000  0 30
C05  40038961.720          39.117   161220339.69507        42.300
C08  40072683.960          52.910   161356074.21706        39.950
C13  39356295.860         699.156   158471507.00207        42.300
E01  25521299.280        1618.546   134115374.83748        50.500
E04  25954974.200        1138.377   136394318.71248        49.650
E19  24698771.680       -1772.085   129792946.87148        48.550
E20  16239652.020       -3093.735    85339941.66646        41.850
E26  26466135.900        2879.627   139080486.70447        44.550
G02  25529135.540        2265.661   134156523.77205        35.750
G06  25231346.860        2252.011   132591622.64015        32.850
G10  23914941.760       -1325.905   125673871.52107        47.350
G12  20093555.920         643.404   105592453.06208        52.000
G13  24757184.380       -3820.482   130099932.61407        42.750
G15  22747082.860       -3290.264   119536757.97308        51.450
G17  24395424.340       -2613.547   128198862.13108        48.100
G18  24143599.080       -2009.948   126875481.67206        41.200
G19  22489601.400       -1669.670   118183705.00608        48.950
G24  20362910.940        -379.691   107007866.42908        51.850
G25  22467259.280        2692.080   118066299.52108        49.400
G29  25473607.300        3826.930   133864709.58007        46.800
G32  24018068.060        3172.152   126215805.47007        47.300
R01  22353158.840        2206.920   119490442.68708        48.700
R07  22213293.820       -4068.944   118909512.30608        48.400
R08  20737265.860       -1149.114   111047138.14108        48.750
R09  20693737.060       -1748.955   110503555.49208        50.000
R10  20243402.000        1086.149   107908776.78108        50.550
R11  23627639.400        2801.223   126258936.79707        46.100
R18  23451981.440       -2861.564   125188276.50807        44.750
R19  21269614.120         602.942   113778105.11208        48.550
R20  22377058.120        3914.646   119660202.73507        45.950
> 2018 01 01 18 55 00.0000000  0 29
C05  40036054.320          38.857   161208633.11207        42.600
C08  40070586.280           3.396   161347632.80506        40.250
C13  39305903.620         653.556   158268596.95407        43.400
E01  25429860.360        1585.107   133634858.33348        50.750
E04  25893727.540        1006.922   136072464.59048        49.950
E19  24803154.580       -1883.941   130341484.07747        47.800
E20  16416670.400       -3106.998    86270179.71346        40.800
E26  26300613.340        2918.113   138210666.69647        46.200
G06  25104674.680        2184.437   131925954.80606        39.350
G10  23994756.820       -1468.971   126093305.22707        44.750
G12  20061135.100         492.731   105422082.95508        51.750
G13  24975935.060       -3841.490   131249469.68407        43.750
G15  22937031.040       -3363.017   120534943.50408        51.000
G17  24547735.360       -2721.025   128999263.08107        45.100
G18  24260070.600       -2069.095   127487538.57007        42.200
G19  22590467.900       -1862.885   118713761.31308        49.500
G24  20387745.200        -490.563   107138370.10808        51.750
G25  22316312.180        2595.760   117273064.35508        49.300
G29  25254315.080        3854.365   132712331.60607        45.350
G32  23839429.580        3084.656   125277053.17007        47.250
R01  22235671.000        1978.550   118862404.50607        47.900
R07  22443531.440       -4144.921   120141991.05207        47.800
R08  20808814.200       -1403.840   111430274.56108        48.250
R09  20793707.640       -1809.711   111037393.31708        49.800
R10  20184453.120        1008.836   107594546.25008        50.450
R11  23470914.960        2782.224   125421444.78707        46.450
R18  23617951.600       -3042.994   126074237.84607        44.800
R19  21243370.560         332.395   113637721.73307        47.400
R20  22160231.540        3812.374   118500735.01607        45.600
> 2018 01 01 19 00 00.0000000  0 30
C05  40033170.820          38.818   161197022.71807        42.900
C08  40072157.900         -45.314   161353957.86207        42.350
C13  39258931.160         607.623   158079459.29407        43.000
E01  25340323.760        1552.175   133164343.52948        50.650
E04  25840083.520         872.439   135790564.56848        50.000
E19  24913792.320       -1991.038   130922887.58548        48.950
E20  16594273.420       -3114.164    87203485.70247        42.700
E26  26133073.720        2950.921   137330242.64147        47.350
G02  25269707.000        2272.114   132793205.91915        32.450
G06  24982141.360        2107.178   131282039.25106        41.550
G10  24082529.240       -1604.213   126554548.19607        47.700
G12  20037274.060         343.931   105296691.98108        51.800
G13  25195675.960       -3855.377   132404213.05406        41.100
G15  23130924.600       -3428.115   121553861.46508        50.800
G17  24705980.380       -2821.181   129830843.37107        45.750
G18  24379681.080       -2119.495   128116095.80107        43.050
G19  22702184.300       -2049.310   119300834.04608        49.100
G24  20418968.900        -603.031   107302451.02608        51.800
G25  22170947.100        2496.849   116509171.19308        50.850
G29  25033703.240        3873.448   131553012.67207        46.650
G32  23666071.540        2987.646   124366053.30307        47.700
R01  22131245.560        1741.852   118304192.88007        47.850
R07  22677632.360       -4206.533   121395146.39207        47.200
R08  20894429.420       -1650.858   111888741.73208        48.800
R09  20897075.780       -1869.551   111589372.45108        49.600
R10  20129868.160         931.278   107303577.84108        50.550
R11  23315273.140        2762.897   124589747.21007        45.650
R18  23793799.360       -3212.395   127012926.90107        42.850
R19  21232410.140          58.550   113579088.79608        48.000
R20  21949589.600        3694.480   117374338.53407        45.600
> 2018 01 01 19 05 00.0000000  0 31
C05  40030312.220          38.309   161185512.66907        42.600
C08  40077357.600         -93.921   161374894.49506        41.750
C13  39215404.840         560.981   157904197.30907        43.350
E01  25252649.660        1519.799   132703613.83148        50.650
E04  25794190.260         735.401   135549393.97748        50.100
E19  25030391.980       -2092.799   131535621.60248        48.600
E20  16772114.200       -3114.978    88138045.11146        41.750
E26  25963853.960        2976.975   136440990.93447        45.900
G02  25140214.020        2262.483   132112716.58616        37.600
G06  24864304.640        2019.754   130662806.72107        44.100
G10  24177791.600       -1731.537   127055156.02307        46.600
G12  20021835.760         197.606   105215561.42408        51.950
G13  25416005.780       -3862.431   133562053.62906        37.950
G14  25470021.120        3430.210   133845853.93706        39.550
G15  23328308.320       -3485.231   122591117.51008        51.050
G17  24869700.700       -2912.956   130691205.02407        43.750
G18  24501916.820       -2161.326   128758450.26907        42.750
G19  22824340.480       -2228.716   119942773.16908        48.100
G24  20456649.020        -716.902   107500462.61008        51.900
G25  22031292.700        2395.626   115775281.01408        50.950
G29  24812229.580        3884.387   130389168.32107        47.050
G32  23498494.720        2882.015   123485430.37208        48.200
R01  22040325.940        1497.445   117818172.33408        49.250
R07  22914762.820       -4253.316   122664527.49307        45.600
R08  20993632.660       -1888.798   112419968.35508        48.600
R09  21003782.540       -1928.689   112159178.78008        49.900
R10  20079660.360         853.186   107035942.93908        50.200
R11  23160715.760        2743.516   123763838.96207        47.150
R18  23978821.680       -3369.503   128000589.28507        42.600
R19  21236856.660        -216.884   113602875.56008        48.100
R20  21746014.200        3560.610   116285730.32407        45.900
> 2018 01 01 19 10 00.0000000  0 31
C05  40027478.020          37.771   161174101.70607        42.250
C08  40086140.800        -141.689   161410260.51407        42.300
C13  39175343.700         514.244   157742887.21007        43.550
E01  25166797.800        1488.041   132252457.11048        50.950
E04  25756171.160         596.293   135349601.35748        50.350
E19  25152644.140       -2189.216   132178061.28148        48.600
E20  16949849.260       -3110.408    89072050.13046        40.400
E26  25793300.040        2997.197   135544722.77647        47.100
G02  25011536.020        2243.329   131436491.57006        37.600
G06  24751713.320        1923.110   130071134.89907        46.150
G10  24280054.300       -1849.572   127592546.90107        47.650
G12  20014660.740          54.188   105177857.01008        52.000
G13  25636527.540       -3862.081   134720858.20306        40.050
G14  25275223.380        3393.342   132822170.07706        41.600
G15  23528721.180       -3534.598   123644293.53108        50.650
G17  25038437.860       -2996.944   131577916.84207        45.450
G18  24626260.540       -2193.747   129411879.24607        42.950
G19  22956494.260       -2399.878   120637242.18708        48.450
G24  20500844.780        -831.708   107732712.64908        51.900
G25  21897457.220        2292.639   115071970.56308        51.400
G29  24590365.920        3886.840   129223270.72407        46.800
G32  23337194.760        2767.404   122637793.12208        49.150
R01  21963289.020        1246.923   117406367.32208        48.800
R07  23154103.540       -4285.753   123945736.54707        46.800
R08  21105875.680       -2116.424   113021028.38508        49.000
R09  21113778.940       -1987.097   112746553.14408        50.150
R10  20033854.200         774.491   106791768.71808        50.500
R11  23007244.300        2723.752   122943736.70308        48.100
R18  24172292.960       -3513.262   129033351.17707        43.400
R19  21256749.300        -492.339   113709288.71208        48.300
R20  21550379.680        3411.195   115239584.16807        45.950
> 2018 01 01 19 15 00.0000000  0 31
C05  40024674.040          37.293   161162810.60607        42.450
C08  40098462.400        -188.815   161459874.17907        42.000
C13  39138765.240         467.416   157595604.62807        42.650
E01  25082734.920        1457.084   131810704.37948        51.250
E04  25726130.500         455.839   135191739.00448        50.250
E19  25280231.700       -2279.549   132848535.83048        48.700
E20  17127144.400       -3099.795    90003739.20546        39.650
E26  25621767.900        3011.342   134643316.69447        46.300
G02  24884179.800        2216.246   130767240.95707        42.550
G06  24644907.880        1817.342   129509867.83507        46.650
G10  24388807.880       -1958.617   128164054.13207        46.700
G12  20015577.660         -85.811   105182674.66608        52.200
G13  25856856.700       -3855.721   135878689.09006        38.900
G14  25082734.880        3348.991   131810649.34307        42.300
G15  23731707.620       -3575.564   124710993.62108        50.750
G17  25211727.100       -3072.495   132488560.32807        45.050
G18  24752198.720       -2217.092   130073687.70107        44.300
G19  23098173.580       -2562.113   121381775.41007        47.900
G24  20551610.560        -947.048   107999486.91308        51.950
G25  21769541.380        2188.371   114399768.12608        51.800
G29  24368598.920        3881.119   128057872.30908        48.950
G32  23182670.000        2644.735   121825755.34208        49.950
R01  21900452.860         991.795   117070473.06108        48.300
R07  23394852.980       -4303.521   125234480.83507        46.900
R08  21230559.880       -2332.795   113688705.23507        47.950
R09  21227032.860       -2044.606   113351323.10008        49.300
R10  19992490.320         695.291   106571275.87808        50.250
R11  22854875.680        2704.208   122129522.83007        47.800
R18  24373477.840       -3643.816   130107290.39907        42.200
R19  21292047.120        -766.141   113898108.64007        47.600
R20  21363552.000        3246.570   114240534.65307        46.900
> 2018 01 01 19 20 00.0000000  0 29
C05  40021897.940          36.792   161151633.59407        42.350
C08  40114263.700        -235.236   161523505.79006        41.050
C13  39105678.720         420.528   157462376.23007        43.100
E01  25000426.040        1426.410   131378169.64448        50.950
E04  25704143.020         314.195   135076194.79148        50.100
E19  25412816.280       -2364.230   133545273.08147        47.900
E20  17303661.100       -3083.624    90931347.33346        41.550
E26  25449614.580        3018.900   133738648.50447        47.000
G02  24758658.340        2179.566   130107624.58806        40.300
G06  24544407.640        1702.055   128981736.30007        45.100
G10  24503522.360       -2058.529   128766879.30107        45.900
G12  20024390.700        -222.488   105228986.40308        52.200
G14  24893012.340        3296.402   130813652.78207        46.000
G15  23936804.020       -3608.558   125788783.59408        49.550
G17  25389103.660       -3140.022   133420679.63207        45.200
G18  24879214.140       -2231.944   130741159.31307        42.250
G19  23248879.740       -2716.073   122173739.18207        47.800
G24  20608984.320       -1063.162   108300987.05008        52.000
G25  21647623.940        2082.669   113759091.40408        51.600
G29  24147410.380        3866.571   126895526.36107        47.250
G32  23035401.660        2513.175   121051856.60508        49.350
R01  21852056.900         732.515   116811768.19508        48.450
R07  23636216.700       -4307.752   126526522.59207        44.450
R08  21367024.500       -2536.873   114419462.61608        48.600
R09  21343515.180       -2102.092   113973332.14808        49.450
R10  19955616.300         614.851   106374715.15808        50.750
R11  22703625.560        2683.986   121321287.32308        49.050
R19  21342618.640       -1036.887   114168631.15008        48.400
R20  21186373.980        3067.119   113293083.53307        46.700
> 2018 01 01 19 25 00.0000000  0 29
C05  40019151.720          36.763   161140576.32407        42.750
C08  40133489.800        -280.560   161600917.27906        41.000
C13  39076085.400         373.796   157343218.21707        43.400
E01  24919843.220        1396.786   130954702.37748        51.200
E04  25690260.480         172.093   135003237.86548        50.150
E19  25550052.800       -2442.530   134266456.46347        47.500
E20  17479068.120       -3060.653    91853118.58546        39.950
E26  25277207.000        3020.235   132832639.49547        47.850
G02  24635481.780        2134.217   129460328.73406        40.500
G06  24450717.260        1578.561   128489391.15207        45.550
G10  24623650.840       -2148.457   129398157.82007        44.300
G12  20040891.480        -355.005   105315700.81508        51.750
G14  24706515.460        3236.033   129833603.00507        44.850
G15  24143552.560       -3633.121   126875251.47008        49.650
G17  25570104.480       -3199.646   134371843.80807        43.800
G18  25006798.240       -2237.040   131411610.91606        41.700
G19  23408090.920       -2860.174   123010401.89007        47.600
G24  20672996.580       -1179.481   108637373.86508        51.650
G25  21531775.140        1976.019   113150298.33808        51.750
G29  23927298.820        3843.493   125738828.86208        49.750
G32  22895866.260        2373.810   120318594.98708        49.550
R01  21818268.740         471.292   116631147.97208        49.550
R07  23877427.280       -4298.139   127817738.14507        45.300
R08  21514563.860       -2727.961   115209528.53008        48.750
R09  21463207.760       -2158.858   114612483.64408        48.700
R10  19923293.940         533.539   106202421.25008        50.400
R11  22553522.540        2663.300   120519186.24708        48.800
R19  21408252.740       -1302.974   114519730.55607        47.900
R20  21019664.120        2873.763   112401612.59107        46.500
> 2018 01 01 19 30 00.0000000  0 28
C05  40016438.040          36.305   161129649.38507        42.800
C08  40156072.980        -325.437   161691855.51706        40.700
C13  39049986.240         326.878   157238128.40307        43.400
E01  24840962.260        1367.078   130540182.24948        50.850
E04  25684507.600          29.672   134973007.29348        49.750
E19  25691587.420       -2514.485   135010224.72647        47.000
E20  17653043.960       -3032.888    92767362.37946        39.100
E26  25104916.180        3014.903   131927243.53347        47.950
G02  24515160.520        2079.761   128828035.95907        43.000
G06  24364321.620        1446.835   128035379.41207        46.300
G10  24748637.720       -2228.460   130054967.49107        45.400
G12  20064862.180        -483.871   105441666.98508        51.900
G14  24523711.660        3167.066   128872970.02807        44.100
G15  24351496.440       -3650.195   127968004.27908        49.550
G17  25754271.360       -3250.613   135339651.22606        39.000
G19  23575272.360       -2994.835   123888946.05807        47.700
G24  20743667.560       -1296.149   109008751.98308        51.950
G25  21422048.060        1868.366   112573680.95808        51.750
G29  23708760.720        3811.428   124590406.77408        48.000
G32  22764527.020        2226.457   119628401.47408        49.850
R01  21799178.620         209.148   116529100.88608        49.050
R07  24117735.880       -4275.357   129104124.92307        44.100
R08  21672434.600       -2905.472   116054921.09207        47.950
R09  21586101.320       -2215.947   115268727.39208        49.250
R10  19895601.240         450.557   106054803.03008        50.500
R11  22404608.660        2641.895   119723438.78008        48.150
R19  21488662.260       -1563.250   114949866.85808        48.100
R20  20864212.320        2666.323   111570341.85207        45.850
> 2018 01 01 19 35 00.0000000  0 28
C05  40013756.740          35.808   161118852.37906        41.900
C08  40181948.240        -368.937   161796038.18507        42.650
C13  39027372.880         280.204   157147072.42207        43.850
E01  24763763.880        1337.605   130134501.21848        50.950
E04  25686882.460        -112.642   134985489.24348        49.800
E09  26426114.940        2022.066   138870174.65646        41.850
E19  25837054.980       -2580.478   135774658.57947        47.650
E20  17825267.080       -2999.979    93672397.17146        39.800
E26  24933113.780        3002.902   131024421.79948        48.050
G02  24398198.380        2016.523   128213396.91507        46.350
G06  24285678.100        1306.999   127622106.59107        46.700
G10  24877915.220       -2298.655   130734322.65607        44.050
G12  20096069.140        -608.652   105605663.43108        51.750
G14  24345077.980        3089.833   127934239.88307        43.600
G15  24560181.200       -3659.429   129064651.17508        48.650
G19  23749872.200       -3120.026   124806470.87608        48.000
G24  20821001.860       -1413.005   109415146.28108        51.750
G25  21318483.840        1759.968   112029447.27708        51.650
G29  23492298.180        3770.529   123452888.49908        49.350
G32  22641824.820        2071.164   118983600.93908        49.900
R01  21794796.840         -52.627   116505679.66308        48.850
R07  24356415.920       -4240.024   130381793.59107        44.550
R08  21839858.640       -3068.972   116951464.12107        47.750
R09  21712189.420       -2272.715   115942030.21608        49.150
R10  19872623.720         365.762   105932320.45908        50.150
R11  22256935.520        2619.075   118934314.77508        48.800
R19  21583481.980       -1816.755   115457088.72807        47.300
R20  20720765.900        2445.637   110803269.67307        46.000
> 2018 01 01 19 40 00.0000000  0 29
C05  40011110.760          35.467   161108197.94307        42.450
C08  40211039.420        -411.570   161913177.55806        41.450
C13  39008233.240         233.578   157070005.80007        43.750
E01  24688235.620        1308.470   129737597.31248        51.050
E04  25697359.920        -254.114   135040547.24048        49.900
E09  26313489.880        1922.836   138278327.61147        43.600
E19  25986085.360       -2639.510   136557819.64547        47.550
E20  17995428.880       -2960.558    94566596.63646        39.900
E26  24762182.380        2984.452   130126169.31748        48.950
G02  24285097.420        1944.575   127619048.20007        47.250
G06  24215220.960        1160.121   127251852.40207        47.400
G10  25010910.780       -2358.518   131433221.77907        43.250
G12  20134276.440        -729.054   105806441.71908        51.750
G14  24171091.700        3004.351   127019937.66607        45.600
G15  24769161.820       -3660.567   130162847.02407        47.900
G19  23931330.100       -3235.125   125760043.48007        45.400
G24  20904994.040       -1529.380   109856527.44808        51.700
G25  21221111.980        1651.326   111517755.09608        51.900
G29  23278415.100        3721.081   122328926.06808        50.100
G32  22528186.580        1908.865   118386425.38808        50.050
R01  21805057.640        -312.428   116560528.57908        49.050
R02  24412418.440        3081.894   130269330.02607        44.650
R07  24592775.400       -4192.552   131647033.58007        42.900
R08  22016029.440       -3217.708   117894853.50507        46.900
R09  21841473.560       -2329.665   116632400.96508        48.100
R10  19854463.600         279.382   105835515.92108        50.600
R11  22110567.640        2595.131   118152171.34508        49.100
R19  21692281.260       -2061.697   116039091.31007        47.650
R20  20590029.760        2213.132   110104164.99407        46.550
> 2018 01 01 19 45 00.0000000  0 28
C05  40008499.040          34.711   161097681.80807        42.900
C08  40243269.220        -453.343   162042952.62507        42.750
C13  38992547.520         187.304   157006846.34207        44.200
E01  24614367.180        1279.271   129349418.55748        51.050
E04  25715882.420        -394.663   135137883.32748        49.950
E09  26206661.300        1818.837   137716939.01747        44.150
E19  26138301.260       -2692.310   137357718.71247        46.700
E20  18163223.660       -2917.151    95448383.80056        36.250
E26  24592498.040        2958.991   129234472.20548        49.000
G02  24176347.160        1863.637   127047562.80907        46.300
G06  24153349.400        1006.184   126926717.39307        47.050
G10  25147048.980       -2408.432                          32.250
G12  20179233.680        -845.346   106042694.47508        51.650
G14  24002232.200        2910.036   126132571.80607        46.750
G15  24977990.220       -3654.223   131260248.37908        48.400
G19  24119080.880       -3340.798   126746674.18707        44.350
G24  20995620.660       -1645.635   110332774.05308        51.700
G25  21129946.240        1542.364   111038676.94708        51.750
G29  23067611.760        3662.437   121221145.87808        50.750
G32  22424006.620        1739.636   117838956.51308        50.350
R01  21829810.100        -569.146   116692846.31308        48.600
R02  24243654.200        2919.790   129368774.90307        44.800
R08  22200119.740       -3351.859   118880645.60507        46.900
R09  21973955.640       -2386.859   117339844.53808        48.700
R10  19841229.300         190.555   105764968.83908        50.400
R11  21965584.040        2569.403   117377420.63608        49.800
R19  21814560.920       -2297.613   116693207.94507        47.600
R20  20472651.840        1969.445   109476493.75707        46.250
> 2018 01 01 19 50 00.0000000  0 26
C05  40005925.220          34.193   161087316.90707        42.850
C08  40278556.000        -493.787   162185042.44806        41.850
C13  38980294.140         141.566   156957507.17907        43.750
E01  24542160.460        1250.286   128969969.42548        51.100
E04  25742371.620        -533.217   135277082.72448        50.050
E09  26105900.040        1710.475   137187433.13547        45.050
E19  26293323.760       -2737.912   138172367.46447        45.950
E26  24424445.540        2927.168   128351348.06848        50.100
G02  24072431.320        1775.179   126501482.00107        47.050
G06  24100434.520         846.439   126648651.02207        46.250
G12  20230693.360        -956.901   106313118.51008        51.450
G14  23838978.600        2807.714   125274672.58307        46.200
G15  25186232.760       -3640.147   132354572.67507        47.750
G19  24312554.420       -3436.016   127763388.79807        43.300
G24  21092848.560       -1760.688   110843709.01708        51.550
G25  21044993.040        1433.669   110592248.15008        51.600
G29  22860390.360        3595.602   120132192.43908        50.550
G32  22329658.160        1564.529   117343151.24208        50.550
R01  21868831.420        -820.753   116901438.19308        48.400
R02  24084325.040        2746.035   128518566.74207        45.400
R08  22391287.560       -3470.482   119904342.46107        47.600
R09  22109641.540       -2443.857   118064399.56707        47.900
R10  19833044.760          99.731   105721341.48308        50.250
R11  21822079.940        2542.457   116610579.69708        49.600
R19  21949770.140       -2522.781   117416486.04407        47.100
R20  20369225.320        1716.002   108923426.01107        46.400
> 2018 01 01 19 55 00.0000000  0 26
C05  40003388.440          33.616   161077102.31507        42.650
C08  40316816.060        -533.165   162339096.44306        41.750
C13  38971442.800          95.914   156921866.30607        43.900
E01  24471619.540        1220.722   128599272.29748        51.350
E04  25776718.300        -670.076   135457575.03648        50.200
E09  26011458.060        1597.266   136691144.07246        41.800
E19  26450768.100       -2777.227   138999744.12747        45.550
E26  24258404.240        2888.463   127478796.20948        50.050
G02  23973817.180        1678.064   125983261.29307        47.850
G06  24056809.320         680.727   126419398.41607        45.950
G12  20288401.500       -1064.443   106616374.15308        51.850
G14  23681807.720        2696.802   124448734.07907        46.800
G15  25393461.100       -3618.705   133443556.95107        47.400
G19  24511183.200       -3521.291   128807192.60706        41.500
G24  21196624.800       -1875.125   111389057.87708        51.750
G25  20966246.840        1324.858   110178430.04308        52.050
G29  22657247.160        3519.543   119064667.56008        51.050
G32  22245478.920        1383.441   116900783.41508        50.700
R01  21921819.540       -1066.658   117184686.00408        48.700
R02  23935070.120        2561.336   127722106.34407        46.400
R08  22588680.440       -3574.062   120961373.37207        45.600
R09  22248536.280       -2501.068   118806088.42408        48.350
R10  19830040.600           6.217   105705328.36108        50.250
R11  21680165.880        2512.607   115852236.08008        49.850
R19  22097302.020       -2736.946   118205681.27807        46.550
R20  20280272.780        1453.501   108447757.15507        46.500
> 2018 01 01 20 00 00.0000000  0 26
C05  40000890.660          33.326   161067045.65807        42.450
C08  40357958.640        -571.274   162504759.29207        42.050
C13  38965959.960          51.071   156899789.14907        43.850
E01  24402756.860        1191.331   128237398.47548        51.250
E04  25818790.620        -803.969   135678665.93448        49.900
E09  25923579.580        1480.348   136229338.18747        43.350
E19  26610251.400       -2809.261   139837829.29947        46.650
E26  24094756.640        2843.197   126618824.29848        49.900
G02  23880959.300        1573.546   125495289.99707        47.400
G06  24022769.000         510.622   126240516.53007        46.950
G12  20352103.420       -1167.053   106951132.78208        51.100
G14  23531189.840        2578.251   123657232.13707        47.250
G15  25599252.580       -3589.688   134524993.63007        43.550
G19  24714405.140       -3596.961   129875123.88607        44.700
G24  21306885.020       -1987.865   111968477.11108        51.300
G25  20893690.040        1216.728   109797143.68708        51.850
G29  22458673.060        3435.398   118021156.56408        51.050
G32  22171772.460        1197.638   116513455.48408        50.700
R01  21988399.920       -1305.078   117540595.69108        49.100
R02  23796493.320        2366.407   126982636.60907        46.400
R08  22791444.160       -3662.241   122047155.08507        46.650
R09  22390645.380       -2558.278   119564940.82007        47.800
R10  19832357.900         -89.478   105717682.68408        50.400
R11  21539971.920        2480.939   115103080.64508        50.500
R19  22256507.700       -2938.994   119057326.38707        46.700
R20  20206247.200        1183.938   108051909.64107        47.050
> 2018 01 01 20 05 00.0000000  0 26
C05  39998434.020          32.898   161057155.14607        42.250
C08  40401891.880        -607.988   162681662.65807        42.300
C13  38963807.280           6.771   156891122.05007        43.500
E01  24335594.900        1161.367   127884460.90048        51.300
E04  25868431.640        -934.979   135939531.57348        49.650
E09  25842488.280        1359.905   135803196.45147        44.150
E19  26771386.640       -2834.914   140684603.08647        45.750
E26  23933883.720        2791.413   125773431.24248        50.600
G02  23794294.700        1461.096   125039866.27108        48.350
G06  23998570.200         336.480   126113352.94107        46.750
G12  20421549.640       -1265.400   107316070.53308        51.800
G14  23387588.060        2451.238   122902596.97607        47.200
G15  25803199.020       -3553.918   135596728.96107        44.500
G19  24921659.260       -3662.506   130964255.26906        40.000
G24  21423547.240       -2099.170   112581542.10508        51.300
G25  20827300.580        1109.019   109448265.28008        51.800
G29  22265154.020        3342.649   117004205.39008        51.050
G32  22108807.520        1007.456   116182573.08208        50.800
R01  22068131.160       -1534.979   117966806.44008        48.750
R02  23669166.720        2161.447   126303197.98907        46.050
R08  22998719.000       -3735.217   123157106.35607        45.550
R09  22535971.800       -2615.481   120340977.02007        47.700
R10  19840146.740        -187.977   105759198.42308        50.600
R11  21401645.260        2446.204   114363904.39308        50.300
R19  22426702.840       -3128.615   119967753.85007        46.700
R20  20147524.560         908.350   107737893.61607        46.200
> 2018 01 01 20 10 00.0000000  0 27
C05  39996018.600          31.833   161047429.41107        42.850
C08  40448520.000        -643.701   162869416.06206        40.050
C13  38964939.900         -37.269   156895682.47407        43.450
E01  24270161.160        1130.523   127540600.70248        51.350
E04  25925458.160       -1062.805   136239207.99048        49.600
E09  25768386.800        1235.490   135413792.43547        45.200
E19  26933789.620       -2854.081   141538035.91047        43.850
E26  23776159.940        2732.633   124944587.86448        50.500
G02  23714239.200        1341.786   124619171.51108        48.100
G06  23984425.540         158.111   126039022.28507        46.800
G12  20496485.920       -1359.759   107709865.63308        51.350
G14  23251449.880        2316.334   122187187.59307        47.650
G15  26004899.600       -3511.729   136656668.08907        46.100
G19  25132395.300       -3719.749                          39.200
G24  21546513.540       -2209.018   113227732.79908        51.300
G25  20767044.360        1001.554   109131616.64108        51.800
G29  22077161.260        3241.357   116016298.01608        51.000
G31  25003526.640        3197.713   131394421.10107        45.850
G32  22056808.180         813.368   115909315.39208        50.550
R01  22160506.780       -1755.839   118460602.79908        49.250
R02  23553614.000        1946.954   125686584.77807        47.450
R08  23209655.240       -3793.364   124286655.24307        44.550
R09  22684514.580       -2672.999   121134185.08807        47.550
R10  19853558.080        -289.591   105830690.20308        50.100
R11  21265349.840        2408.285   113635585.03108        50.350
R19  22607167.680       -3305.496   120933118.04207        45.650
R20  20104396.040         627.861   107507267.79907        46.000
> 2018 01 01 20 15 00.0000000  0 26
C05  39993645.740          31.634   161037875.00807        42.200
C08  40497746.360        -677.588   163067625.13706        41.600
C13  38969308.960         -80.059   156913275.64607        43.300
E01  24206490.600        1099.687   127206011.64048        51.100
E04  25989665.280       -1186.322   136576619.30848        49.550
E09  25701463.600        1108.506   135062109.19748        48.250
E19  27097077.780       -2865.679   142396117.31247        45.850
E26  23621958.100        2668.259   124134251.86848        50.700
G02  23641187.020        1216.245   124235279.94607        47.800
G06  23980504.760         -21.558   126018420.70907        47.100
G12  20576668.860       -1448.972   108131227.56508        51.700
G14  23123211.960        2174.591   121513293.99207        47.950
G19  25346082.500       -3766.045   133194557.41106        38.600
G24  21675669.680       -2315.747   113906452.91708        51.550
G25  20712881.780         895.658   108846992.74808        51.800
G29  21895157.940        3133.062   115059864.84008        51.350
G31  24820856.380        3200.398   130434488.92207        46.000
G32  22015958.260         617.126   115694645.11008        51.100
R01  22264960.000       -1965.168   119018964.45408        48.900
R02  23450310.640        1726.061   125135337.26507        47.650
R08  23423407.380       -3835.573   125431285.13807        46.250
R09  22836267.360       -2729.689   121944538.76807        46.100
R10  19872752.420        -393.329   105933004.58608        50.400
R11  21131272.360        2367.406   112919116.09708        50.150
R19  22797161.440       -3468.086   121949457.13907        46.000
R20  20077070.360         345.444   107361145.63707        46.150
> 2018 01 01 20 20 00.0000000  0 25
C05  39991315.940          30.899   161028494.09307        43.200
C08  40549466.280        -710.198   163275881.12206        40.000
C13  38976861.840        -122.437   156943685.21907        43.900
E01  24144628.420        1067.379   126880925.47148        51.050
E04  26060825.340       -1306.089   136950567.85348        49.400
E09  25641884.380         978.360   134749016.12847        47.150
E19  27260868.840       -2871.307   143256846.35647        44.200
E26  23471643.760        2596.736   123344346.51948        50.650
G02  23575507.220        1083.828   123890132.66608        48.550
G06  23986934.120        -203.771   126052204.55407        46.000
G12  20661855.300       -1534.721   108578888.83408        51.400
G14  23003291.720        2025.310   120883108.34107        47.950
G24  21810885.800       -2420.893   114617017.44608        51.250
G25  20664768.080         790.040   108594152.03908        51.850
G29  21719590.960        3016.255   114137254.90808        51.350
G31  24638177.600        3198.653   129474506.36807        47.550
G32  21986393.460         418.264   115539280.78708        50.850
R01  22380871.920       -2163.751   119638580.55007        47.250
R02  23359677.420        1497.103   124651701.58607        47.000
R08  23639141.180       -3863.730   126586535.22307        46.050
R09  22991219.920       -2786.724   122771973.35407        47.750
R10  19897888.980        -500.470   106066998.56008        50.300
R11  20999617.820        2322.109   112215591.09908        50.800
R19  22995925.340       -3617.805   123012706.92907        46.000
R20  20065666.920          60.859   107300168.13207        45.950
> 2018 01 01 20 25 00.0000000  0 25
C05  39989031.280          30.131   161019295.18907        42.300
C08  40603579.620        -741.869   163493771.73406        41.550
C13  38987539.340        -164.085   156986681.95407        43.350
E01  24084629.060        1034.243   126565626.14948        51.350
E04  26138691.060       -1421.271   137359754.10148        49.500
E09  25589793.580         846.058   134475277.69247        47.350
E19  27424788.060       -2870.390   144118249.04247        43.250
E26  23325578.020        2519.159   122576766.51848        50.900
G02  23517544.920         945.654   123585537.84308        49.150
G06  24003792.720        -386.904   126140799.87307        45.050
G12  20751814.120       -1616.335   109051624.48308        51.450
G14  22892086.340        1869.357   120298719.47808        48.350
G24  21952016.840       -2523.220   115358668.29808        51.100
G25  20622652.640         685.294   108372834.50208        51.650
G29  21550892.880        2892.457   113250741.40708        51.600
G31  24455727.200        3192.383   128515727.68507        46.200
G32  21968205.700         218.492   115443702.04708        50.950
R01  22507577.320       -2349.790   120315894.96107        47.500
R02  23282078.040        1262.396   124237618.78407        47.250
R08  23856043.960       -3877.430   127748033.45807        43.850
R09  23149353.000       -2842.951   123616395.54207        45.650
R10  19929132.600        -610.468   106233542.89908        50.450
R11  20870611.080        2272.786   111526220.32608        50.500
R19  23202687.820       -3753.550   124118748.47707        45.350
R20  20070219.340        -223.219   107324509.35507        46.200
> 2018 01 01 20 30 00.0000000  0 25
C05  39986791.740          29.566   161010277.58207        42.550
C08  40659977.880        -772.237   163720867.36106        40.850
C13  39001280.700        -204.920   157042010.72007        43.500
E01  24026552.300         999.720   126260430.08048        51.450
E04  26222993.000       -1531.815   137802763.05048        49.350
E09  25545311.940         711.595   134241527.53747        47.400
E19  27588462.320       -2863.160   144978361.99347        42.600
E26  23184110.640        2435.375   121833350.69548        51.450
G02  23467612.380         802.342   123323140.19608        49.400
G06  24031114.700        -570.725   126284379.96407        44.150
G12  20846316.120       -1694.348   109548237.62608        51.550
G14  22789967.080        1706.664   119762077.21708        48.650
G24  22098901.360       -2622.726   116130551.12108        51.250
G25  20586480.000         581.457   108182746.71608        51.850
G29  21389475.400        2761.077   112402485.60308        52.050
G31  24273759.820        3181.423   127559480.48608        48.250
G32  21961434.040          18.133   115408121.32108        50.850
R01  22644367.920       -2523.193   121047118.17507        47.100
R02  23217811.160        1022.340   123894679.75407        46.550
R08  24073311.360       -3877.286   128911488.40507        43.800
R09  23310639.000       -2898.979   124477654.35807        46.050
R10  19966642.540        -723.502   106433491.23208        50.550
R11  20744497.920        2218.522   110852309.22208        50.800
R19  23416671.400       -3875.829   125263417.60907        43.500
R20  20090667.680        -505.902   107433858.99207        46.400
> 2018 01 01 20 35 00.0000000  0 25
C05  39984598.480          29.313   161001447.28107        42.450
C08  40718556.960        -800.229   163956737.51506        41.050
C13  39018018.560        -244.332   157109407.26307        43.750
E01  23970468.320         964.721   125965706.89948        51.050
E04  26313446.080       -1636.392   138278092.39848        49.450
E09  25508539.060         576.360   134048284.04447        46.550
E19  27751525.240       -2848.820   145835259.51746        41.600
E26  23047583.380        2346.470   121115895.24848        50.850
G02  23425992.960         654.861   123104432.02908        48.550
G06  24068890.260        -752.869   126482886.18107        46.100
G12  20945145.060       -1767.641   110067584.14008        51.450
G14  22697278.680        1539.449   119274996.68408        48.300
G24  22251363.180       -2718.108   116931742.29708        50.550
G25  20556193.100         479.468   108023587.54608        51.800
G29  21235729.240        2624.018   111594545.79408        51.850
G31  24092543.800        3166.232   126607183.82107        47.250
G32  21966073.400        -180.732   115432500.85808        50.400
R01  22790501.380       -2682.241   121828280.69507        47.900
R02  23167110.100         780.405   123624127.91507        47.600
R08  24290164.960       -3862.503   130072726.92206        41.950
R09  23475042.600       -2953.521   125355558.88507        43.500
R10  20010577.140        -838.458   106667689.13708        50.550
R11  20621544.040        2160.489   110195280.54108        50.700
R19  23637098.280       -3983.211   126442552.19507        43.950
R20  20126870.400        -784.185   107627449.73007        46.050
> 2018 01 01 20 40 00.0000000  0 27
C05  39982454.120          28.536   160992812.11007        42.600
C08  40779206.000        -827.430   164200947.41406        40.650
C13  39037683.540        -283.022   157188592.68807        43.700
E01  23916456.540         927.512   125681872.79648        51.300
E04  26409745.640       -1736.075   138784153.60448        48.900
E09  25479549.160         439.412   133895940.67147        46.200
E19  27913615.480       -2828.621   146687049.87447        43.200
E26  22916327.180        2251.282   120426140.02948        51.250
G02  23392939.900         502.695   122930735.98608        49.300
G06  24117060.520        -934.137   126736024.32407        44.550
G12  21048091.400       -1838.016   110608570.17708        51.550
G14  22614336.460        1365.980   118839133.81908        48.550
G24  22409211.500       -2810.726   117761239.62008        50.950
G25  20531732.180         377.896   107895046.57508        51.650
G29  21090024.220        2480.073   110828861.54308        51.700
G31  23912365.580        3145.289   125660341.99308        48.200
G32  21982066.400        -379.019   115516544.18308        51.000
R01  22945204.200       -2827.957   122655259.04307        45.850
R02  23130137.900         534.834   123426837.95608        48.050
R08  24505850.600       -3834.777   131227711.32906        41.550
R09  23642517.920       -3007.899   126249866.53007        43.650
R10  20061091.960        -956.844   106936958.75808        50.150
R11  20502035.240        2096.422   109556664.62908        50.750
R12  24068200.440        3267.671   128568004.46607        42.800
R19  23863195.100       -4077.073   127652014.57907        43.300
R20  20178598.880       -1058.634   107904066.11107        45.800
R22  24561337.660        4654.217   131110090.23607        47.000
> 2018 01 01 20 45 00.0000000  0 26
C05  39980357.920          27.736   160984372.41807        42.350
C08  40841816.220        -853.080   164453049.63306        39.750
C13  39060203.360        -321.173   157279267.05607        43.750
E01  23864602.280         888.719   125409378.08748        51.100
E04  26511574.440       -1830.375   139319267.72048        49.200
E09  25458390.460         301.677   133784750.52147        47.550
E19  28074378.620       -2802.146   147531867.15646        40.950
E26  22790658.780        2150.461   119765748.82348        51.150
G02  23368668.160         347.007   122803188.21408        48.500
G06  24175524.240       -1113.737   127043256.58607        42.200
G12  21154955.220       -1905.264   111170144.30308        51.650
G14  22541420.640        1187.821   118455958.97708        48.950
G24  22572238.740       -2899.947   118617956.17308        49.900
G25  20513036.380         277.223   107796796.72708        51.800
G29  20952701.420        2330.055   110107226.00408        51.550
G31  23733525.220        3119.130   124720529.84508        48.850
G32  22009305.400        -574.932   115659684.64308        50.800
R01  23107683.220       -2959.561   123523796.66307        47.300
R02  23106985.920         288.644   123303290.63507        47.400
R09  23813006.760       -3061.035   127160265.22706        37.800
R10  20118330.940       -1077.786   107242075.57008        50.050
R11  20386277.140        2026.559   108938085.83208        50.650
R12  23884051.600        3289.745   127584308.26307        44.900
R19  24094192.920       -4158.228   128887698.31507        42.300
R20  20245543.700       -1326.959   108262050.89507        45.900
R22  24299427.400        4664.588   129712002.12807        45.850
> 2018 01 01 20 50 00.0000000  0 26
C05  39978310.480          26.963   160976127.68607        42.650
C08  40906271.860        -877.221   164712590.65806        38.150
C13  39085496.720        -357.870   157381114.43307        43.150
E01  23814999.780         848.530   125148714.18448        51.400
E04  26618598.240       -1918.198   139881681.04448        49.050
E09  25445085.520         164.284   133714831.76947        47.550
E19  28233468.200       -2769.982   148367883.00347        42.200
E26  22670880.400        2044.805   119136309.68748        51.300
G02  23353358.340         188.658   122722734.72708        48.950
G04  24673764.620        2986.346   129661501.85507        46.700
G06  24244137.120       -1289.826   127403815.55207        44.300
G12  21265546.260       -1968.914   111751304.46708        51.700
G14  22478774.620        1005.947   118126750.73208        48.900
G24  22740224.840       -2984.662   119500726.85108        49.750
G25  20500041.240         178.013   107728506.26108        51.950
G29  20824074.820        2175.189   109431287.96808        51.600
G31  23556337.620        3087.499   123789401.67108        49.400
G32  22047633.180        -767.474   115861096.53708        51.050
R01  23277121.840       -3076.563   124429540.31707        47.550
R02  23097668.060          42.944   123253572.79307        47.800
R10  20182430.780       -1200.778   107583763.04108        50.550
R11  20274589.860        1951.107   108341264.35908        51.000
R12  23698714.600        3309.630   126594271.36907        45.100
R19  24329337.840       -4225.423   130145565.33807        42.800
R20  20327318.960       -1587.262   108699339.13607        46.150
R22  24037236.380        4663.803   128312416.52307        46.000
> 2018 01 01 20 55 00.0000000  0 26
C05  39976313.920          26.400   160968088.10307        42.450
C08  40972465.160        -899.928   164979125.22005        35.650
C13  39113486.220        -393.363   157493817.77207        43.050
E01  23767752.320         806.205   124900428.82448        51.350
E04  26730473.400       -2000.350   140469590.04748        48.900
E09  25439633.640          26.611   133686182.27847        47.150
E19  28390544.940       -2732.105   149193326.72247        42.000
E26  22557281.720        1934.045   118539344.27448        51.550
G02  23347156.680          28.212   122690146.43608        48.650
G04  24504020.480        2960.300   128769496.22507        44.600
G06  24322712.320       -1462.631   127816729.27307        45.900
G12  21379687.640       -2029.541   112351121.20408        51.600
G14  22426605.040         820.935   117852596.95808        49.150
G24  22912937.200       -3065.411   120408336.44708        50.100
G25  20492686.680          79.541   107689859.46908        51.900
G29  20704429.280        2015.377   108802550.74408        51.450
G31  23381134.780        3049.501   122868702.88308        49.800
G32  22096847.000        -956.131   116119717.74808        50.900
R01  23452695.440       -3178.302   125368087.11207        43.550
R02  23102131.940        -201.476   123277393.04607        46.400
R09  24162734.720       -3164.255   129027609.04415        30.050
R10  20253518.900       -1326.063   107962700.78808        50.750
R11  20167317.100        1869.193   107768030.72208        50.700
R12  23512350.520        3326.394   125598752.83007        45.700
R20  20423470.580       -1839.206   109213504.46507        46.050
R22  23775416.020        4651.327   126914806.81507        46.400
> 2018 01 01 21 00 00.0000000  0 25
C05  39974368.160          25.817   160960253.31107        42.950
C08  41040282.580        -920.417   165252194.94106        39.050
C13  39144087.680        -427.928   157617035.70307        43.600
E01  23722970.400         762.286   124665095.61348        51.250
E04  26846844.740       -2075.656   141081120.05448        48.150
E09  25442005.600        -109.744   133698650.02547        46.350
E19  28545279.880       -2687.702   150006463.00746        40.000
E26  22450132.160        1818.913   117976271.18148        50.950
G02  23350170.860        -134.105   122705983.57908        48.700
G04  24335783.840        2933.436   127885407.62407        46.350
G06  24411022.480       -1630.669   128280802.43006        40.150
G12  21497209.740       -2087.266   112968703.38008        51.050
G14  22385075.380         633.391   117634356.85108        48.950
G24  23090128.540       -3141.552   121339483.69608        49.450
G25  20490911.520         -17.545   107680531.11408        51.850
G29  20594019.420        1851.927   108222340.10808        51.600
G31  23208259.640        3005.967   121960239.24108        50.050
G32  22156695.940       -1139.748   116434228.28308        50.150
R01  23633572.840       -3265.078   126334981.85607        45.250
R02  23120246.940        -442.595   123374052.46308        48.250
R10  20331706.240       -1452.946   108379483.86008        50.250
R11  20064813.700        1781.066   107220285.19108        50.550
R12  23325143.020        3339.759   124598719.71007        44.350
R20  20533478.120       -2081.023   109801764.35607        45.950
R22  23514633.740        4627.147   125522737.10807        47.850
> 2018 01 01 21 05 00.0000000  0 25
C05  39972474.900          24.600   160952628.54507        43.050
C08  41109609.620        -940.729   165531345.65406        40.050
C13  39177214.400        -461.688   157750423.02307        43.200
E01  23680770.320         715.145   124443333.53948        51.300
E04  26967345.540       -2145.433   141714354.97047        47.600
E09  25452149.300        -245.895   133751954.88247        44.800
E19  28697354.000       -2639.321   150805610.27346        38.200
E26  22349685.540        1698.614   117448420.62248        51.050
G02  23362469.460        -297.660   122770616.05608        48.600
G04  24169120.300        2904.561   127009583.34107        47.850
G06  24508803.400       -1794.788   128794648.34806        40.850
G12  21617955.160       -2143.101   113603224.41908        51.550
G14  22354306.840         443.570   117472668.19908        48.800
G24  23271541.620       -3213.688   122292814.63908        48.750
G25  20494656.500        -114.272   107700211.24308        51.800
G29  20493063.320        1683.810   107691814.50508        51.450
G31  23038071.100        2954.921   121065893.39108        50.300
G32  22226887.260       -1318.814   116803082.81008        50.600
R01  23818920.020       -3338.107   127325764.08407        44.700
R02  23151807.600        -680.296   123542470.89107        47.600
R10  20417090.860       -1582.300   108834632.94708        50.150
R11  19967452.360        1685.481   106700013.96008        51.100
R12  23137293.700        3348.480   123595269.71307        43.800
R20  20656765.260       -2312.991   110461038.15207        45.600
R22  23255569.800        4589.710   124139840.51408        48.250
> 2018 01 01 21 10 00.0000000  0 25
C05  39970633.500          24.334   160945214.37007        43.150
C08  41180332.900        -958.176   165816118.45806        40.950
C13  39212776.600        -493.363   157893618.26307        42.900
E01  23641275.920         667.090   124235791.64248        51.150
E04  27091602.860       -2207.283   142367331.97548        48.050
E09  25469983.560        -379.502   133845676.04947        46.150
E19  28846457.540       -2584.407   151589152.97246        38.650
E26  22256174.020        1575.822   116957014.67548        51.150
G02  23384085.640        -460.254   122884209.36808        48.250
G04  24004094.840        2875.812   126142369.97207        45.400
G06  24615756.320       -1952.040   129356689.74407        43.000
G12  21741775.820       -2195.271   114253906.87908        51.450
G14  22334376.080         253.837   117367929.87708        49.250
G24  23456905.540       -3280.241   123266908.42708        49.150
G25  20503863.760        -209.037   107748594.73208        51.800
G29  20401746.860        1513.960   107211942.94808        51.700
G31  22870939.500        2898.348   120187608.77908        50.600
G32  22307081.920       -1490.552   117224508.96008        50.050
R01  24007901.260       -3395.289   128335979.24706        41.150
R02  23196542.580        -911.397   123781184.69407        47.050
R10  20509752.820       -1711.703   109328572.25708        50.150
R11  19875615.480        1584.056   106209266.31908        50.850
R12  22949035.240        3354.183   122589622.36107        46.900
R20  20792705.780       -2532.381   111187972.00407        45.550
R22  22998913.040        4541.048   122769788.45008        48.650
> 2018 01 01 21 15 00.0000000  0 25
C05  39968846.200          23.642   160938017.19307        43.150
C08  41252339.740        -974.366   166106060.57306        38.000
C13  39250684.540        -524.111   158046257.36607        42.950
E01  23604619.660         616.507   124043159.75348        51.200
E04  27219238.720       -2263.237   143038062.50747        47.150
E09  25495405.880        -511.019   133979267.52747        47.100
E26  22169811.040        1449.004   116503174.31548        51.350
G02  23415013.320        -623.145   123046736.92108        48.550
G04  23840775.700        2845.549   125284126.82007        46.550
G06  24731548.500       -2103.533   129965185.37007        43.700
G12  21868536.140       -2245.421   114920035.10608        51.500
G14  22325313.500          63.620   117320307.63708        49.000
G24  23645941.560       -3341.688   124260297.42208        48.400
G25  20518478.720        -303.053   107825397.02108        51.900
G29  20320220.140        1341.678   106783515.58008        51.800
G31  22707246.420        2835.030   119327397.27808        50.950
G32  22396905.380       -1655.581   117696535.22208        50.400
R01  24199693.700       -3437.792   129361214.85406        38.250
R02  23254110.420       -1135.827   124088376.85207        45.600
R03  24529526.720        1713.812   131308476.55007        45.550
R10  20609754.580       -1842.417   109861635.00908        50.450
R11  19789698.980        1475.207   105750155.01508        50.950
R12  22760619.420        3354.710   121583140.43807        46.300
R20  20940630.820       -2739.396   111978992.83107        46.250
R22  22745355.060        4479.921   121416285.17108        49.000
> 2018 01 01 21 20 00.0000000  0 25
C05  39967111.760          22.864   160931033.29607        43.100
C08  41325516.140        -989.463   166400711.63906        38.800
C13  39290842.700        -553.806   158207956.78007        43.300
E01  23570934.940         563.115   123866144.97448        51.250
E04  27349866.020       -2312.109   143724519.19147        46.500
E09  25528283.820        -640.354   134152039.86947        46.900
E26  22090785.640        1318.920   116087893.20648        51.250
G02  23455208.760        -784.824   123257963.86208        48.800
G04  23679232.700        2813.623   124435210.47608        48.250
G06  24855818.540       -2248.776   130618224.09007        43.250
G12  21998106.780       -2293.741   115600932.82908        51.500
G14  22327102.500        -126.229   117329706.63508        48.900
G21  25265121.860        3225.831   132769111.32107        43.200
G24  23838356.840       -3398.247   125271447.63608        48.250
G25  20538448.040        -396.506   107930335.43908        51.750
G29  20248593.820        1167.331   106407117.27908        51.750
G31  22547383.480        2764.203   118487310.82308        51.150
G32  22495944.980       -1813.105   118216985.37208        50.650
R02  23324103.060       -1352.833   124461869.29107        47.400
R03  24439391.340        1501.571   130825974.25507        45.050
R10  20717134.700       -1973.788   110434031.69708        50.350
R11  19710104.080        1358.893   105324823.12608        50.900
R12  22572324.500        3349.801   120577305.17607        46.350
R20  21099834.140       -2934.129   112830324.95907        45.500
R22  22495593.140        4406.182   120083038.17608        48.950
> 2018 01 01 21 25 00.0000000  0 25
C05  39965433.600          22.222   160924276.12107        42.550
C08  41399752.460       -1003.094   166699629.48706        39.250
C13  39333158.500        -581.969   158378343.48207        43.150
E01  23540366.200         507.455   123705504.05048        51.500
E04  27483103.360       -2354.190   144424678.64548        48.600
E09  25568465.400        -766.748   134363199.30747        47.000
E26  22019267.920        1186.167   115712067.86448        51.150
G02  23504593.840        -944.966   123517484.85008        48.650
G04  23519538.100        2780.888   123596012.66408        48.050
G06  24988177.700       -2386.925   131313757.98807        43.150
G12  22130373.080       -2339.711   116295996.81708        51.150
G14  22339681.580        -314.197   117395809.96308        48.850
G21  25080161.920        3252.453   131797149.42006        41.850
G24  24033856.340       -3449.454   126298803.43708        48.850
G25  20563725.320        -488.806   108063165.99508        52.100
G29  20186946.680         992.237   106083160.00308        51.800
G31  22391753.420        2686.708   117669471.87608        50.950
G32  22603754.020       -1962.369   118783530.63508        50.000
R02  23406055.700       -1560.955   124899182.81908        48.200
R03  24361329.220        1283.209   130408097.87107        43.350
R10  20831915.820       -2105.151   111045880.00808        50.450
R11  19637241.020        1235.730   104935465.49208        50.750
R12  22384459.280        3339.502   119573762.00007        47.300
R20  21269587.160       -3115.298   113738069.94107        45.900
R22  22250324.020        4320.241   118773775.92008        49.550
> 2018 01 01 21 30 00.0000000  0 25
C05  39963810.780          21.223   160917741.50407        43.150
C13  39377531.700        -609.087   158557019.87706        41.800
E01  23513057.320         448.768   123561994.62548        51.400
E04  27618555.920       -2389.920   145136483.43647        46.850
E09  25615774.760        -890.067   134611806.82647        46.800
E26  21955402.260        1050.772   115376448.55048        51.200
G02  23563052.220       -1102.860   123824684.94408        48.550
G04  23361766.840        2746.253   122766922.12107        47.750
G06  25128212.120       -2518.187   132049646.16007        42.400
G12  22265225.420       -2384.372   117004649.74808        50.800
G14  22362939.380        -500.251   117518031.36508        48.850
G21  24893926.940        3270.316   130818486.84207        44.500
G24  24232130.780       -3495.865   127340743.66807        47.300
G25  20594262.040        -580.923   108223639.52608        51.650
G26  25211254.140        2865.420   132486034.12706        40.650
G29  20135315.480         816.456   105811838.10208        51.950
G31  22240764.200        2601.568   116876018.04308        51.000
G32  22719858.220       -2103.552   119393661.86208        50.000
R02  23499443.340       -1759.497   125397515.65307        47.650
R03  24295663.480        1059.689   130056586.78007        43.300
R10  20954093.180       -2236.680   111697152.81908        50.250
R11  19571519.440        1104.460   104584267.72408        50.800
R12  22197352.480        3322.776   118574272.42107        46.950
R20  21449134.580       -3283.292   114698191.91207        45.550
R22  22010240.040        4221.549   117492192.26208        49.700
> 2018 01 01 21 35 00.0000000  0 25
C05  39962244.260          20.500   160911433.46307        43.150
C13  39423867.400        -634.550   158743591.70507        43.300
E01  23489158.180         387.765   123436404.75348        51.300
E04  27755832.920       -2418.167   145857882.03047        46.400
E09  25670009.520       -1009.541   134896815.72247        46.550
E26  21899306.860         913.884   115081668.39748        50.850
G02  23630434.000       -1257.486   124178779.95907        47.600
G04  23205999.740        2710.451   121948358.02908        48.400
G06  25275489.620       -2641.049   132823595.95207        44.100
G12  22402564.380       -2427.099   117726371.19808        51.150
G14  22396720.580        -682.900   117695551.17708        48.850
G21  24706882.080        3280.795   129835563.47507        43.650
G24  24432866.920       -3536.010   128395618.85207        46.600
G25  20630017.140        -671.812   108411535.01408        51.850
G26  25047858.780        2858.943   131627386.39806        39.550
G29  20093702.820         641.302   105593160.49808        52.100
G31  22094830.060        2509.601   116109127.85308        51.650
G32  22843754.600       -2235.642   120044740.28808        50.200
R02  23603691.000       -1947.301   125953802.27607        47.050
R03  24242663.340         831.324   129772871.05507        43.850
R10  21083639.340       -2367.124   112387705.57508        50.250
R11  19513349.260         966.386   104273423.02408        50.900
R12  22011363.260        3299.514   117580750.08007        47.700
R20  21637710.480       -3437.377   115706591.56507        44.750
R22  21776028.540        4111.087   116241956.04508        50.550
> 2018 01 01 21 40 00.0000000  0 24
C05  39960733.660          19.847   160905351.16707        42.950
C13  39472063.300        -658.829   158937654.89107        43.150
E01  23468821.100         324.220   123329531.71748        51.350
E04  27894545.380       -2439.918   146586818.06847        47.000
E09  25730950.400       -1124.815   135217060.70247        47.100
E26  21851078.440         775.506   114828223.83048        51.400
G02  23706556.540       -1408.816   124578806.54908        48.100
G04  23052318.660        2673.354   121140760.16808        48.550
G12  22542298.560       -2468.162   118460675.40508        51.200
G14  22440822.200        -861.488   117927308.03708        48.800
G21  24519501.760        3282.711   128850874.48507        46.700
G24  24635743.520       -3570.390   129461741.91007        46.100
G25  20670951.160        -762.146   108626642.77008        51.850
G26  24884845.220        2851.953   130770746.44407        44.400
G29  20062071.440         467.021   105426938.90708        52.100
G31  21954367.140        2410.206   115370992.55408        51.300
G32  22974916.780       -2358.064   120733998.98008        49.900
R02  23718177.580       -2123.565   126564724.26007        47.050
R03  24202531.040         600.746   129558033.74507        44.750
R10  21220501.060       -2496.202   113117255.72808        49.900
R11  19463135.060         821.216   104005095.90208        50.650
R12  21826874.160        3269.282   116595242.64908        48.200
R20  21834539.360       -3577.240   116759122.01507        44.900
R22  21548366.180        3988.817   115026679.56608        50.100
> 2018 01 01 21 45 00.0000000  0 24
C05  39959281.380          19.022   160899503.16907        42.750
C13  39522019.660        -681.877   159138810.81807        42.900
E01  23452201.780         257.538   123242196.91448        51.550
E04  28034303.540       -2454.997   147321255.73247        45.650
E09  25798357.140       -1236.032   135571282.81647        46.550
E26  21810787.220         635.865   114616491.85648        51.400
G02  23791207.540       -1556.160   125023650.76107        47.950
G04  22900815.640        2634.151   120344607.39708        48.900
G12  22684343.500       -2508.172   119207129.55908        50.400
G14  22495001.300       -1035.867   118212019.58908        48.950
G21  24332270.580        3275.374   127866970.70707        46.500
G24  24840435.640       -3599.688   130537405.98507        45.700
G25  20717028.600        -852.053   108868783.10408        51.450
G26  24722268.860        2843.494   129916401.83307        44.350
G29  20040353.700         294.095   105312810.25408        52.300
G31  21819797.880        2303.099   114663824.71708        51.350
G32  23112799.580       -2471.012   121458579.90508        49.300
R02  23842242.480       -2287.973   127226759.29707        46.600
R03  24175401.880         367.466   129412814.83507        43.700
R10  21364602.760       -2624.279   113885398.06508        49.850
R11  19421277.700         668.589   103781422.64508        50.750
R12  21644298.080        3231.213   115619951.47908        48.550
R20  22038845.860       -3703.998   117851640.03907        44.750
R22  21327919.560        3854.389   113849920.01708        51.150
> 2018 01 01 21 50 00.0000000  0 24
C05  39957886.340          18.074   160893885.82507        42.850
C13  39573636.020        -703.737   159346646.29007        43.650
E01  23439454.760         188.075   123175211.66048        51.100
E04  28174721.760       -2463.641   148059155.66347        43.800
E09  25871967.300       -1342.416   135958106.77847        46.450
E26  21778476.520         495.601   114446699.17948        51.400
G02  23884143.000       -1699.345   125512029.91607        47.350
G04  22751585.020        2593.188   119560398.03608        48.050
G12  22828623.180       -2546.718   119965319.85208        50.750
G14  22558968.300       -1204.622   118548168.47408        48.350
G21  24145677.780        3259.717   126886420.35207        45.550
G24  25046611.880       -3622.859   131620867.45307        46.500
G25  20768216.680        -941.574   109137775.98108        51.700
G26  24560186.480        2833.999   129064652.95407        44.650
G29  20028442.140         123.174   105250212.60508        52.400
G31  21691538.580        2188.637   113989816.68208        51.450
G32  23256840.980       -2574.168   122215522.11108        49.100
R02  23975187.440       -2439.960   127936178.77607        46.000
R03  24161346.680         133.444   129337576.74707        42.700
R10  21515839.280       -2750.230   114691572.87608        49.700
R11  19388162.040         509.518   103604461.36908        50.750
R12  21464068.740        3185.386   114657200.45508        49.100
R20  22249855.160       -3816.707   118980000.16607        44.100
R22  21115334.280        3708.512   112715127.31208        50.600
> 2018 01 01 21 55 00.0000000  0 24
C05  39956549.680          17.660   160888503.93307        42.950
C13  39626809.400        -723.718   159560754.21407        42.200
E01  23430737.580         116.513   123129400.22448        51.600
E04  28315415.940       -2464.662   148798509.95647        44.550
E09  25951503.400       -1443.511   136376075.46747        45.700
E26  21754166.560         355.808   114318950.42948        50.950
G02  23985093.740       -1836.883   126042529.44807        47.850
G04  22604731.500        2550.986   118788675.08408        49.250
G12  22975064.820       -2583.760   120734875.58808        50.450
G14  22632396.800       -1366.923   118934038.45808        48.050
G21  23960218.640        3235.901   125911828.30007        47.250
G24  25253938.260       -3639.910   132710374.81006        41.600
G25  20824484.700       -1029.954   109433467.80708        51.600
G26  24398663.480        2824.063   128215845.47807        45.650
G29  20026198.780         -44.389   105238425.13508        52.350
G31  21570004.840        2067.660   113351154.78308        51.200
G32  23406466.180       -2666.362   123001807.32908        48.600
R02  24116286.640       -2578.065   128689110.42807        43.200
R03  24160365.760         -98.924   129332322.88306        40.600
R10  21674081.580       -2873.122   115535093.90108        49.650
R11  19364159.080         344.221   103476199.73008        50.300
R12  21286649.520        3131.195   113709458.54208        48.800
R20  22466801.520       -3915.335   120140112.43707        43.150
R22  20911238.720        3552.477   111625650.53308        50.850
> 2018 01 01 22 00 00.0000000  0 23
C05  39955272.380          16.715   160883360.56507        43.350
C13  39681439.420        -742.422   159780725.67107        42.550
E01  23426204.980          42.052   123105581.42348        51.450
E04  28456010.060       -2459.540   149537333.46047        42.500
E09  26036673.300       -1539.104   136823643.51447        46.550
E26  21737851.700         216.151   114233215.02448        51.000
G02  24093765.540       -1969.255   126613602.37907        47.600
G04  22460364.920        2506.681   118030020.11908        49.950
G12  23123603.640       -2619.746   121515451.00508        49.950
G14  22714922.360       -1522.668   119367712.12307        47.400
G21  23776391.680        3203.049   124945811.28407        46.600
G24  25462078.560       -3650.651   133804161.15306        37.200
G25  20885807.040       -1118.104   109755715.77808        51.750
G26  24237772.740        2812.351   127370361.06707        44.000
G29  20033455.040        -208.969   105276557.99508        52.100
G31  21455608.160        1939.221   112749994.67708        51.650
G32  23561090.300       -2748.688   123814362.80108        48.900
R03  24172389.360        -329.821   129396687.12606        41.050
R10  21839174.700       -2993.039   116415133.71008        49.350
R11  19349623.340         172.821   103398521.50608        50.700
R12  21112525.980        3068.267   112779322.32808        48.850
R20  22688932.880       -4000.989   121327948.68007        43.150
R22  20716234.440        3385.692   110584703.71508        50.900
> 2018 01 01 22 05 00.0000000  0 22
C05  39954053.680          15.916   160878453.72807        43.050
C13  39737422.440        -759.910   160006146.40007        42.250
E01  23426009.900         -35.418   123104558.73548        51.050
E09  26127165.220       -1629.757   137299181.20947        44.500
E26  21729499.360          76.840   114189324.55848        51.050
G02  24209839.840       -2095.974   127223576.71207        46.000
G04  22318600.560        2459.735   117285049.87708        49.450
G12  23274177.160       -2655.076   122306719.26308        50.000
G14  22806144.740       -1671.467   119847084.67807        47.950
G21  23594694.640        3161.220   123990988.30507        47.500
G24  25670695.900       -3656.468   134900409.14907        43.050
G25  20952155.320       -1206.139   110104381.47708        51.550
G26  24077594.200        2799.211   126528616.74007        46.400
G29  20050011.920        -370.204   105363563.11908        52.200
G31  21348747.180        1803.676   112188436.75408        51.300
G32  23720121.560       -2820.776   124650073.19308        48.200
R03  24197281.320        -557.780   129529927.22307        42.750
R10  22010936.860       -3109.926   117330722.07408        48.700
R11  19344880.820          -4.562   103373179.48408        50.550
R12  20942205.860        2995.825   111869505.31308        48.950
R20  22915511.020       -4074.035   122539560.86507        42.900
R22  20530892.340        3208.675   109595337.07508        50.850
> 2018 01 01 22 10 00.0000000  0 22
C05  39952896.140          14.904   160873792.38507        42.800
C13  39794659.340        -776.322   160236614.01507        42.700
E01  23430306.700        -115.866   123127135.72148        51.800
E09  26222658.580       -1715.070   137801001.84047        44.950
E26  21729056.440         -61.465   114186996.25448        51.250
G02  24332980.920       -2217.198   127870688.22507        45.650
G04  22179570.400        2410.222   116554439.85808        49.750
G12  23426728.940       -2689.653   123108385.26608        49.700
G14  22905632.200       -1812.876   120369896.92907        47.400
G21  23415628.740        3110.405   123049988.52907        47.800
G24  25879457.540       -3656.585   135997455.38806        40.500
G25  21023509.880       -1293.988   110479349.11508        51.900
G26  23918217.360        2783.854   125691088.37607        46.250
G29  20075644.800        -527.484   105498264.56808        52.200
G31  21249814.280        1660.927   111668540.06208        51.600
G32  23882962.880       -2883.079   125505816.01508        48.050
R03  24234833.040        -782.185   129730956.62106        40.500
R10  22189162.960       -3223.276   118280766.89708        48.550
R11  19350236.700        -187.374   103401798.23208        50.850
R12  20776222.700        2913.180   110982849.21408        49.300
R20  23145817.580       -4134.505   123771115.29507        43.100
R22  20355754.340        3022.142   108660436.38608        51.450
> 2018 01 01 22 15 00.0000000  0 21
C05  39951796.040          14.354   160869363.22807        42.850
C13  39853043.620        -790.800   160471705.02106        41.900
E01  23439237.140        -197.898   123174067.22948        51.600
E09  26322815.220       -1793.518   138327327.46747        42.650
E26  21736439.580        -197.405   114225793.04148        51.600
G02  24462830.420       -2331.205   128553050.46807        45.700
G04  22043404.640        2359.171   115838882.89808        50.000
G12  23581201.520       -2722.396   123920141.87708        50.100
G14  23012922.100       -1944.698   120933707.66408        48.000
G21  23239684.940        3051.646   122125399.95308        48.350
G25  21099842.100       -1380.596   110880479.55708        51.850
G26  23759738.180        2767.512   124858271.72307        46.650
G29  20110099.700        -679.356   105679331.16408        51.950
G31  21159179.960        1512.734   111192254.91208        51.550
G32  24049017.320       -2933.486   126378433.05707        47.100
R03  24284776.880        -999.935   129998309.71706        40.850
R10  22373618.200       -3331.381   119264016.51508        48.450
R11  19365957.900        -373.883   103485809.31108        50.850
R12  20615119.940        2821.761   110122270.88608        48.900
R20  23379153.260       -4182.308   125018864.19206        40.800
R22  20191315.820        2827.885   107782655.54008        51.050
> 2018 01 01 22 20 00.0000000  0 19
C05  39950759.340          13.496   160865188.45007        43.200
C13  39912480.980        -804.388   160711034.54906        40.950
E01  23452950.500        -282.847   123246129.40748        51.400
E26  21751550.460        -331.625   114305203.55548        51.150
G02  24599022.000       -2438.772   129268742.45607        43.900
G04  21910252.840        2305.185   115139166.81708        50.250
G12  23737546.240       -2754.608   124741738.62408        49.600
G14  23127531.580       -2068.463   121535986.24107        47.000
G21  23067361.840        2984.156   121219835.90608        48.950
G25  21181136.480       -1467.313   111307682.88808        51.900
G26  23602267.600        2749.106   124030760.95407        47.300
G29  20153112.480        -826.589   105905361.42708        51.800
G31  21077207.940        1358.123   110761487.93908        51.350
G32  24217690.580       -2974.097   127264819.01607        47.250
R10  22564052.460       -3435.088   120279136.68608        48.300
R11  19392287.860        -564.642   103626509.51508        50.600
R12  20459471.900        2719.633   109290827.08508        49.050
R20  23614848.340       -4218.001   126279236.55406        39.250
R22  20038042.160        2625.518   106964471.20708        51.050
> 2018 01 01 22 25 00.0000000  0 21
C05  39949782.500          12.963   160861255.58907        43.550
C13  39972867.740        -816.091   160954186.80506        40.150
E01  23471578.840        -369.838   123344022.64348        51.550
E18  23507019.340        6511.617   123530225.48447        46.800
E26  21774262.360        -463.217   114424555.54548        51.350
G02  24741166.680       -2539.651   130015728.15106        38.700
G04  21780267.340        2248.543   114456086.63308        50.300
G12  23895708.440       -2785.925   125572888.35308        48.700
G14  23248949.780       -2183.127   122174039.81807        47.550
G21  22899140.520        2908.353   120335829.27208        49.100
G25  21267365.980       -1553.253   111760823.21208        51.750
G26  23445922.440        2728.418   123209160.22207        47.900
G29  20204386.660        -968.446   106174809.33508        52.100
G31  21004231.520        1197.963   110377993.42008        51.750
G32  24388388.120       -3004.163   128161840.86107        46.700
R10  22760183.420       -3533.477   121324626.30607        47.600
R11  19429423.920        -758.384   103824951.50108        50.700
R12  20309856.520        2607.165   108491605.94908        49.350
R20  23852254.300       -4243.032   127548751.13206        39.100
R22  19896342.540        2416.419   106208068.26808        51.150
R23  24510209.440        4312.597   131113090.34206        39.850
> 2018 01 01 22 30 00.0000000  0 21
C05  39948866.820          11.759   160857568.29907        43.350
C13  40034105.060        -827.245   161200765.26706        39.650
E01  23495253.060        -459.702   123468431.57748        51.550
E18  23134538.500        6536.660   121572826.13147        44.100
E26  21804430.220        -592.929   114583087.66848        51.100
G02  24888874.680       -2633.508   130791937.29906        39.800
G04  21653611.440        2188.252   113790506.56608        50.550
G12  24055638.520       -2816.582   126413324.49908        48.650
G14  23376646.420       -2288.781   122845091.20907        46.850
G21  22735499.800        2823.601   119475891.36108        49.350
G25  21358508.760       -1639.587   112239781.15708        51.850
G26  23290832.080        2704.770   122394152.57507        47.650
G29  20263616.020       -1105.417   106486063.37008        51.700
G31  20940564.820        1031.906   110043422.53508        51.700
G32  24560522.560       -3024.548   129066416.91707        44.200
R10  22961712.640       -3627.042   122398888.62907        47.250
R11  19477526.340        -955.340   104081995.66408        50.800
R12  20166865.760        2483.454   107727776.59308        49.600
R20  24090750.340       -4257.456   128824096.01806        39.350
R22  19766580.260        2200.655   105515388.66108        51.000
R23  24269265.800        4278.842   129824217.76406        41.950
> 2018 01 01 22 35 00.0000000  0 22
C05  39948011.440          11.166   160854124.44507        42.950
C13  40096094.520        -836.597   161450373.39406        37.350
E01  23524094.200        -551.002   123619992.35548        52.300
E12  27494766.000        3082.771   144485974.31646        41.550
E18  22760880.740        6552.578   119609245.22548        48.900
E26  21841887.160        -718.782   114779928.03148        51.800
G02  25041740.960       -2720.609   131595247.94607        43.650
G04  21530459.440        2125.628   113143337.50808        51.650
G12  24217284.340       -2846.178   127262776.14208        50.700
G14  23510077.060       -2384.254   123546273.35408        48.000
G21  22576905.080        2731.323   118642470.48808        51.050
G25  21454538.840       -1724.603   112744422.77008        52.350
G26  23137135.340        2679.437   121586474.67508        49.500
G29  20330480.120       -1236.053   106837434.35608        52.650
G31  20886494.340         861.706   109759279.90608        52.200
G32  24733515.620       -3034.498   129975497.62808        48.250
R10  23168317.140       -3714.095   123500207.35408        48.000
R11  19536712.800       -1153.310   104398269.07408        50.800
R12  20031100.960        2349.610   107002544.25708        49.750
R20  24329745.360       -4260.639   130102105.78906        36.250
R22  19649064.240        1980.626   104888083.01108        50.700
R23  24030433.440        4237.028   128546629.73507        45.050
> 2018 01 01 22 40 00.0000000  0 21
C05  39947218.660          10.182   160850932.69607        42.950
C13  40158743.080        -844.898   161702629.41406        37.850
E01  23558216.640        -644.552   123799307.31848        51.400
E12  27319154.720        3069.197   143563126.05347        42.050
E18  22386609.740        6558.201   117642436.09847        44.650
E26  21886453.380        -841.729   115014121.98448        51.300
G02  25199354.960       -2800.186   132423518.21807        42.100
G04  21410996.220        2059.169   112515552.87508        50.650
G12  24380594.080       -2875.080   128120977.64707        47.950
G14  23648685.220       -2469.865   124274662.14307        46.250
G21  22423811.960        2630.970   117837960.48608        50.050
G25  21555431.760       -1809.728   113274615.94808        51.550
G26  22984989.300        2650.682   120786939.71008        48.450
G29  20404647.340       -1361.145   107227186.27408        51.800
G31  20842279.380         686.800   109526931.23208        51.150
G32  24906797.340       -3034.631   130886096.93807        45.800
R10  23379658.480       -3795.192   124626775.21207        47.100
R11  19607058.620       -1352.580   104774175.31308        50.700
R12  19903167.060        2204.738   106319145.64108        49.350
R22  19544052.060        1756.081   104327519.36808        50.750
R23  23794204.160        4186.185   127282963.59107        45.200
> 2018 01 01 22 45 00.0000000  0 24
C05  39946487.440           9.414   160847988.00707        43.150
C13  40221951.980        -851.751   161957146.98906        36.350
E01  23597722.500        -739.486   124006909.60448        51.400
E12  27144428.460        3051.646   142644934.86747        43.150
E18  22012322.680        6552.977   115675546.95547        46.100
E26  21937924.900        -960.618   115284608.65548        50.750
G02  25361304.500       -2872.420   133274568.02206        40.400
G04  21295413.500        1989.694   111908161.54808        50.700
G05  25253139.200        1493.008                          39.100
G12  24545514.780       -2902.388   128987639.85708        49.050
G14  23791900.420       -2545.279   125027262.45007        44.400
G21  22276657.180        2523.455   117064658.57708        50.050
G25  21661154.980       -1893.896   113830196.29308        51.300
G26  22834556.240        2619.261   119996408.37608        49.000
G29  20485777.220       -1479.894   107653527.01608        51.350
G31  20808146.120         508.718   109347556.28808        51.700
G32  25079807.440       -3025.015   131795269.34707        44.400
R04  24565848.760         336.397   131548991.22206        38.550
R10  23595376.040       -3869.481   125776674.76107        45.700
R11  19688590.220       -1551.688   105209854.99308        50.950
R12  19783667.760        2049.299   105680800.04808        49.900
R13  24248077.120        4058.123   129483368.37505        33.050
R22  19451737.440        1528.996   103834737.07508        51.050
R23  23561065.960        4126.947   126035832.83807        45.350
> 2018 01 01 22 50 00.0000000  0 26
C05  39945818.160           8.727   160845293.76007        43.450
C13  40285629.580        -857.631   162213552.28106        36.600
E01  23642703.140        -836.193   124243285.47748        51.600
E12  26970828.280        3029.744   141732664.77547        42.950
E18  21638665.280        6536.158   113711962.17047        47.600
E26  21996088.080       -1075.886   115590256.73648        51.250
G02  25527173.700       -2936.985                          39.350
G04  21183914.760        1916.310   111322231.25708        50.650
G05  25171472.740        1366.586   132276979.50407        43.200
G12  24711989.700       -2929.059   129862469.91107        45.950
G14  23939148.140       -2611.149   125801052.65407        45.650
G16  25005416.520        3030.228   131404353.11807        43.700
G20  25059219.400        2590.136   131687084.61005        34.350
G21  22135863.480        2408.390   116324781.27308        50.750
G25  21771676.640       -1977.728   114410991.01108        51.200
G26  22686014.220        2584.466   119215818.24008        48.300
G29  20573524.780       -1592.792   108114642.58108        51.650
G31  20784284.380         327.215   109222165.23708        51.200
G32  25251999.940       -3005.984   132700145.85407        44.200
R04  24553424.720         107.571   131482474.19906        37.000
R10  23815097.060       -3937.180   126947906.59607        46.400
R11  19781288.500       -1750.124   105705207.06808        50.950
R12  19673201.320        1883.215   105090709.47308        49.550
R13  24019631.540        4073.676   128263489.10006        38.300
R22  19372257.260        1299.640   103410467.19508        50.950
R23  23331501.860        4058.944   124807819.35107        46.700
> 2018 01 01 22 55 00.0000000  0 27
C05  39945210.960           7.548   160842849.01707        43.250
C13  40349685.860        -861.959   162471476.08406        37.550
E01  23693238.920        -934.441   124508854.73848        51.350
E12  26798591.840        3003.541   140827552.39047        44.850
E18  21266323.120        6506.186   111755294.06648        48.200
E24  26303226.960        2719.792   138224389.64647        43.150
E26  22060711.860       -1187.383   115929856.99248        51.550
G02  25696547.660       -2995.447   135036274.26806        38.250
G04  21076711.260        1838.839   110758872.06408        50.850
G05  25097259.800        1231.834   131886971.10106        38.700
G12  24879958.840       -2954.977   130745155.33907        43.400
G14  24089846.520       -2666.794   126592981.55407        44.050
G16  24832389.700        3031.392   130495091.26307        43.850
G20  24911794.920        2573.961   130912357.94215        33.150
G21  22001831.100        2286.093   115620438.62008        50.450
G25  21886958.540       -2060.979   115016799.58008        51.600
G26  22539555.400        2545.930   118446169.75208        50.650
G29  20667540.920       -1699.871   108608699.53608        51.700
G31  20770851.700         143.124   109151571.83908        51.800
G32  25422841.780       -2977.711   133597923.86207        44.500
R04  24553849.220        -122.016   131484748.97306        36.150
R10  24038428.980       -3998.208   128138390.73407        44.600
R11  19885087.060       -1947.253   106259873.01208        51.250
R12  19572356.280        1706.353   104552013.55508        49.600
R13  23790545.660        4080.813   127040183.01206        37.450
R22  19305686.440        1069.270   103055110.23108        50.350
R23  23105982.080        3982.140   123601445.65107        46.650
> 2018 01 01 23 00 00.0000000  0 25
C05  39944666.700           6.822   160840657.41907        43.550
C13  40414028.920        -865.332   162730562.21206        36.000
E01  23749399.000       -1033.255   124803976.22748        51.250
E12  26627947.600        2973.824   139930812.69647        44.650
E18  20896032.720        6463.911   109809403.63048        49.150
E24  26147608.420        2731.362   137406612.58546        41.700
E26  22131555.240       -1293.947   116302141.06248        51.100
G04  20974022.920        1757.922   110219244.78908        50.200
G05  25030916.800        1090.883   131538368.78807        43.800
G12  25049360.920       -2979.628   131635370.75406        41.300
G14  24243416.980       -2711.813   127399995.31007        45.750
G16  24659340.580        3031.010   129585712.03607        45.200
G20  24765592.940        2547.021   130144066.21506        38.450
G21  21874941.240        2158.081   114953627.97308        50.650
G25  22006958.080       -2142.975   115647400.83508        51.200
G26  22395382.520        2504.162   117688536.10708        50.200
G29  20767476.160       -1800.319   109133863.69708        51.800
G31  20767962.920         -42.239   109136393.77308        51.650
G32  25591816.720       -2940.589   134485890.40107        46.050
R10  24264970.540       -4051.413   129345982.77707        43.250
R11  19999871.440       -2141.484   106873246.26508        51.250
R12  19481705.500        1520.031   104067773.93608        49.300
R13  23561290.080        4079.398   125815967.98106        40.600
R22  19252041.080         839.770   102768746.76808        50.950
R23  22884969.100        3898.086   122419173.32507        46.750
> 2018 01 01 23 05 00.0000000  0 23
C05  39944184.980           5.825   160838717.89307        43.250
C13  40478574.420        -867.268   162990457.60106        37.600
E01  23811236.560       -1133.068   125128933.06648        51.350
E12  26459121.320        2940.187   139043625.73147        43.650
E18  20528574.340        6407.158   107878399.93148        48.550
E24  25991417.460        2740.187   136585818.09347        45.000
E26  22208364.700       -1396.201   116705778.48448        50.950
G04  20876078.900        1672.787   109704543.32008        50.500
G05  24972844.780         942.750   131233197.40907        44.750
G14  24399274.100       -2746.582   128219034.31507        43.300
G16  24486380.140        3027.977   128676799.63507        45.350
G20  24621174.980        2510.924   129385145.09406        40.950
G21  21755549.380        2023.829   114326216.67608        50.750
G25  22131626.820       -2224.317   116302537.57008        51.100
G26  22253711.920        2458.253   116944053.01908        50.350
G29  20872982.900       -1894.923   109688304.72208        51.650
G31  20775696.240        -228.710   109177030.55508        51.400
G32  25758426.000       -2894.837   135361419.93207        42.250
R11  20125479.980       -2332.621   107544461.76308        51.000
R12  19401800.100        1324.047   103640932.32308        49.350
R13  23332362.320        4068.984   124593507.60606        41.700
R22  19211273.880         611.485   102551127.67108        50.800
R23  22668905.720        3805.987   121263379.77607        47.900
> 2018 01 01 23 10 00.0000000  0 23
C05  39943765.360           4.928   160837028.90807        43.550
C13  40543235.840        -868.774   163250818.92206        39.350
E01  23878790.740       -1234.047   125483934.47548        51.300
E12  26292330.940        2901.839   138167137.77447        45.650
E18  20164780.460        6334.790   105966651.33948        48.850
E24  25834829.080        2744.830   135762942.99547        43.300
E26  22290878.520       -1494.122   117139391.17248        51.000
G04  20783112.420        1583.038   109215998.87408        50.700
G05  24923402.520         788.171   130973378.70707        44.250
G12  25392191.320       -3025.565   133436864.55316        39.850
G14  24556841.980       -2772.000   129047056.78507        44.000
G16  24313631.140        3023.097   127768998.95807        44.300
G20  24479103.240        2464.173   128638554.47206        39.850
G21  21643983.620        1883.506   113739935.48308        50.750
G25  22260908.580       -2304.968   116981919.65208        50.700
G26  22114772.620        2407.868   116213923.40208        50.100
G29  20983715.120       -1984.010   110270209.55808        51.600
G31  20794085.840        -415.929   109273669.09408        51.550
R11  20261705.640       -2520.160   108272409.57008        50.950
R12  19333162.820        1118.482   103274285.15608        49.200
R13  23104293.340        4048.190   123375628.33507        43.100
R22  19183278.320         385.061   102401684.75308        51.000
R23  22458220.020        3705.813   120136353.87608        48.950
> 2018 01 01 23 15 00.0000000  0 22
C05  39943408.140           4.393   160835590.46407        42.850
C13  40607929.240        -867.976   163511313.59006        38.300
E01  23952088.120       -1334.357   125869114.62848        51.300
E12  26127788.220        2861.268   137302459.82847        44.950
E18  19805533.420        6247.675   104078793.20048        50.100
E24  25678034.820        2747.265   134938987.84947        46.050
E26  22378827.160       -1586.649   117601563.33148        51.000
G04  20695363.700        1489.843   108754876.97308        50.700
G05  24882918.580         629.053   130760635.79806        41.550
G14  24715545.080       -2786.711   129881048.44207        43.550
G16  24141229.920        3015.840   126863024.10107        46.200
G20  24339945.560        2408.852   127907274.93506        38.750
G21  21540545.540        1739.038   113196367.68708        50.600
G25  22394742.820       -2383.796   117685222.17108        50.950
G26  21978806.660        2354.136   115499418.08308        50.600
G29  21099335.300       -2066.183   110877795.37408        51.450
G31  20823125.640        -601.808   109426275.06108        51.600
R11  20408295.700       -2701.742   109055741.67008        51.000
R12  19276285.240         905.364   102970453.70608        49.350
R13  22877639.280        4018.329   122165311.44807        43.250
R22  19167890.740         162.787   102319545.78808        51.050
R23  22253322.240        3599.612   119040289.65107        47.600
> 2018 01 01 23 20 00.0000000  0 22
C05  39943113.400           3.586   160834403.64407        43.500
C13  40672576.660        -866.723   163771620.79406        36.950
E01  24031139.540       -1434.991   126284529.47348        51.350
E12  25965697.100        2816.945   136450664.65047        45.600
E18  19451764.780        6143.284   102219728.56248        50.350
E24  25521239.080        2745.556   134115015.58547        47.000
E26  22471935.300       -1674.432   118090849.66448        51.100
G04  20613079.060        1392.146   108322469.48008        50.700
G05  24851684.440         464.760   130596499.86007        45.650
G14  24874818.320       -2791.678   130718032.43206        40.050
G16  23969325.160        3005.881   125959658.63207        45.400
G20  24204268.900        2343.070   127194289.58407        44.100
G21  21445507.580        1589.814   112696939.13708        50.650
G25  22533059.440       -2461.589   118412082.11608        50.850
G26  21846068.720        2295.427   114801873.71008        50.700
G29  21219509.440       -2142.943   111509317.40608        51.450
G31  20862767.600        -786.740   109634594.48608        51.300
R11  20564955.040       -2878.152   109892882.72408        51.150
R12  19231619.060         684.236   102731856.18108        49.350
R13  22652987.980        3977.613   120965686.25907        42.800
R22  19164893.080         -55.231   102303545.13208        50.950
R23  22054602.740        3486.073   117977271.48808        49.450
> 2018 01 01 23 25 00.0000000  0 23
C05  39942881.680           2.705   160833470.37207        43.600
C13  40737099.660        -864.989   164031431.30305        35.000
E01  24115938.920       -1535.698   126730155.13348        51.100
E12  25806253.540        2768.678   135612783.97247        45.750
E18  19104459.500        6021.119   100394626.41148        50.350
E24  25364653.020        2739.665   133292151.67847        46.500
E26  22569923.600       -1757.587   118605783.68748        50.900
G04  20536508.800        1289.695   107920088.96608        50.650
G05  24829952.920         296.096   130482302.49307        42.600
G14  25034103.200       -2787.086   131555081.86006        41.650
G16  23798079.180        2993.077   125059758.24907        45.650
G20  24072639.760        2266.972   126502577.33707        45.900
G21  21359109.540        1436.461   112242914.00208        50.600
G25  22675782.580       -2538.166   119162096.81608        50.700
G26  21716824.640        2231.697   114122690.53508        50.850
G27  25113852.940        3137.907   131974179.68607        42.350
G29  21343916.680       -2214.459   112163077.47708        51.650
G31  20912920.880        -969.913   109898152.59208        51.400
R11  20731349.060       -3048.462   110782041.35608        51.150
R12  19199573.420         456.030   102560674.49308        49.000
R13  22430953.080        3925.080   119780034.09307        43.950
R22  19174016.060        -268.345   102352243.56208        51.050
R23  21862427.660        3366.182   116949267.67508        49.000
> 2018 01 01 23 30 00.0000000  0 23
C05  39942713.040           1.979   160832791.23407        43.300
C13  40801426.880        -861.069   164290445.45905        33.600
E01  24206466.780       -1635.373   127205881.77048        51.200
E12  25649645.700        2717.567   134789801.37347        47.000
E18  18764648.720        5880.829    98608910.07348        50.600
E24  25208503.420        2730.313   132471578.18647        47.100
E26  22672510.180       -1835.368   119144881.05248        50.800
G04  20465904.500        1183.402   107549059.38808        50.700
G05  24817937.180         124.503   130419157.13006        41.500
G14  25192854.840       -2772.782   132389338.84407        43.350
G16  23627669.380        2976.733   124164249.29707        46.000
G20  23945621.560        2181.540   125835090.75107        46.550
G21  21281557.860        1280.229   111835380.14208        50.150
G25  22822826.260       -2612.805   119934816.65908        50.500
G26  21591350.820        2163.398   113463324.96208        50.600
G27  24935710.900        3102.739   131038049.78007        43.000
G29  21472241.060       -2280.100   112837426.20408        51.550
G31  20973453.720       -1149.990   110216252.90808        51.500
R11  20907103.620       -3211.248   111721219.63008        50.600
R12  19180507.080         222.284   102458823.83608        49.350
R13  22212174.580        3861.680   118611767.67507        43.350
R22  19194940.840        -474.932   102463942.20408        50.950
R23  21677142.180        3240.713   115958116.15408        49.350
> 2018 01 01 23 35 00.0000000  0 23
C05  39942605.620           1.022   160832359.27407        43.350
C13  40865481.460        -857.748   164548358.32605        33.500
E01  24302683.580       -1734.887   127711505.67248        51.300
E12  25496047.760        2663.302   133982642.81247        47.050
E18  18433409.360        5720.740    96868238.01348        51.050
E24  25053023.160        2716.292   131654525.50847        47.600
E26  22779410.280       -1908.556   119706640.71848        51.100
G04  20401516.580        1071.997   107210698.98408        50.900
G14  25350538.120       -2749.749   133217960.46706        41.200
G16  23458283.800        2957.063   123274123.70607        46.850
G18  25149895.020        2523.551   132163588.11706        36.800
G20  23823767.120        2086.135   125194739.86507        45.100
G21  21213025.660        1120.733   111475237.52908        50.700
G25  22974094.920       -2685.954   120729736.50808        50.550
G26  21469935.040        2089.589   112825278.48808        50.850
G27  24759648.100        3065.096   130112830.82007        44.100
G29  21604178.320       -2340.975   113530764.16708        51.250
G31  21044189.880       -1327.142   110587972.85008        51.700
R11  21091807.280       -3367.021   112708218.98908        51.050
R12  19174722.260         -16.657   102427921.73308        49.600
R13  21997313.200        3785.669   117464418.89707        45.850
R22  19227304.300        -675.173   102636700.22808        51.100
R23  21499062.280        3109.413   115005508.69108        49.750
> 2018 01 01 23 40 00.0000000  0 24
C05  39942561.240            .145   160832179.71707        43.150
E01  24404538.540       -1833.196   128246753.51148        51.400
E12  25345631.100        2605.990   133192199.19347        46.850
E18  18111865.140        5540.807    95178508.89248        51.400
E24  24898461.000        2697.848   130842296.12547        47.950
E26  22890338.740       -1976.808   120289576.86048        50.550
G04  20343598.740         956.348   106906336.51308        51.050
G05  24823681.740        -226.222   130449337.98116        38.250
G14  25506633.600       -2717.668                          33.950
G16  23290129.980        2933.643   122390465.84407        47.350
G18  25004710.480        2561.877   131400630.30406        38.950
G20  23707622.600        1981.250   124584396.74807        45.900
G21  21153649.720         959.156   111163216.17508        50.250
G25  23129485.040       -2757.436   121546318.43708        49.750
G26  21352873.400        2010.632   112210117.71208        50.700
G27  24585777.020        3025.586   129199128.90707        45.100
G29  21739440.760       -2396.825   114241569.67708        51.700
G31  21124916.800       -1500.121   111012196.29308        51.450
R05  24508675.540         308.660   131012926.32506        38.150
R11  21285018.820       -3514.573   113740682.46908        50.600
R12  19182465.860        -259.581   102469287.49008        49.400
R13  21787054.380        3697.302   116341649.69107        45.000
R22  19270706.640        -867.950   102868383.88408        50.900
R23  21328480.260        2973.172   114093007.46008        50.050
> 2018 01 01 23 45 00.0000000  0 23
C05  39942579.400           -.580   160832252.73107        43.200
E01  24511960.280       -1930.080   128811260.12048        51.350
E12  25198553.520        2546.213   132419301.71147        46.850
E18  17801173.340        5340.312    93545812.81048        51.650
E24  24745073.760        2675.010   130036239.41147        47.750
E26  23005014.900       -2040.001   120892203.58348        50.700
G04  20292399.760         836.546   106637283.18008        51.250
G05  24841653.900        -403.814   130543778.11206        37.250
G16  23123425.280        2905.976   121514431.21507        47.100
G18  24857529.880        2592.900   130627191.74506        41.650
G20  23597721.480        1867.319   124006863.52307        46.350
G21  21103532.780         796.327   110899852.08708        50.100
G25  23288884.760       -2826.659   122383968.46108        50.050
G26  21240472.900        1926.251   111619446.78008        51.300
G27  24414203.260        2984.555   128297507.11907        43.600
G29  21877747.740       -2447.821   114968380.89408        51.250
G31  21215383.620       -1668.388   111487600.36008        51.650
R05  24497755.500          79.780   130954549.17106        39.100
R11  21486266.460       -3653.371   114816087.30308        50.650
R12  19203922.000        -505.005   102583901.94308        49.150
R13  21582102.980        3596.513   115247220.14407        46.350
R22  19324711.960       -1052.580   103156670.00208        50.650
R23  21165656.480        2832.679   113222013.86208        50.000
> 2018 01 01 23 50 00.0000000  0 23
C05  39942660.000          -1.486   160832577.07207        43.200
E01  24624863.960       -2025.111   129404572.92148        51.350
E12  25054961.880        2484.046   131664724.48647        47.650
E18  17502524.240        5118.807    91976400.69748        51.900
E24  24593126.540        2647.435   129237754.99748        48.250
E26  23123157.180       -2098.131   121513045.28148        50.650
G04  20248164.220         712.473   106404822.93608        51.600
G05  24869752.500        -581.355   130691432.64616        36.600
G16  22958407.840        2874.386   120647251.85508        48.300
G18  24708806.400        2615.857   129845649.89807        42.600
G20  23494580.520        1744.623   123464854.83507        46.600
G21  21062741.420         632.617   110685490.32308        50.350
G25  23452170.500       -2893.494   123242039.82308        50.100
G26  21133044.220        1836.421   111054904.40808        51.450
G27  24245028.260        2941.814   127408487.39207        44.650
G29  22018836.180       -2494.280   115709804.89408        51.350
G31  21315299.820       -1831.177   112012665.61108        51.750
R05  24499740.580        -150.896   130965161.36106        37.600
R11  21695050.180       -3782.914   115931765.87108        50.350
R12  19239209.080        -751.849   102772397.24108        49.200
R13  21383178.420        3482.814   114184974.06307        45.950
R22  19388856.580       -1228.739   103499079.19408        50.650
R23  21010825.180        2688.260   112393769.13608        50.350
> 2018 01 01 23 55 00.0000000  0 24
C05  39942801.300          -2.238   160833145.81307        43.200
C13  41117671.340        -832.287   165563829.95805        31.700
E01  24743145.980       -2118.269   130026147.88348        51.100
E12  24914992.000        2419.337   130929177.30847        47.650
E18  17217127.740        4876.111    90476633.37848        52.050
E24  24442895.560        2614.850   128448284.20848        48.850
E26  23244487.300       -2151.638   122150637.81048        50.700
G04  20211128.900         584.386   106210201.86008        51.100
G05  24907979.900        -758.017   130892343.19615        33.400
G16  22795321.380        2838.396   119790230.16808        48.250
G18  24559008.980        2630.799   129058454.31607        42.850
G20  23398697.220        1613.403   122960982.59307        47.300
G21  21031302.440         468.735   110520278.49008        50.100
G25  23619207.800       -2957.904   124119826.83208        49.200
G26  21030903.180        1741.082   110518152.24208        51.050
G27  24078342.560        2897.678   126532547.92107        45.300
G29  22162453.380       -2536.400   116464515.23908        51.050
G31  21424342.380       -1987.881   112585686.85208        51.600
R05  24514673.660        -381.702   131044987.60306        38.150
R11  21910846.700       -3903.001   117084917.08008        49.200
R12  19288376.240        -998.979   103035038.38808        49.700
R13  21191011.880        3356.046   113158813.75407        46.100
R22  19462651.020       -1395.818   103892995.87008        50.950
R23  20864184.840        2540.673   111609342.73708        50.400
