     3.01           OBSERVATION DATA    M (MIXED)           RINEX VERSION / TYPE
TEQC  2013AUG30                         20140803 01:04:11UTCPGM / RUN BY / DATE 
gfzrnx-1.12-7747    FILE CONVERSION     20260914 092823 UTC COMMENT             
UNSA                                                        MARKER NAME         
41514M001                                                   MARKER NUMBER       
GFZ                 GFZ                                     OBSERVER / AGENCY   
1294                SEPT POLARX2        2.7.0               REC # / TYPE / VERS 
217-0376            TPSCR3_GGD      NONE                    ANT # / TYPE        
        0.1300        0.0000        0.0000                  ANTENNA: DELTA H/E/N
  2412830.4245 -5271936.7300 -2652209.0548                  APPROX POSITION XYZ 
                                                            COMMENT             
*********************************************************** COMMENT             
*            WARNING - FOR INTERNAL USE ONLY              * COMMENT             
* ------------------------------------------------------- * COMMENT             
*    The conversion from RINEX-2 to RINEX-3 is only a     * COMMENT             
*        REFORMATTING without any new information.        * COMMENT             
*    Consider to use a real RINEX-3 converter for your    * COMMENT             
*    raw data files to create REAL RINEX-3 data files     * COMMENT             
*                         !!!                             * COMMENT             
*********************************************************** COMMENT             
                                                            COMMENT             
*********************************************************** COMMENT             
*                 WARNING - FORMAT CONVERSION             * COMMENT             
* ------------------------------------------------------- * COMMENT             
*  The data values: observation, loss of lock (LLI) and   * COMMENT             
*  signal strength (SSI) indicators are left as they are. * COMMENT             
*    The LLI meaning differs between versions 2 and 3     * COMMENT             
*    and the Interpretation of bit 1 and 2 has to be      * COMMENT             
*                   used with caution !!!                 * COMMENT             
*********************************************************** COMMENT             
                                                            COMMENT             
RINEX 2 -> 3 TYPE CONVERSION DETAILS:                       COMMENT             
-------------------------------------                       COMMENT             
   G C1  -> C1C                                             COMMENT             
   G P1  -> C1W                                             COMMENT             
   G P2  -> C2W                                             COMMENT             
-------------------------------------                       COMMENT             
-------------------------------------                       COMMENT             
                                                            COMMENT             
G    7 C1C C1W C2W L1C L2W S1C S2W                          SYS / # / OBS TYPES 
S    3 C1C L1C S1C                                          SYS / # / OBS TYPES 
LINUX 2.4.20-8|PENTIUM IV|GCC -STATIC|LINUX|486/DX+         COMMENT             
TEQC  2013AUG30                         20140803 00:17:53UTCCOMMENT             
LINUX 2.4.20-8|PENTIUM IV|GCC -STATIC|LINUX|486/DX+         COMMENT             
TEQC  2013AUG30                         20140803 00:16:45UTCCOMMENT             
BIT 2 OF LLI FLAGS DATA COLLECTED UNDER A/S CONDITION       COMMENT             
     1     1                                                WAVELENGTH FACT L1/2
 SNR IS MAPPED TO RINEX SNR FLAG VALUE [0-9]                COMMENT             
  L1 & L2: MIN(MAX(INT(SNR_DBHZ/6), 0), 9)                  COMMENT             
    16                                                      LEAP SECONDS        
    35                                                      # OF SATELLITES     
   G01    77    77    77    77    77    77    77            PRN / # OF OBS      
   G02    91    84    84    91    84    91    84            PRN / # OF OBS      
   G03    69    68    68    69    68    69    68            PRN / # OF OBS      
   G04    75    66    66    75    66    75    66            PRN / # OF OBS      
   G05    82    78    78    82    78    82    78            PRN / # OF OBS      
   G06    89    88    88    89    88    89    88            PRN / # OF OBS      
   G07    75    75    75    75    75    75    75            PRN / # OF OBS      
   G08    73    72    72    73    72    73    72            PRN / # OF OBS      
   G10    71    69    69    71    69    71    69            PRN / # OF OBS      
   G11    79    78    78    79    78    79    78            PRN / # OF OBS      
   G12    91    85    85    91    86    91    86            PRN / # OF OBS      
   G13    86    84    84    86    84    86    84            PRN / # OF OBS      
   G14    73    71    71    73    72    73    72            PRN / # OF OBS      
   G15    79    74    74    79    74    79    74            PRN / # OF OBS      
   G16    65    62    62    65    62    65    62            PRN / # OF OBS      
   G17    87    81    81    87    81    87    81            PRN / # OF OBS      
   G18    69    67    67    69    67    69    67            PRN / # OF OBS      
   G19    70    70    70    70    70    70    70            PRN / # OF OBS      
   G20    80    78    78    80    78    80    78            PRN / # OF OBS      
   G21    71    69    69    71    69    71    69            PRN / # OF OBS      
   G22    71    71    71    71    71    71    71            PRN / # OF OBS      
   G23    84    81    81    84    81    84    81            PRN / # OF OBS      
   G24    77    77    77    77    77    77    77            PRN / # OF OBS      
   G25    81    78    78    81    78    81    78            PRN / # OF OBS      
   G26    80    80    80    80    80    80    80            PRN / # OF OBS      
   G27    77    76    76    77    77    77    77            PRN / # OF OBS      
   G28    67    65    65    67    65    67    65            PRN / # OF OBS      
   G29    90    90    90    90    90    90    90            PRN / # OF OBS      
   G30    85    78    78    85    78    85    78            PRN / # OF OBS      
   G31    92    89    89    91    89    92    89            PRN / # OF OBS      
   G32    87    85    85    87    85    87    85            PRN / # OF OBS      
   S20   186   186   186                                    PRN / # OF OBS      
   S33   288   288   288                                    PRN / # OF OBS      
   S35     9     9     9                                    PRN / # OF OBS      
   S38   231   228   231                                    PRN / # OF OBS      
   300.000                                                  INTERVAL            
  2014     8     3     0     0    0.0000000     GPS         TIME OF FIRST OBS   
  2014     8     3    23    55    0.0000000     GPS         TIME OF LAST OBS    
                                                            END OF HEADER      
> 2014 08 03 00 00 00.0000000  0 11
G05  23402918.92600  23402918.16500  23402925.76400 -43457755.78946 -33176442.24043        39.00000        20.00000
G12  23972268.24400  23972270.36400  23972275.73700  -4625929.98645  -3534982.03841        34.00000         6.00000
G15  21622846.82600  21622846.02500  21622848.95600 -32227808.24047 -22941617.08045        45.00000        34.00000
G17  21098802.47900  21098801.94200  21098803.88500 -33571748.63447 -22709252.74845        44.00000        32.00000
G24  24056365.51900  24056364.77600  24056371.79000  -8985299.62246  -6327785.58442        36.00000        12.00000
G26  20361038.21800  20361037.10400  20361039.71200 -53369645.39948 -40565656.28746        48.00000        38.00000
G28  22367490.76300  22367489.21900  22367490.29400 -49543864.09846 -37475794.57342        38.00000        16.00000
S20  20802323.01800 -12389662.45815        33.00000
S33  19389196.83800          .36216        41.00000
S35  22405559.61100  -1154640.70715        32.00000
S38  20154573.78200  -1627214.60815        34.00000
> 2014 08 03 00 05 00.0000000  0 11
G05  23440008.67500  23440008.28400  23440017.44700 -43262844.18346 -33024563.37043        38.00000        18.00000
G15  21368649.71400  21368649.49000  21368651.16000 -33563623.81247 -23982512.39245        46.00000        34.00000
G17  20964679.21100  20964678.24400  20964680.35400 -34276570.75347 -23258464.87045        44.00000        30.00000
G24  23819101.58100  23819099.74500  23819106.36800 -10232132.97546  -7299342.91042        37.00000        16.00000
G26  20197815.45700  20197814.37200  20197817.44900 -54227387.09047 -41234026.80246        47.00000        38.00000
G28  22432761.05100  22432758.81400  22432760.65100 -49200866.39846 -37208523.76342        37.00000        14.00000
G30  24005156.23900                                    -10456.55355                        32.00000
S20  20685023.50900 -13006088.07815        32.00000
S33  19270310.15800   -624747.86516        41.00000
S35  22288800.02200  -1768237.76115        32.00000
S38  20037910.91900  -2240264.67815        34.00000
> 2014 08 03 00 10 00.0000000  0 10
G05  23477224.84600  23477223.75200  23477232.09400 -43067277.70646 -32872173.65142        36.00000        16.00000
G12  23460552.97600                                    -22787.90455                        32.00000
G15  21121620.77800  21121620.33800  21121623.67900 -34861766.29847 -24994051.94745        45.00000        34.00000
G17  20842122.27700  20842121.18200  20842123.36100 -34920610.35847 -23760313.75845        44.00000        30.00000
G24  23580580.14700  23580578.43800  23580585.53000 -11485565.29246  -8276042.51543        36.00000        18.00000
G26  20043705.47800  20043704.42300  20043707.44200 -55037241.47947 -41865082.51446        47.00000        38.00000
G28  22499345.64000  22499343.52000  22499345.07300 -48850958.28146 -36935868.15042        36.00000        12.00000
S20  20567550.58200 -13623385.21915        32.00000
S33  19151319.31800  -1250049.07717        42.00000
S38  19921099.85000  -2854134.53715        33.00000
> 2014 08 03 00 15 00.0000000  0 11
G05  23514029.73800  23514028.62500  23514037.35800 -42873859.42545 -32721457.23842        35.00000        16.00000
G12  23211717.65600                                  -1330426.74055                        32.00000
G15  20882253.59500  20882252.74500  20882255.23600 -36119650.75247 -25974221.60245        45.00000        34.00000
G17  20731252.43200  20731251.45500  20731253.18400 -35503237.74647 -24214309.02245        44.00000        30.00000
G24  23340825.68600  23340826.04700  23340830.43300 -12745479.08146  -9257792.95843        37.00000        18.00000
G26  19899036.94000  19899036.12900  19899039.09900 -55797480.57147 -42457476.79146        47.00000        38.00000
G28  22566828.07200  22566827.14400  22566829.23500 -48496335.57145 -36659538.79242        34.00000        12.00000
G30  23976315.40300                                     -2108.76555                        33.00000
S20  20449935.60200 -14241460.14115        32.00000
S33  19032235.80400          .71717        42.00000
S38  19804139.03200  -3468777.71315        33.00000
> 2014 08 03 00 20 00.0000000  0 10
G05  23549892.61400  23549891.59800  23549899.49100 -42685393.48046 -32574599.07243        36.00000        18.00000
G12  22967655.00400                                  -2612957.80355                        33.00000
G15  20651007.89600  20651007.51500  20651009.57600 -37334854.39447 -26921133.53546        46.00000        36.00000
G17  20632115.84300  20632115.16900  20632117.58200 -36024200.09847 -24620253.56345        44.00000        32.00000
G24  23099862.63800  23099862.37400  23099866.85800 -14011747.45546 -10244495.01443        39.00000        18.00000
G26  19764088.28100  19764087.38200  19764090.20500 -56506641.03448 -43010069.58046        48.00000        38.00000
G28  22634798.07500  22634796.89400  22634796.69800 -48139153.27046 -36381214.94442        36.00000        12.00000
S20  20332166.30100 -14860352.94515        33.00000
S33  18913052.02800   -626316.39817        42.00000
S38  19687027.75000  -4084217.18815        34.00000
> 2014 08 03 00 25 00.0000000  0 11
G05  23584352.08100  23584350.43100  23584357.28800 -42504303.64745 -32433488.08042        35.00000        14.00000
G12  22728474.36800                                   -262544.31355                        35.00000
G15  20428382.28000  20428381.89000  20428384.01900 -38504759.21447 -27832747.74246        47.00000        36.00000
G17  20544763.11000  20544762.51400  20544764.41900 -36483243.56647 -24977949.79745        45.00000        32.00000
G24  22857788.60000  22857788.26800  22857794.39200 -15283849.72546 -11235742.88343        37.00000        20.00000
G26  19639156.80200  19639155.98200  19639159.10800 -57163161.47647 -43521644.21746        47.00000        38.00000
G28  22702925.63300  22702923.69900  22702924.19700 -47781142.54345 -36102245.68141        35.00000         8.00000
G30  23953380.72400                                    -16404.13755                        33.00000
S20  20214287.53600 -15479800.29815        33.00000
S33  18793820.35700  -1252873.90017        42.00000
S38  19569804.93300  -4700183.61915        33.00000
> 2014 08 03 00 30 00.0000000  0  9
G05  23616944.21000  23616944.48400  23616950.74600 -42333012.81246 -32300012.27742        37.00000        14.00000
G15  20214833.99800  20214833.44100  20214836.85000 -39626960.75747 -28707190.58146        46.00000        36.00000
G17  20469167.69100  20469166.61700  20469168.74600 -36880499.38147 -25287499.61845        44.00000        30.00000
G24  22614705.22100  22614704.36100  22614708.77700 -16561262.79646 -12231129.24243        38.00000        18.00000
G26  19524480.90200  19524479.77900  19524483.20800 -57765788.47747 -43991224.07646        47.00000        38.00000
G28  22770886.34600  22770884.88100  22770887.23500 -47424000.87145 -35823953.33441        33.00000         6.00000
S20  20096344.80600 -16099608.58915        33.00000
S33  18674580.02200          .84816        41.00000
S38  19452529.76700  -5316488.43015        33.00000
> 2014 08 03 00 35 00.0000000  0  9
G05  23647211.16500  23647209.65100  23647216.29400 -42173953.31446 -32176067.38141        36.00000        10.00000
G15  20010774.55100  20010773.77000  20010776.33900 -40699304.51447 -29542783.06246        47.00000        38.00000
G17  20405229.78500  20405228.40700  20405231.10300 -37216494.86447 -25549314.10245        43.00000        30.00000
G18  24147188.99700  24147188.02000  24147192.91400   -365592.54945    -61904.08141        32.00000         8.00000
G24  22370709.80500  22370708.88700  22370712.99900 -17843466.57546 -13230248.70343        39.00000        20.00000
G26  19420236.30500  19420235.14300  19420238.41500 -58313600.23847 -44418090.72946        47.00000        38.00000
G28  22838366.04400                                    141895.07955                        33.00000
S20  19978346.26100 -16719693.25915        33.00000
S33  18555346.61200   -626584.66917        42.00000
> 2014 08 03 00 40 00.0000000  0  9
G05  25173635.22600  25173634.75700  25173639.85600 -42029632.35445 -32063606.93942        32.00000        12.00000
G12  23539527.19900  23539525.95900  23539533.13800  -2371732.03345   -757679.95342        35.00000        14.00000
G15  21315512.74700  21315512.13100  21315514.95400 -41719956.84047 -30338096.65946        47.00000        36.00000
G17  21851725.09300  21851724.12600  21851726.98800 -37492208.30347 -25764155.70845        43.00000        30.00000
G18  25524697.60600  25524697.61600  25524700.67300  -1003843.68745   -559243.88540        32.00000         2.00000
G24  23624853.57400  23624852.96800  23624859.14200 -19129992.94746 -14232736.49143        39.00000        22.00000
G26  20825482.58400  20825481.47000  20825485.07500 -58806082.03947 -44801843.14746        47.00000        38.00000
S20  21359237.44500 -17340123.95115        32.00000
S33  19935061.83700  -1253216.92516        41.00000
> 2014 08 03 00 45 00.0000000  0 11
G04  25564905.95800                                  -1237255.98555                        32.00000
G12  23320069.68400  23320068.78500  23320074.00100  -3524987.70046  -1656319.33643        41.00000        20.00000
G15  21131478.98700  21131478.22500  21131480.93100 -42687062.33647 -31091685.50846        47.00000        38.00000
G17  21810538.70800  21810538.34700  21810540.06600 -37708643.54447 -25932806.52145        43.00000        30.00000
G18  25411373.92700                                  -1599375.14755                        33.00000
G24  23379359.02000  23379358.18900  23379361.87200 -20420077.06446 -15237996.67343        41.00000        22.00000
G26  20742390.68400  20742389.53100  20742393.14600 -59242733.52747 -45142091.22446        47.00000        38.00000
G30  25428814.53200                                    -14332.04855                        33.00000
S20  21241138.01100 -17960768.28915        33.00000
S33  19815837.76600          .13716        41.00000
S38  20599339.68900   -224895.88715        33.00000
> 2014 08 03 00 50 00.0000000  0  9
G04  25398258.86200                                  -2112997.57155                        33.00000
G12  23105470.17300  23105469.73400  23105474.42300  -4652708.79246  -2535061.82644        40.00000        26.00000
G15  20957930.41300  20957929.38700  20957932.58200 -43599066.23747 -31802337.95446        47.00000        38.00000
G17  21780367.01500  21780366.09700  21780367.51300 -37867199.68447 -26056356.86244        44.00000        28.00000
G18  25305958.07800  25305958.64500  25305960.19800  -2153337.86545   -100032.33641        33.00000         6.00000
G24  23133335.92600  23133335.45700  23133340.02900 -21712932.65046 -16245416.27644        40.00000        24.00000
G26  20669945.77300  20669944.89400  20669948.09800 -59623434.50647 -45438741.45946        47.00000        36.00000
S20  21122999.23000 -18581584.11715        33.00000
S33  19696638.14500   -626386.54916        40.00000
> 2014 08 03 00 55 00.0000000  0  8
G12  22895620.40500  22895619.38000  22895624.34200  -5755470.08547  -3394354.47443        42.00000        22.00000
G15  20795082.30000  20795081.44000  20795084.24400 -44454840.19447 -32469175.09046        47.00000        38.00000
G17  21760860.33300  21760859.92300  21760861.86700 -37969707.63447 -26136233.42544        43.00000        28.00000
G18  25208162.95500  25208161.28500  25208167.48800  -2667261.60145   -500493.85340        32.00000         2.00000
G24  22886914.97600  22886914.59500  22886920.19200 -23007881.43646 -17254466.68744        40.00000        24.00000
G26  20608084.08300  20608083.51600  20608086.48600 -59948519.97648 -45692055.13946        48.00000        36.00000
G28  24596582.54100                                     31016.19055                        33.00000
S33  19577437.30400  -1252802.83216        41.00000
> 2014 08 03 01 00 00.0000000  0  8
G02  24768450.99800  24768447.29600  24768450.67600  -1384233.04045   -237894.57541        32.00000         6.00000
G12  22690320.70300  22690320.17600  22690324.05400  -6834321.21046  -4235016.48044        41.00000        24.00000
G15  20643032.82100  20643032.48900  20643035.00900 -45253866.55647 -33091793.47346        47.00000        38.00000
G17  21751557.08700  21751555.63100  21751558.50300 -38018599.80647 -26174331.42544        42.00000        28.00000
G24  22640173.58200  22640172.78100  22640177.91900 -24304513.90346 -18264829.32744        39.00000        26.00000
G26  20556621.47900  20556620.89300  20556624.20400 -60218958.65347 -45902786.93845        46.00000        34.00000
S33  19458124.31100          .21616        41.00000
S38  20246658.55700   -486139.42715        34.00000
> 2014 08 03 01 05 00.0000000  0  7
G12  22489508.72600  22489507.88600  22489512.69200  -7889589.00746  -5057302.36643        38.00000        18.00000
G15  20501987.44400  20501986.69200  20501989.28000 -45995067.93347 -33669353.26346        47.00000        38.00000
G17  21752107.76100  21752107.31200  21752108.74800 -38015702.56447 -26172073.75444        43.00000        28.00000
G24  22393365.16700  22393364.41500  22393368.75200 -25601501.00246 -19275468.40644        40.00000        26.00000
G26  20515478.51500  20515477.92900  20515481.51400 -60435168.61147 -46071262.73445        46.00000        34.00000
S33  19338754.45600   -627296.33316        41.00000
S38  20128849.64500  -1105228.77015        32.00000
> 2014 08 03 01 10 00.0000000  0  8
G06  23911037.13400  23911036.69500  23911044.06000   -267310.55955    -83861.34051        32.00000         6.00000
G12  22293066.33300  22293065.00400  22293069.29300  -8921902.30746  -5861701.89643        38.00000        18.00000
G15  20372059.06300  20372058.01800  20372061.10500 -46677845.07647 -34201387.52346        47.00000        38.00000
G17  21762090.86000  21762090.05900  21762091.38700 -37963244.20347 -26131196.98444        43.00000        26.00000
G24  22146718.83000  22146717.88200  22146722.87400 -26897635.26146 -20285442.98344        40.00000        26.00000
G26  20484485.97200  20484485.09300  20484488.80500 -60598037.85747 -46198174.35345        45.00000        32.00000
S33  19219332.37000  -1254854.51816        41.00000
S38  20010932.65600  -1724894.90015        33.00000
> 2014 08 03 01 15 00.0000000  0  9
G04  24638030.96300                                   -487439.36955                        33.00000
G12  22100869.20200  22100867.81500  22100872.27000  -9931899.35346  -6648712.00843        38.00000        22.00000
G15  20253324.85800  20253324.06700  20253326.78300 -47301798.52347 -34687585.08946        47.00000        38.00000
G17  21781062.37900  21781061.83200  21781063.15100 -37863546.21847 -26053509.96444        43.00000        26.00000
G24  21900499.40100  21900499.07900  21900502.78100 -28191527.37847 -21293670.60544        42.00000        28.00000
G25  24902926.24100                                   -384515.56255                        33.00000
G26  20463440.71800  20463439.95600  20463444.92800 -60708630.97647 -46284351.32745        43.00000        30.00000
S33  19099884.05500          .34616        41.00000
S38  19892929.20600  -2345025.97915        33.00000
> 2014 08 03 01 20 00.0000000  0 11
G04  24503130.38400                                  -1196348.13855                        32.00000
G06  23454298.26400  23454297.62900  23454304.26200  -2667456.44345   -829443.53641        33.00000         8.00000
G12  21912794.42800  21912793.79300  21912797.50500 -10920235.36646  -7418842.67444        40.00000        24.00000
G15  20145817.58300  20145817.03600  20145819.66400 -47866752.73647 -35127809.11446        47.00000        38.00000
G17  21808564.00500  21808563.60400  21808565.20600 -37719021.23446 -25940892.80144        41.00000        24.00000
G24  21654999.04500  21654998.83000  21655003.19600 -29481638.75047 -22298952.00445        43.00000        30.00000
G25  24666095.55200  24666093.41300  24666104.48000  -1629066.06845   -803030.02440        33.00000         2.00000
G26  20452106.23800  20452105.21200  20452109.96900 -60768199.49447 -46330769.00145        46.00000        32.00000
S20  20411887.60200  -3250438.86115        32.00000
S33  18980435.86800   -627691.20016        40.00000
S38  19774867.89800  -2965461.27515        33.00000
> 2014 08 03 01 25 00.0000000  0 10
G02  23438591.20100  23438591.67000  23438593.19400  -8372706.62945   -672057.24540        32.00000         4.00000
G06  23229825.92100  23229823.99700  23229832.54400  -3847065.25545   -422318.03841        33.00000        10.00000
G12  21728868.50200  21728867.95500  21728871.31600 -11886768.12147  -8171983.66044        43.00000        28.00000
G15  20049682.60100  20049681.82000  20049684.77000 -48371945.93247 -35521466.14146        47.00000        38.00000
G17  21844279.29900  21844278.50800  21844279.89500 -37531337.17346 -25794645.12343        41.00000        22.00000
G24  21410694.84000  21410694.27300  21410698.31700 -30765467.32147 -23299337.50845        43.00000        30.00000
G26  20450364.42300  20450363.17300  20450367.21700 -60777356.10447 -46337904.49345        45.00000        32.00000
S20  20293272.61100  -3873744.10315        32.00000
S33  18861187.65900  -1254350.14416        41.00000
S38  19656932.10400  -3585187.15815        34.00000
> 2014 08 03 01 30 00.0000000  0  9
G04  24253684.42100  24253682.46700  24253685.89600  -2507198.52645   -912360.42340        33.00000         2.00000
G06  23008861.21900  23008861.14000  23008866.96200  -5008242.00745  -1327130.38841        34.00000         6.00000
G12  21549021.66900  21549021.37600  21549024.01300 -12831869.51247  -8908425.81445        44.00000        30.00000
G15  19964925.41200  19964924.71900  19964927.54200 -48817349.47047 -35868533.97646        47.00000        38.00000
G17  21887783.62000  21887783.11200  21887785.29000 -37302714.98046 -25616497.69943        38.00000        20.00000
G24  21167991.91100  21167991.19800  21167997.10800 -32040874.11547 -24293160.40645        42.00000        30.00000
G26  20457970.94600  20457969.88100  20457975.00000 -60737384.54547 -46306758.36645        45.00000        30.00000
S33  18742242.65200          .19616        41.00000
S38  19539247.13400  -4203644.81715        34.00000
> 2014 08 03 01 35 00.0000000  0  9
G04  24139760.97200                                    -79782.74355                        34.00000
G12  21373100.86600  21373100.16200  21373103.38600 -13756337.00347  -9628789.48045        43.00000        32.00000
G15  19891425.39600  19891424.78100  19891427.63300 -49203594.55847 -36169504.36746        47.00000        38.00000
G17  21938569.41000  21938569.04800  21938569.35100 -37035839.00446 -25408542.23543        40.00000        20.00000
G24  20927243.89500  20927242.89900  20927247.43200 -33306012.29547 -25278982.06445        42.00000        30.00000
G25  23973319.11000                                  -1083844.33055                        32.00000
G26  20474571.64300  20474570.69600  20474575.30700 -60650150.98947 -46238784.77745        44.00000        30.00000
S33  18623633.47300   -623301.36916        41.00000
S38  19421823.54700  -4820666.32015        33.00000
> 2014 08 03 01 40 00.0000000  0  9
G02  24116352.65100  24116349.27100  24116353.09100  -2177332.21645   -774214.31440        33.00000         4.00000
G12  22699766.18800  22699765.73900  22699767.81900 -14661758.11347 -10334311.57545        44.00000        30.00000
G15  21327830.56300  21327829.77200  21327832.74200 -49532336.56847 -36425667.14346        47.00000        38.00000
G17  23494927.57600  23494926.27700  23494928.16200 -36734219.80746 -25173514.33143        37.00000        18.00000
G24  22187639.38700  22187638.88900  22187643.49900 -34559688.47647 -26255872.44145        43.00000        30.00000
G26  21998592.68500  21998591.90400  21998596.95400 -60518469.88547 -46136176.95444        44.00000        28.00000
S20  21437834.57800  -5736146.08015        32.00000
S33  20004209.93900  -1245425.41516        41.00000
S38  20803536.63500  -5436840.06415        34.00000
> 2014 08 03 01 45 00.0000000  0 11
G02  23841903.42100  23841901.59400  23841907.12300  -3619563.10145  -1898030.12242        35.00000        12.00000
G06  23871251.37300  23871250.33800  23871256.76500  -8353441.53045   -592585.82041        35.00000        10.00000
G12  22530826.04600  22530824.99100  22530827.58000 -15549545.87147 -11026093.93845        44.00000        32.00000
G15  21275895.42200  21275894.58200  21275897.70800 -49805258.11247 -36638333.64346        46.00000        36.00000
G17  23558311.29200  23558310.68600  23558312.47400 -36401138.00646 -24913970.01243        38.00000        18.00000
G24  21951531.77500  21951531.62900  21951535.77000 -35800443.59447 -27222694.44145        44.00000        32.00000
G25  25024340.28100                                   -291809.82555                        32.00000
G26  22031591.06300  22031589.90000  22031595.36100 -60345065.65747 -46001057.70344        43.00000        26.00000
S20  21319987.24700  -6355417.82815        32.00000
S33  19885975.03700          .81216        41.00000
S38  20686368.74600  -6052542.46315        34.00000
> 2014 08 03 01 50 00.0000000  0 10
G02  23568079.62200  23568078.02000  23568081.41000  -5058524.10746  -3019297.93842        37.00000        14.00000
G06  23669503.91400  23669505.16400  23669511.60200  -9413616.63245  -1418694.93141        32.00000        10.00000
G12  22365132.06300  22365130.91100  22365134.39800 -16420269.41047 -11704579.04145        44.00000        32.00000
G15  21234374.48900  21234373.87400  21234376.95100 -50023454.21247 -36808356.98146        46.00000        36.00000
G17  23627206.61700  23627204.46800  23627207.74100 -36039092.79945 -24631856.80742        35.00000        16.00000
G24  21718341.83100  21718340.98100  21718346.27600 -37025862.90747 -28177566.37145        44.00000        34.00000
G26  22072137.09900  22072136.34700  22072141.73900 -60131998.66147 -45835032.29944        44.00000        26.00000
S20  21202330.46800  -6973733.10215        32.00000
S33  19767983.16300   -620046.61116        41.00000
S38  20569387.67800  -6667304.28815        34.00000
> 2014 08 03 01 55 00.0000000  0 10
G02  23295485.38300  23295484.04500  23295488.97800  -6491010.09746  -4135520.33542        37.00000        16.00000
G06  23473901.12600  23473900.26600  23473907.66100 -10441519.48446  -2219657.50242        36.00000        14.00000
G12  22202506.82600  22202505.91800  22202508.49700 -17274867.70447 -12370499.01845        44.00000        32.00000
G15  21202948.34700  21202947.47800  21202951.13100 -50188601.01747 -36937043.08946        45.00000        36.00000
G17  23701071.09300  23701071.98200  23701073.59400 -35650922.58346 -24329386.47842        36.00000        14.00000
G24  21488474.18100  21488473.70200  21488477.59000 -38233825.76647 -29118835.97745        44.00000        34.00000
G26  22119748.94700  22119748.25400  22119753.01100 -59881801.11047 -45640073.97744        43.00000        26.00000
S20  21084866.30300  -7590988.84915        32.00000
S33  19650258.55200  -1238702.95516        41.00000
S38  20452598.74400  -7281018.97315        34.00000
> 2014 08 03 02 00 00.0000000  0  9
G02  23024617.76900  23024616.60700  23024619.81100  -7914425.48146  -5244674.71042        36.00000        14.00000
G06  23284825.80300  23284824.39600  23284831.56600 -11435118.20446  -2993889.78142        38.00000        16.00000
G12  22042643.22600  22042642.59100  22042644.84700 -18114957.81747 -13025114.71045        45.00000        32.00000
G15  21181128.78000  21181127.88100  21181131.40700 -50303265.76847 -37026392.60446        46.00000        36.00000
G17  23779243.82700  23779244.43300  23779245.33200 -35240123.68346 -24009283.16742        37.00000        12.00000
G24  21262214.50300  21262212.97900  21262217.71600 -39422829.12447 -30045331.91745        44.00000        34.00000
G26  22173794.63100  22173794.13300  22173800.00400 -59597789.54646 -45418767.28543        40.00000        22.00000
S33  19532688.02900          .30116        40.00000
S38  20335905.71700  -7894250.46415        33.00000
> 2014 08 03 02 05 00.0000000  0 11
G02  22756089.56200  22756088.71200  22756092.95100  -9325545.66146  -6344247.90043        39.00000        18.00000
G06  23102750.92200  23102750.59000  23102758.08200 -12391920.04445  -3739449.14542        32.00000        16.00000
G12  21885344.34100  21885342.91400  21885345.61100 -18941567.40347 -13669225.88145        44.00000        32.00000
G15  21168498.30600  21168497.89500  21168500.98200 -50369640.46947 -37078113.57846        46.00000        36.00000
G17  23861172.52500  23861171.77300  23861172.25100 -34809589.38546 -23673801.53742        36.00000        12.00000
G24  21039968.35100  21039967.55900  21039971.60300 -40590739.53947 -30955391.77545        45.00000        34.00000
G25  24157366.85800  24157364.50400  24157373.58800  -1607004.41046   -401222.70842        36.00000        12.00000
G26  22233736.39900  22233736.19400  22233741.77200 -59282797.91646 -45173320.32243        38.00000        20.00000
S20  20850236.89600  -8823999.45915        32.00000
S33  19415276.67200   -617001.45816        41.00000
S38  20219306.02600  -8506990.24215        35.00000
> 2014 08 03 02 10 00.0000000  0 10
G02  22490492.71700  22490490.97800  22490494.66100 -10721266.34645  -7431821.06042        34.00000        16.00000
G06  22928098.44900  22928098.10700  22928106.10800 -13309720.99246  -4454618.31042        37.00000        14.00000
G12  21730387.49000  21730386.71800  21730388.02700 -19755870.08147 -14303746.64445        45.00000        32.00000
G15  21164575.70400  21164574.35500  21164578.18500 -50390256.55947 -37094178.51045        45.00000        34.00000
G17  23946284.86400  23946284.26800  23946284.51200 -34362327.60746 -23325285.42841        36.00000        10.00000
G24  20822118.57800  20822118.28500  20822123.01300 -41735544.59647 -31847447.60746        45.00000        36.00000
G26  22298990.20800  22298989.38800  22298995.69800 -58939894.12846 -44906123.62743        38.00000        20.00000
S20  20733037.07400  -9439884.94715        33.00000
S33  19297994.53100  -1233327.40616        41.00000
S38  20102767.70100   -462891.87915        33.00000
> 2014 08 03 02 15 00.0000000  0 11
G02  22228432.02600  22228430.17000  22228433.19900 -12098399.46646  -8504910.54842        36.00000        16.00000
G04  25001376.27700                                   -315561.69255                        33.00000
G06  22761272.79600  22761270.82300  22761277.16300 -14186404.36346  -5137747.53242        37.00000        16.00000
G12  21577564.22600  21577563.13200  21577565.74000 -20558958.47547 -14929529.15245        45.00000        32.00000
G15  21168858.80900  21168858.05700  21168861.98400 -50367750.75347 -37076641.97145        45.00000        34.00000
G17  24034025.54900  24034025.35400  24034027.55200 -33901236.42145 -22965993.42642        34.00000        12.00000
G24  20609066.05200  20609065.43700  20609069.77400 -42855144.76547 -32719863.37546        46.00000        36.00000
G26  22368970.75500  22368970.59900  22368976.92900 -58572148.06346 -44619569.28043        36.00000        18.00000
S20  20615879.37300 -10055530.27415        32.00000
S33  19180822.16800          .75416        41.00000
S38  19986274.80900  -1075072.32215        34.00000
> 2014 08 03 02 20 00.0000000  0 13
G02  21970385.57500  21970384.09100  21970385.86800 -13454438.99546  -9561563.92243        39.00000        18.00000
G04  24956289.15200  24956288.83900  24956288.44800   -552506.61945   -110253.69441        33.00000         6.00000
G06  22602508.07400  22602507.47800  22602512.65500 -15020712.22545  -5787856.84142        35.00000        14.00000
G12  21426541.14200  21426540.11700  21426542.24600 -21352588.32347 -15547941.71945        45.00000        32.00000
G15  21180686.56400  21180685.57700  21180689.28000 -50305597.71547 -37028211.59145        45.00000        32.00000
G17  24123729.51900  24123728.12200  24123729.16700 -33429841.25945 -22598672.49040        32.00000         2.00000
G24  20401080.04700  20401079.00200  20401083.74000 -43948120.46247 -33571532.89846        46.00000        38.00000
G25  23527320.47900  23527319.12100  23527327.59000   -528610.37945   -352301.11042        34.00000        12.00000
G26  22442953.77000  22442952.53000  22442958.96700 -58183366.17945 -44316623.35942        35.00000        12.00000
G29  24482215.73300  24482214.47300  24482220.97900  -1506771.17846   -626767.08641        36.00000        10.00000
S20  20498624.26100 -10671727.68215        32.00000
S33  19063603.48300   -615973.08616        41.00000
S38  19869669.76600  -1687825.45615        34.00000
> 2014 08 03 02 25 00.0000000  0 13
G02  21716997.37600  21716994.99200  21716998.10800 -14786001.25146 -10599144.14643        39.00000        20.00000
G04  24918589.99100                                   -128067.67255                        33.00000
G06  22452180.68700  22452180.56000  22452187.39700 -15810683.45745  -6403418.48642        35.00000        14.00000
G12  21277159.97200  21277159.73800  21277160.97800 -22137592.66547 -16159633.61645        45.00000        32.00000
G15  21199541.13600  21199540.71600  21199544.16400 -50206515.33747 -36951004.96945        43.00000        30.00000
G17  24214903.43900  24214903.56600  24214905.53900 -32950716.05245 -22225327.80141        32.00000         8.00000
G24  20198598.34600  20198597.77900  20198602.31200 -45012169.45247 -34400662.20246        47.00000        38.00000
G25  23320090.10000  23320089.27900  23320096.49800  -1617604.97145  -1200868.03242        33.00000        14.00000
G26  22520377.74600  22520376.05700  22520383.64700 -57776501.93345 -43999587.11542        35.00000        12.00000
G29  24165869.91600  24165867.95200  24165873.68600  -3169174.15945  -1922143.29841        35.00000        10.00000
S20  20381276.90700 -11288399.44815        32.00000
S33  18946361.91000  -1232095.74017        42.00000
S38  19752975.23400  -2301073.58015        34.00000
> 2014 08 03 02 30 00.0000000  0 12
G02  21468903.39900  21468902.20700  21468904.50300 -16089733.58046 -11615038.11843        38.00000        18.00000
G06  22310626.16100  22310625.46700  22310632.01200 -16554556.01045  -6983058.97642        34.00000        12.00000
G12  21129268.55300  21129267.76200  21129269.49100 -22914767.77247 -16765224.78745        45.00000        32.00000
G15  21224885.83800  21224884.94900  21224888.77900 -50073332.99447 -36847226.96645        43.00000        32.00000
G17  24307073.93100  24307072.19300  24307072.36800 -32466360.55745 -21847907.27641        33.00000         8.00000
G24  20002054.63500  20002053.74600  20002058.27900 -46045012.48047 -35205474.91146        47.00000        38.00000
G25  23113998.22900  23113996.85100  23114004.31400  -2700625.79446  -2044779.67742        36.00000        16.00000
G26  22600677.02400  22600675.57900  22600683.59900 -57354530.14745 -43670778.64541        35.00000        10.00000
G29  23851871.07500  23851870.22600  23851875.92100  -4819241.55846  -3207908.73242        38.00000        14.00000
S20  20263850.47700 -11905478.20415        32.00000
S33  18829100.60600          .83916        41.00000
S38  19636193.83200  -2914755.79015        33.00000
> 2014 08 03 02 35 00.0000000  0 12
G02  21226748.79100  21226746.98400  21226748.81100 -17362263.08946 -12606618.32643        40.00000        22.00000
G06  22178152.25000  22178152.63100  22178156.50900 -17250710.88745  -7525516.65742        34.00000        12.00000
G12  20982737.45300  20982736.67100  20982738.16600 -23684793.42947 -17365244.62545        45.00000        32.00000
G15  21256176.20000  21256175.36000  21256178.72000 -49908905.09947 -36719101.79845        44.00000        30.00000
G17  24399789.92100  24399788.12400  24399789.00300 -31979125.62845 -21468243.09241        33.00000         8.00000
G24  19811889.35300  19811888.75700  19811893.28000 -47044337.04747 -35984169.10246        47.00000        38.00000
G25  22908916.65500  22908915.86400  22908922.41900  -3778332.42146  -2884550.09843        39.00000        18.00000
G26  22683296.57300  22683294.46300  22683304.65100 -56920362.84045 -43332466.89542        35.00000        12.00000
G29  23540624.71900  23540623.97600  23540630.18900  -6454844.02345  -4482403.45542        34.00000        12.00000
S20  20146369.28600 -12522836.71915        32.00000
S33  18711844.93800   -616167.66916        41.00000
S38  19519354.49300  -3528754.97615        33.00000
> 2014 08 03 02 40 00.0000000  0 12
G02  20991141.25400  20991140.23800  20991141.99600 -18600384.16447 -13571387.60244        42.00000        26.00000
G06  22055005.59600  22055003.31000  22055008.06800 -17897851.62745  -8029781.54741        34.00000        10.00000
G12  20837428.21400  20837427.96000  20837428.94700 -24448396.63047 -17960259.83945        45.00000        32.00000
G14  23851286.93400  23851285.28400  23851289.47400  -2249613.24645   -866763.42040        33.00000         2.00000
G15  21292835.22000  21292835.35700  21292839.76300 -49716257.32447 -36568987.15745        42.00000        30.00000
G24  19628513.68200  19628513.25200  19628517.20800 -48007982.76547 -36735061.90046        47.00000        38.00000
G25  22704703.09300  22704700.32800  22704707.44000  -4851480.40946  -3720768.52143        36.00000        18.00000
G26  22767666.44500  22767664.54900  22767672.73500 -56477003.74445 -42986992.27042        35.00000        12.00000
G29  23232507.32000  23232506.96900  23232514.01200  -8074006.60645  -5744087.71341        34.00000        10.00000
S20  20028835.99000 -13140476.45715        33.00000
S33  18594602.16400  -1232285.57016        41.00000
S38  19402456.46600  -4143057.13815        33.00000
> 2014 08 03 02 45 00.0000000  0 12
G02  22261675.78600  22261673.97900  22261674.62400 -19800781.12447 -14506761.36944        42.00000        24.00000
G06  23440383.68400  23440383.80100  23440390.69800 -18494730.06346  -8494880.83643        38.00000        22.00000
G12  22192211.84200  22192211.22700  22192213.36600 -25206059.62947 -18550646.27645        45.00000        32.00000
G14  25085408.12200  25085407.72200  25085409.69500  -3641366.05945  -1951246.56641        33.00000         6.00000
G15  22833274.44600  22833274.46600  22833277.26900 -49498300.94147 -36399151.64244        43.00000        28.00000
G24  20951324.05800  20951323.35500  20951327.54500 -48933669.15948 -37456376.18846        48.00000        40.00000
G25  24000213.34600  24000213.37500  24000221.41500  -5920622.01246  -4553865.64643        38.00000        20.00000
G26  24352207.96400  24352207.74000  24352215.89600 -56027271.77945 -42636551.06441        35.00000        10.00000
G29  24426883.21800  24426882.93500  24426889.02000  -9674618.06046  -6991316.08842        38.00000        16.00000
S20  21410245.50500 -13758221.29315        32.00000
S33  19976367.42500          .12816        41.00000
S38  20784495.23300  -4757482.34315        34.00000
> 2014 08 03 02 50 00.0000000  0 12
G02  22040976.16900  22040974.86000  22040976.57900 -20960560.16946 -15410484.58544        41.00000        26.00000
G06  23336504.33700  23336503.83900  23336509.20200 -19040618.85346  -8920247.86342        37.00000        16.00000
G12  22049029.46000  22049028.59000  22049029.73300 -25958488.20447 -19136953.95145        45.00000        32.00000
G14  24827858.89300  24827856.89100  24827861.01300  -4994801.33645  -3005871.69941        32.00000         8.00000
G15  22878960.22800  22878959.83800  22878963.62800 -49258223.40047 -36212078.75344        43.00000        28.00000
G24  20782756.47300  20782755.67200  20782760.13600 -49819496.66047 -38146631.36246        47.00000        40.00000
G25  23797366.01300  23797364.03000  23797372.24500  -6986591.42746  -5384489.99443        40.00000        22.00000
G26  24438426.36100  24438428.31400  24438432.32900 -55574183.52145 -42283494.04840        33.00000         2.00000
G29  24126150.26700  24126151.27300  24126156.07000 -11254975.02546  -8222762.14442        37.00000        16.00000
S20  21292659.55700 -14376141.23715        32.00000
S33  19859190.28500   -615763.61516        41.00000
S38  20667527.45900  -5372138.99015        33.00000
> 2014 08 03 02 55 00.0000000  0 12
G02  21828700.43600  21828698.33600  21828699.75200 -22076074.29647 -16279714.98444        42.00000        26.00000
G06  23242581.66600  23242580.74700  23242586.69600 -19534184.43246  -9304843.75043        36.00000        18.00000
G12  21906885.23500  21906883.81800  21906886.89500 -26705458.93047 -19719008.93145        44.00000        32.00000
G14  24578150.49200  24578147.46400  24578153.60800  -6307023.90645  -4028382.84041        32.00000         8.00000
G15  22928397.80200  22928398.04600  22928401.47500 -48998424.35746 -36009638.24444        41.00000        24.00000
G24  20622280.55000  20622280.06200  20622284.00800 -50662803.30548 -38803753.25146        48.00000        40.00000
G25  23595133.35700  23595132.21400  23595137.79200  -8049327.43946  -6212594.84243        39.00000        20.00000
G26  24524870.67100  24524871.63800  24524874.95900 -55119915.66045 -41929517.21241        33.00000         8.00000
G29  23829752.19400  23829753.28900  23829757.72300 -12812545.90746  -9436451.49243        38.00000        20.00000
S20  21175173.01300 -14993535.50215        33.00000
S33  19742176.62000  -1230671.72916        41.00000
S38  20550659.28400  -5986302.62315        33.00000
> 2014 08 03 03 00 00.0000000  0 11
G02  21625382.37300  21625380.37100  21625381.34700 -23144515.81047 -17112266.00244        42.00000        26.00000
G06  23158693.83600  23158693.41600  23158698.04600 -19975013.51946  -9648346.36943        36.00000        18.00000
G12  21765708.55100  21765708.31600  21765709.44000 -27447347.42347 -20297103.55945        45.00000        32.00000
G14  24336680.01400  24336676.77100  24336680.62000  -7575965.21745  -5017168.34541        33.00000         8.00000
G15  22981005.97700  22981005.88900  22981010.14800 -48721967.58546 -35794217.63544        41.00000        24.00000
G24  20470250.67600  20470250.31400  20470254.31000 -51461723.80848 -39426288.29446        48.00000        40.00000
G25  23393405.75700  23393403.83200  23393409.53700  -9109413.78246  -7038635.38843        40.00000        22.00000
G29  23538024.03600  23538023.28400  23538027.81700 -14345583.62346 -10631023.84843        38.00000        20.00000
S20  21057799.18600 -15610345.03015        32.00000
S33  19625335.70800          .39616        41.00000
S38  20433892.76900  -6599915.67315        34.00000
> 2014 08 03 03 05 00.0000000  0 11
G02  21431615.05900  21431613.74000  21431614.16000 -24162764.13946 -17905705.67144        41.00000        26.00000
G06  23084963.85200  23084964.32000  23084968.97000 -20362462.34846  -9950254.08843        36.00000        18.00000
G12  21625533.66600  21625532.72800  21625534.27200 -28183971.05547 -20871095.67745        45.00000        32.00000
G14  24103897.81300  24103897.55900  24103901.17300  -8799234.25746  -5970365.41942        36.00000        12.00000
G15  23036294.20200  23036292.69700  23036298.65600 -48431428.41046 -35567823.58243        38.00000        22.00000
G24  20327087.79100  20327086.88300  20327091.46400 -52214049.92847 -40012516.25246        47.00000        40.00000
G25  23192169.05800  23192167.90600  23192174.31400 -10166912.85746  -7862659.87544        40.00000        24.00000
G29  23251369.89300  23251369.24800  23251374.62000 -15851956.42146 -11804819.46244        41.00000        26.00000
S20  20940638.75000 -16226044.69815        32.00000
S33  19508765.95800   -612575.27116        41.00000
S38  20317329.53500  -7212462.66415        34.00000
> 2014 08 03 03 10 00.0000000  0 11
G02  21247769.61500  21247768.04200  21247768.55000 -25128877.56047 -18658520.44044        43.00000        28.00000
G06  23021280.43100  23021281.21300  23021285.03200 -20697117.80345 -10211024.27842        35.00000        14.00000
G12  21486224.38000  21486223.75500  21486225.03400 -28916046.21947 -21441543.41845        46.00000        32.00000
G14  23880044.16200  23880044.12300  23880044.96300  -9975593.06345  -6887008.55541        34.00000         8.00000
G15  23093589.40500  23093589.15100  23093593.58600 -48130341.95846 -35333211.06543        38.00000        20.00000
G24  20192995.91000  20192995.22600  20192999.36800 -52918707.49048 -40561600.06846        48.00000        40.00000
G25  22991234.62400  22991233.51000  22991239.38100 -11222823.72246  -8685446.98543        38.00000        22.00000
G29  22969989.45800  22969988.53000  22969992.23300 -17330614.70347 -12957019.20244        42.00000        24.00000
S20  20823589.95700 -16841118.20515        33.00000
S33  19392378.11500  -1224197.41316        41.00000
S38  20200880.72700  -7824415.01115        34.00000
> 2014 08 03 03 15 00.0000000  0 11
G02  21074250.34600  21074249.03700  21074249.20300 -26040722.87047 -19369048.48844        42.00000        28.00000
G06  22967564.11900  22967563.43500  22967568.71000 -20979403.53246 -10430986.71043        37.00000        18.00000
G12  21347737.34900  21347736.74300  21347738.32600 -29643796.51247 -22008621.28545        45.00000        32.00000
G14  23665394.27600  23665393.67100  23665397.79300 -11103585.36145  -7765963.77542        34.00000        12.00000
G15  23152301.93600  23152302.25900  23152306.88900 -47821802.80146 -35092791.26643        38.00000        20.00000
G24  20068224.82800  20068224.32000  20068228.44300 -53574381.80948 -41072514.74946        48.00000        40.00000
G25  22790501.64300  22790500.62700  22790505.75500 -12277685.16946  -9507416.46744        41.00000        24.00000
G29  22694138.50000  22694138.25600  22694142.24200 -18780214.38246 -14086576.16944        41.00000        24.00000
S20  20706654.17500 -17455625.52215        33.00000
S33  19276158.44500          .68416        41.00000
S38  20084525.15900  -8435847.02015        34.00000
> 2014 08 03 03 20 00.0000000  0 11
G02  20911397.51500  20911395.95200  20911396.15700 -26896516.44647 -20035899.85744        42.00000        26.00000
G06  22923662.67300  22923663.56200  22923667.77300 -21210100.61446 -10610750.12842        36.00000        14.00000
G12  21210026.31100  21210025.62700  21210026.43800 -30367473.21547 -22572525.18345        44.00000        32.00000
G14  23460165.49300  23460164.65300  23460168.04300 -12182071.66045  -8606342.78842        35.00000        12.00000
G15  23211831.66300  23211830.67600  23211835.49200 -47508977.02246 -34849031.23542        37.00000        16.00000
G24  19952967.98200  19952967.12200  19952971.52800 -54180060.04748 -41544471.67146        48.00000        40.00000
G25  22589853.95000  22589852.65100  22589858.93200 -13332093.15846 -10329032.50744        41.00000        24.00000
G29  22424029.08100  22424027.35200  22424032.46100 -20199646.36047 -15192625.92044        42.00000        26.00000
S20  20589784.89600 -18069772.26415        32.00000
S33  19160069.73100   -610055.88716        41.00000
S38  19968231.48400  -9046959.11415        33.00000
> 2014 08 03 03 25 00.0000000  0 10
G02  20759637.24900  20759635.12900  20759635.88100 -27694022.16247 -20657332.37244        42.00000        28.00000
G06  22889521.22600  22889520.71800  22889525.07500 -21389517.42345 -10750555.02942        33.00000        12.00000
G12  21073193.93200  21073192.54400  21073194.39100 -31086532.17747 -23132830.59745        45.00000        32.00000
G14  23264669.11200  23264668.35000  23264670.00100 -13209419.61946  -9406873.58642        38.00000        14.00000
G15  23271718.59100  23271718.19100  23271722.17600 -47194272.26346 -34603806.89042        38.00000        14.00000
G24  19847515.56900  19847515.22700  19847519.38900 -54734215.91047 -41976281.36346        47.00000        40.00000
G25  22389325.64700  22389324.66000  22389328.76300 -14385874.47346 -11150160.17144        41.00000        24.00000
G29  22159981.91600  22159980.93900  22159984.52400 -21587220.72146 -16273851.83044        41.00000        24.00000
S33  19044202.94500  -1218931.65316        41.00000
S38  19852098.78200  -9657246.49715        33.00000
> 2014 08 03 03 30 00.0000000  0 11
G02  20619276.40300  20619274.88900  20619274.67400 -28431621.92747 -21232084.85345        43.00000        30.00000
G06  22864970.09900  22864970.14800  22864974.90500 -21518536.64146 -10851089.04242        37.00000        14.00000
G12  20937294.37700  20937294.00500  20937294.54300 -31800689.20447 -23689316.18845        45.00000        32.00000
G14  23079103.41200  23079101.70300  23079105.98100 -14184572.24046 -10166733.02642        37.00000        14.00000
G15  23331449.53800  23331448.98100  23331452.73200 -46880382.01146 -34359217.25042        36.00000        14.00000
G24  19752051.65800  19752050.79800  19752054.95900 -55235884.33548 -42367191.91246        48.00000        40.00000
G25  22188895.47700  22188894.42200  22188900.18500 -15439138.93646 -11970885.28244        41.00000        26.00000
G29  21902226.55400  21902225.12700  21902229.97300 -22941727.67946 -17329310.51943        39.00000        20.00000
S20  20356571.95700 -19295302.65015        33.00000
S33  18928590.44000          .13616        41.00000
S38  19736145.47700 -10266578.69815        34.00000
> 2014 08 03 03 35 00.0000000  0 11
G02  20490448.96100  20490447.66100  20490446.48000 -29108610.49247 -21759607.73044        43.00000        28.00000
G06  22849678.69100  22849679.61900  22849682.92100 -21598885.05346 -10913697.98442        36.00000        12.00000
G12  20802278.19800  20802277.23100  20802279.29200 -32510200.90747 -24242182.16145        45.00000        32.00000
G14  22903507.21300  22903505.59200  22903509.58700 -15107337.99446 -10885771.31842        37.00000        16.00000
G15  23390405.64400  23390405.28300  23390410.14700 -46570564.56846 -34117801.22942        37.00000        14.00000
G24  19666597.69800  19666597.58100  19666601.54700 -55684946.23448 -42717110.28046        48.00000        40.00000
G25  21988437.43800  21988436.54900  21988442.14600 -16492550.83146 -12791724.98344        41.00000        26.00000
G29  21650848.29200  21650847.32500  21650850.73400 -24262727.65947 -18358660.52644        42.00000        28.00000
S20  20240157.04600 -19907055.80615        33.00000
S33  18813130.09800   -606734.09216        41.00000
S38  19620285.10900 -10875453.68315        34.00000
> 2014 08 03 03 40 00.0000000  0 11
G02  20373299.32900  20373298.02900  20373297.24800 -29724235.49747 -22239315.10345        44.00000        30.00000
G06  22843348.81100  22843349.11400  22843352.13200 -21632151.64746 -10939619.83342        37.00000        14.00000
G12  20668179.93800  20668179.07800  20668180.77800 -33214892.73147 -24791292.49045        45.00000        34.00000
G14  22737935.37500  22737932.38600  22737935.60900 -15977425.57546 -11563761.55542        38.00000        12.00000
G15  23448047.36200  23448045.84800  23448051.23000 -46267659.12046 -33881771.13442        36.00000        16.00000
G24  19591199.40600  19591198.72300  19591202.86400 -56081169.29048 -43025855.50946        48.00000        40.00000
G25  21787903.73300  21787901.51500  21787908.15800 -17546360.15946 -13612874.46244        40.00000        26.00000
G29  21405967.28200  21405966.21700  21405970.17300 -25549581.42246 -19361402.86443        40.00000        22.00000
S20  20123810.24000 -20518488.88115        32.00000
S33  18697797.79000  -1212817.36516        41.00000
S38  19504474.79400 -11484038.81415        34.00000
> 2014 08 03 03 45 00.0000000  0 10
G02  20267923.28600  20267921.62500  20267921.49800 -30277988.48547 -22670810.46145        44.00000        30.00000
G06  22845650.21900  22845650.87300  22845654.38000 -21620056.76345 -10930195.01542        35.00000        16.00000
G12  20535059.32900  20535058.50800  20535060.14000 -33914444.61547 -25336397.75845        45.00000        32.00000
G14  22582404.64000  22582402.64700  22582407.57000 -16794737.98746 -12200628.35842        36.00000        12.00000
G15  23503858.93000  23503857.99200  23503863.29600 -45974367.15245 -33653232.04942        35.00000        14.00000
G24  19525866.51200  19525866.14100  19525869.74600 -56424495.50647 -43293382.42946        47.00000        38.00000
G25  21587273.51600  21587272.42200  21587277.37400 -18600678.17747 -14434420.64244        42.00000        26.00000
G29  21167688.75900  21167688.72000  21167691.66000 -26801738.03046 -20337108.38844        41.00000        28.00000
S33  18582561.34000          .13916        41.00000
S38  19388688.70500    -57415.57515        33.00000
> 2014 08 03 03 50 00.0000000  0 10
G02  21673263.57600  21673262.51100  21673261.14300 -30769972.23947 -23054174.07444        43.00000        28.00000
G06  24355127.40000  24355125.35800  24355128.84500 -21564807.33145 -10887143.28441        33.00000        10.00000
G12  21901900.04500  21901899.40000  21901900.54300 -34608749.33447 -25877414.50945        45.00000        32.00000
G14  23935795.34100  23935794.10100  23935798.44800 -17559726.03546 -12796723.15042        36.00000        16.00000
G15  25056247.08800  25056244.95900  25056249.65700 -45693619.10145 -33434467.43341        32.00000         6.00000
G24  20969469.65800  20969468.99400  20969473.15500 -56715409.40147 -43520068.65046        46.00000        36.00000
G25  22885448.24900  22885447.08700  22885451.93200 -19655824.27947 -15256612.35344        42.00000        26.00000
G29  22434997.06900  22434996.07300  22434999.17900 -28019088.18647 -21285692.49044        42.00000        28.00000
S20  21390110.71500 -21741113.53815        32.00000
S33  19966308.46500   -605464.17316        41.00000
> 2014 08 03 03 55 00.0000000  0 11
G02  21591330.74600  21591329.10500  21591328.38200 -31200531.42947 -23389674.60044        42.00000        28.00000
G06  24373417.59200  24373418.85200  24373422.63300 -21468678.61645 -10812237.64141        34.00000        10.00000
G12  21770823.90500  21770824.08100  21770824.45200 -35297556.77647 -26414147.44045        45.00000        32.00000
G14  23800055.72500  23800054.38600  23800058.22500 -18273043.17346 -13352554.81242        38.00000        16.00000
G15  25106763.74900  25106761.81500  25106767.13800 -45428151.61345 -33227609.77841        35.00000        10.00000
G24  20923961.23200  20923960.86000  20923964.79700 -56954557.04447 -43706417.40746        46.00000        38.00000
G25  22684465.50000  22684464.71800  22684468.92900 -20711994.82947 -16079602.30044        42.00000        28.00000
G29  22209964.37100  22209962.80800  22209965.71000 -29201644.85247 -22207164.92144        42.00000        26.00000
S20  21273648.03600 -22353129.86415        33.00000
S33  19851037.83500  -1211219.04117        42.00000
S38  20655874.74400   -609362.71415        34.00000
> 2014 08 03 04 00 00.0000000  0 10
G02  21521093.50500  21521092.29400  21521091.71800 -31569630.06847 -23677283.82944        43.00000        28.00000
G06  24399156.04900  24399155.85400  24399159.54600 -21333430.04645 -10706849.09041        34.00000        10.00000
G12  21640989.00800  21640988.37300  21640989.36900 -35979844.08947 -26945799.67145        45.00000        32.00000
G14  23674109.04500  23674108.53700  23674111.56500 -18934896.13946 -13868284.58642        38.00000        16.00000
G24  20888264.15500  20888263.83300  20888267.25200 -57142146.41347 -43852590.83046        46.00000        36.00000
G25  22483403.72400  22483402.25900  22483406.27400 -21768581.74947 -16902916.44544        43.00000        28.00000
G29  21991657.79900  21991657.01800  21991659.91900 -30348847.35546 -23101088.61744        40.00000        26.00000
S20  21157123.10400 -22965450.20515        32.00000
S33  19735767.33200          .69116        41.00000
S38  20539850.57900  -1219063.24115        34.00000
> 2014 08 03 04 05 00.0000000  0 10
G02  21462483.87500  21462483.06400  21462482.22400 -31877626.60147 -23917281.07944        44.00000        28.00000
G06  24431961.49100  24431960.76800  24431965.76000 -21161031.18345 -10572512.01141        33.00000        10.00000
G12  21512587.00900  21512586.16900  21512587.77100 -36654600.62847 -27471583.94345        45.00000        32.00000
G14  23557851.27800  23557850.02800  23557852.65500 -19545835.50346 -14344341.33442        38.00000        16.00000
G24  20862278.50800  20862277.64900  20862281.64400 -57278703.45146 -43958998.80745        40.00000        30.00000
G25  22282375.56200  22282374.67300  22282379.50800 -22824986.99347 -17726088.90844        43.00000        28.00000
G29  21780137.99500  21780137.36000  21780139.29400 -31460392.68047 -23967227.41444        42.00000        28.00000
S20  21040580.51000 -23577884.21415        32.00000
S33  19620534.55500   -605551.65516        41.00000
S38  20423794.14900  -1828926.62215        34.00000
> 2014 08 03 04 10 00.0000000  0 10
G02  21415326.32600  21415324.82100  21415324.85100 -32125438.30047 -24110381.04444        42.00000        28.00000
G06  24471390.72500  24471390.35300  24471392.90300 -20953831.07645 -10411057.13240        34.00000         2.00000
G12  21385773.16800  21385772.45500  21385773.86200 -37321010.24847 -27990864.14345        44.00000        32.00000
G14  23451079.20300  23451079.02700  23451080.43300 -20106924.86246 -14781553.75642        36.00000        14.00000
G24  20845808.02400  20845808.29800  20845812.21500 -57365251.14947 -44026438.63444        43.00000        28.00000
G25  22081463.78000  22081462.38300  22081467.04300 -23880786.33047 -18548789.46845        43.00000        30.00000
G29  21575381.01600  21575380.95700  21575382.98900 -32536394.64647 -24805669.98145        45.00000        32.00000
S20  20924017.39300 -24190482.50515        34.00000
S33  19505323.76600  -1210987.59116        41.00000
S38  20307702.25000  -2439029.98515        34.00000
> 2014 08 03 04 15 00.0000000  0  9
G02  21379453.07600  21379451.65000  21379451.27900 -32313955.74747 -24257277.63144        42.00000        28.00000
G12  21260775.91900  21260774.95200  21260775.79200 -37977876.06447 -28502707.57045        45.00000        32.00000
G14  23353606.63300  23353604.74700  23353607.70700 -20619152.61245 -15180692.17841        34.00000        10.00000
G24  20838679.10800  20838677.63300  20838682.22400 -57402720.19846 -44055635.35143        37.00000        22.00000
G25  21880825.03500  21880824.01900  21880827.78000 -24935148.99947 -19370370.56945        43.00000        30.00000
G29  21377397.20700  21377396.27900  21377399.44400 -33576802.69747 -25616376.88745        46.00000        34.00000
S20  20807437.81500 -24803069.01315        32.00000
S33  19390175.11500          .33016        40.00000
S38  20191592.64100  -3049163.50115        34.00000
> 2014 08 03 04 20 00.0000000  0  9
G02  21354589.83900  21354588.64700  21354587.44600 -32444611.15847 -24359086.90744        42.00000        26.00000
G12  21137782.78600  21137781.15400  21137781.92600 -38624210.83447 -29006345.01645        44.00000        32.00000
G14  23265145.72200                                 -21084010.31955      -640.46751        32.00000         8.00000
G24  20840618.61600  20840617.23800  20840621.44800 -57392527.74746 -44047693.12843        40.00000        22.00000
G25  21680583.68900  21680582.73200  21680586.99100 -25987424.00347 -20190324.96045        44.00000        30.00000
G29  21186116.89100  21186115.55200  21186118.10200 -34581987.48847 -26399637.73645        44.00000        32.00000
S20  20690863.67900 -25415664.99115        33.00000
S33  19275076.69200   -604837.34816        41.00000
S38  20075471.21200  -3659387.94415        34.00000
> 2014 08 03 04 25 00.0000000  0  8
G02  21340322.05300  21340320.10900  21340319.81600 -32519588.63846 -24417510.88144        41.00000        24.00000
G12  21016896.56100  21016895.38900  21016897.47000 -39259469.92847 -29501352.01145        44.00000        32.00000
G24  20851225.20200  20851224.93900  20851228.00600 -57336789.16146 -44004260.60144        39.00000        24.00000
G25  21480786.22900  21480785.76900  21480788.96400 -27037363.64947 -21008459.67745        44.00000        30.00000
G29  21001348.29300  21001347.59000  21001350.67600 -35552950.99047 -27156232.44746        46.00000        36.00000
S20  20574176.23000 -26028873.80515        33.00000
S33  19159919.96200  -1209984.60816        41.00000
S38  19959224.65900  -4270276.13815        35.00000
> 2014 08 03 04 30 00.0000000  0  9
G02  21336258.24800  21336255.84500  21336255.93300 -32540944.92146 -24434152.07744        41.00000        24.00000
G12  20898300.59900  20898300.04200  20898300.68700 -39882694.94947 -29986981.80345        45.00000        32.00000
G14  23113622.32100  23113620.30800  23113624.97800 -21880276.80246   -621108.12442        36.00000        12.00000
G24  20870128.57700  20870128.03000  20870132.44600 -57237450.60646 -43926854.17444        40.00000        24.00000
G25  21281567.75200  21281566.20800  21281570.83900 -28084263.66147 -21824225.68645        44.00000        32.00000
G29  20822943.87200  20822942.80700  20822944.46800 -36490471.75147 -27886767.69445        45.00000        34.00000
S20  20457327.69900 -26642918.33915        33.00000
S33  19044664.06200          .70016        41.00000
S38  19842807.73600  -4882050.55815        34.00000
> 2014 08 03 04 35 00.0000000  0  8
G02  21341991.36600  21341990.78000  21341989.38300 -32510813.06846 -24410672.59343        40.00000        22.00000
G12  20782212.21700  20782211.49400  20782212.55900 -40492744.45547 -30462344.93745        45.00000        32.00000
G24  20896952.94900  20896952.54900  20896956.39800 -57096489.92246 -43817015.01344        40.00000        26.00000
G25  21083106.10200  21083104.84200  21083109.47200 -29127188.11847 -22636893.74845        44.00000        32.00000
G29  20650758.23500  20650757.62000  20650758.90900 -37395313.42747 -28591838.96946        47.00000        36.00000
S20  20340308.31900 -27257846.15115        32.00000
S33  18929288.28500   -606302.18616        41.00000
S38  19726205.66200  -5494805.35415        34.00000
> 2014 08 03 04 40 00.0000000  0 10
G02  21357275.47700  21357273.49400  21357273.88500 -32430496.65646 -24348088.38243        40.00000        22.00000
G12  20669048.75000  20669047.75300  20669049.02300 -41087419.56747 -30925728.05145        44.00000        32.00000
G14  22993482.75400  22993481.15200  22993484.72800 -22511619.87645  -1113064.33741        35.00000        10.00000
G24  20931484.73300  20931484.31300  20931488.50300 -56915023.13146 -43675612.63244        40.00000        26.00000
G25  20885790.46200  20885789.91500  20885793.47100 -30164085.69947 -23444865.67645        45.00000        32.00000
G29  20484817.96200  20484817.08200  20484819.27100 -38267334.32247 -29271335.54146        46.00000        36.00000
S20  20223290.05200 -27872770.82415        32.00000
S33  18813968.83300  -1212309.33416        41.00000
S35  21861971.38400   -263806.13115        32.00000
S38  19609589.78600  -6107614.50215        33.00000
> 2014 08 03 04 45 00.0000000  0 10
G02  21381624.33000  21381622.86400  21381621.95600 -32302542.74046 -24248383.99143        40.00000        20.00000
G12  20559031.94100  20559030.58300  20559031.94100 -41665563.82947 -31376230.11045        44.00000        32.00000
G14  22944292.64400  22944290.51400  22944295.85800 -22770118.44545  -1314491.97141        33.00000         6.00000
G24  20973280.98800  20973279.92400  20973284.53400 -56695385.59646 -43504466.68344        41.00000        24.00000
G25  20689825.48100  20689824.71900  20689828.57700 -31193887.87647 -24247308.68545        45.00000        32.00000
G29  20324925.84700  20324924.93900  20324926.54100 -39107572.58647 -29926066.36646        46.00000        36.00000
G31  24131751.43400  24131752.56700  24131752.60600   -756996.27645   -228012.51542        34.00000        12.00000
S20  20106249.29900 -28487860.22015        33.00000
S33  18698674.25100          .71316        41.00000
S38  19492937.31700  -6720637.04215        34.00000
> 2014 08 03 04 50 00.0000000  0 10
G02  21414573.49400  21414572.02900  21414571.71600 -32129391.25946 -24113460.75643        37.00000        18.00000
G12  20452432.68800  20452431.65300  20452431.89700 -42225746.48347 -31812736.06345        44.00000        30.00000
G14  22901747.85500  22901746.60400  22901751.63500 -22993692.78045  -1488706.23941        33.00000         8.00000
G24  21021919.91700  21021918.88100  21021923.04300 -56439787.62246 -43305299.68243        38.00000        22.00000
G25  20495479.63200  20495478.42100  20495482.50400 -32215182.11747 -25043122.21845        45.00000        32.00000
G29  20170913.71900  20170912.79100  20170914.86200 -39916910.82147 -30556719.47246        46.00000        36.00000
G31  23807773.16800  23807771.73200  23807772.62100  -2459524.61845  -1554658.48642        34.00000        12.00000
S20  19989197.74100 -29102966.62015        33.00000
S33  18583426.87000   -605643.26816        41.00000
S38  19376258.64900  -7333781.22515        35.00000
> 2014 08 03 04 55 00.0000000  0 10
G02  22954670.70900  22954670.07400  22954669.14600 -31913227.20946 -23945021.17943        40.00000        20.00000
G12  21848562.70700  21848561.50600  21848563.31300 -42766133.06447 -32233816.35445        44.00000        32.00000
G21  25165011.97800  25165010.76600  25165014.76200  -5262146.10745  -3860889.29542        34.00000        12.00000
G24  22575994.47400  22575993.87800  22575998.62500 -56150171.39246 -43079624.87844        38.00000        24.00000
G25  21802075.23200  21802073.69800  21802078.21100 -33226073.06247 -25830829.30845        45.00000        34.00000
G29  21521634.83100  21521633.68900  21521635.77900 -40695921.84047 -31163740.75846        46.00000        36.00000
G31  24985411.85500  24985411.55200  24985410.65300  -4148085.36146  -2870420.43642        36.00000        12.00000
S20  21371179.04100 -29717680.76315        32.00000
S33  19967274.80500  -1210580.90916        41.00000
S38  20758610.85500  -7946568.23315        34.00000
> 2014 08 03 05 00 00.0000000  0  9
G02  23003519.10100  23003516.09200  23003515.73100 -31656531.16446 -23744998.25942        37.00000        16.00000
G12  21749803.88200  21749802.35800  21749803.49100 -43285116.38147 -32638218.93645        44.00000        30.00000
G24  22637155.67100  22637155.36800  22637160.56500 -55828766.77346 -42829179.99644        41.00000        24.00000
G25  21612016.53300  21612015.72200  21612020.09900 -34224837.21747 -26609086.96345        45.00000        34.00000
G29  21378996.07100  21378994.90800  21378996.61800 -41445495.14447 -31747823.60246        47.00000        36.00000
G31  24667321.77100  24667321.17500  24667321.65300  -5819659.79446  -4172946.10442        36.00000        12.00000
S20  21254336.62500 -30331722.53015        32.00000
S33  19852337.71700          .52916        41.00000
S38  20642114.74900  -8558752.12415        34.00000
> 2014 08 03 05 05 00.0000000  0 11
G02  23059507.43800  23059505.67900  23059504.43900 -31362308.10146 -23515733.57642        38.00000        16.00000
G05  24853507.52000                                   -237867.72055                        34.00000
G12  21655343.81100  21655343.03900  21655343.52800 -43781507.27247 -33025017.15045        44.00000        30.00000
G21  24481566.24100  24481565.99700  24481569.57200  -8853667.08945  -6659475.43642        35.00000        12.00000
G24  22703841.19700  22703840.34700  22703844.90900 -55478333.44746 -42556115.40544        41.00000        26.00000
G25  21424534.83800  21424533.27500  21424537.55400 -35210061.13247 -27376793.75445        45.00000        34.00000
G29  21241701.07900  21241700.22900  21241701.80200 -42166981.93047 -32310020.84646        46.00000        36.00000
G31  24352979.57100  24352978.50600  24352980.03000  -7471539.06845  -5460124.82442        35.00000        12.00000
S20  21137585.71000 -30945237.86215        32.00000
S33  19737547.93700   -603217.67816        40.00000
S38  20525701.56700  -9170500.09815        34.00000
> 2014 08 03 05 10 00.0000000  0 10
G02  23122054.59600  23122054.04900  23122052.04700 -31033620.79146 -23259613.53542        38.00000        16.00000
G12  21565404.47200  21565403.62200  21565404.44200 -44254140.81047 -33393303.03945        44.00000        30.00000
G21  24141403.06100  24141401.38100  24141403.28600 -10641240.21245  -8052388.89841        32.00000         8.00000
G24  22775515.03800  22775513.34900  22775518.09600 -55101689.92146 -42262627.26943        38.00000        22.00000
G25  21239908.26400  21239906.71000  21239911.18400 -36180280.06447 -28132808.39345        45.00000        34.00000
G29  21109481.27400  21109480.50200  21109482.10400 -42861799.07147 -32851436.60346        46.00000        36.00000
G31  24042900.52000  24042901.77000  24042902.33700  -9101010.25946  -6729842.54442        38.00000        16.00000
S20  21020898.14400 -31558434.05815        32.00000
S33  19622870.74800  -1205841.63116        41.00000
S38  20409333.57400  -9781997.69615        33.00000
> 2014 08 03 05 15 00.0000000  0 11
G02  23190596.03200  23190594.35200  23190593.60000 -30673435.81546 -22978949.89042        37.00000        16.00000
G05  24478345.71400                                   -208983.63855                        33.00000
G12  21480227.39700  21480226.91900  21480227.71000 -44701749.10747 -33742088.72145        44.00000        30.00000
G21  23802912.79800  23802910.93300  23802914.74200 -12420011.45545  -9438443.54242        33.00000        12.00000
G24  22851653.20900  22851652.50600  22851657.99500 -54701576.98446 -41950851.31243        38.00000        18.00000
G25  21058452.59200  21058451.53700  21058456.06000 -37133834.22647 -28875837.49345        45.00000        34.00000
G29  20982085.00100  20982084.38600  20982086.09500 -43531271.99547 -33373103.66346        46.00000        36.00000
G31  23737634.10900  23737632.36100  23737633.82600 -10705208.04846  -7979866.66443        39.00000        18.00000
S20  20904262.48600 -32171356.24315        32.00000
S33  19508298.95000          .03516        41.00000
S38  20293008.80500 -10393286.26015        32.00000
> 2014 08 03 05 20 00.0000000  0 11
G02  23264568.40900  23264567.41300  23264564.85400 -30284702.77046 -22676041.00442        37.00000        12.00000
G05  24298088.41200  24298086.82900  24298088.24600  -1156251.15945   -424625.66441        32.00000         8.00000
G12  21400053.54600  21400052.83300  21400053.57500 -45123065.05447 -34070387.01645        43.00000        30.00000
G21  23466595.36200  23466593.74100  23466595.82100 -14187369.12546 -10815604.57842        36.00000        14.00000
G24  22931737.99200  22931737.91400  22931742.79800 -54280733.10645 -41622921.45443        34.00000        18.00000
G25  20880502.40200  20880500.48800  20880504.59100 -38068971.38747 -29604515.69945        46.00000        34.00000
G29  20859260.94000  20859260.45100  20859261.66200 -44176716.08847 -33876046.88046        47.00000        36.00000
G31  23437727.84900  23437726.11100  23437727.41000 -12281223.43346  -9207930.36843        39.00000        20.00000
S20  20787676.72500 -32784016.33415        32.00000
S33  19393827.12200   -601553.13016        41.00000
S38  20176726.08100 -11004381.25915        34.00000
> 2014 08 03 05 25 00.0000000  0 11
G02  23343422.94900  23343422.29500  23343420.62500 -29870324.69846 -22353148.98542        37.00000        12.00000
G05  24123327.96900                                   -157169.60455                        35.00000
G12  21325124.85100  21325123.82500  21325124.65600 -45516821.05147 -34377209.96145        43.00000        30.00000
G21  23132960.29200  23132957.02900  23132961.48400 -15940636.24246 -12181786.44742        37.00000        16.00000
G24  23015251.78000  23015251.05700  23015255.88300 -53841869.03946 -41280949.76942        36.00000        16.00000
G25  20706407.16900  20706406.07400  20706410.08000 -38983847.52647 -30317406.12146        46.00000        36.00000
G29  20740764.64400  20740763.87300  20740765.35700 -44799417.59047 -34361268.56746        46.00000        36.00000
G31  23143745.16200  23143743.83400  23143743.70700 -13826112.70746 -10411740.16043        39.00000        20.00000
S20  20671147.59200 -33396358.22915        32.00000
S33  19279461.29100  -1202545.42416        41.00000
S38  20060476.81200 -11615246.52515        32.00000
> 2014 08 03 05 30 00.0000000  0 11
G02  23426603.15600  23426601.69100  23426600.02000 -29433207.00245 -22012537.74941        35.00000         8.00000
G05  23954505.02800  23954504.10000  23954506.90400  -1044334.52145   -319127.10642        34.00000        12.00000
G12  21255666.32800  21255665.15600  21255666.59200 -45881828.50947 -34661631.43845        43.00000        30.00000
G21  22802513.59100  22802511.83300  22802515.15400 -17677142.51546 -13534907.68543        38.00000        18.00000
G24  23101671.56200  23101671.56200  23101675.07800 -53387728.06046 -40927074.12343        37.00000        18.00000
G25  20536521.98200  20536520.63400  20536524.80500 -39876599.74147 -31013057.17646        46.00000        36.00000
G29  20626347.12900  20626345.85900  20626347.79300 -45400685.57047 -34829788.94546        46.00000        36.00000
G31  22856237.73800  22856236.44800  22856238.57800 -15336970.68546 -11589032.12943        38.00000        20.00000
S20  20554683.36100 -34008375.01715        32.00000
S33  19165207.69900          .03816        41.00000
S38  19944283.79100    -74279.88315        32.00000
> 2014 08 03 05 35 00.0000000  0 11
G02  23513568.78700  23513565.33800  23513563.86300 -28976207.96545 -21656434.57141        33.00000        10.00000
G05  23792045.92300  23792043.72500  23792045.28800  -1898063.42845   -984370.16241        34.00000        10.00000
G12  21191894.49400  21191894.19100  21191894.70900 -46216949.13947 -34922764.53244        43.00000        28.00000
G21  22475766.70400  22475765.86400  22475768.95100 -19394199.49846 -14872873.48943        38.00000        20.00000
G24  23190481.27300  23190480.44200  23190486.09800 -52921029.80446 -40563413.38942        36.00000        16.00000
G25  20371209.61200  20371208.40100  20371211.81000 -40745323.24447 -31689984.52146        47.00000        36.00000
G29  20515763.59600  20515763.30300  20515764.35800 -45981806.09147 -35282609.97646        47.00000        36.00000
G31  22575754.42500  22575754.26800  22575754.32700 -16810921.05147 -12737564.81644        42.00000        24.00000
S20  20438291.55200 -34620022.24715        32.00000
S33  19051071.12300   -599802.66117        42.00000
S38  19828144.70000   -684603.78315        32.00000
> 2014 08 03 05 40 00.0000000  0  9
G02  23603739.49100  23603735.88600  23603734.22600 -28502361.68745 -21287203.61542        32.00000        12.00000
G12  21133970.38100  21133969.55100  21133971.08400 -46521344.20147 -35159955.55044        43.00000        28.00000
G21  22153190.27400  22153189.21900  22153191.56300 -21089349.80446 -16193769.26843        39.00000        20.00000
G24  23281123.82000  23281123.91800  23281127.13200 -52444703.44346 -40192250.33142        36.00000        16.00000
G25  20210792.23100  20210791.05800  20210794.78000 -41588320.31547 -32346865.28846        46.00000        36.00000
G29  20408729.87400  20408729.27800  20408730.59700 -46544270.05747 -35720893.47746        46.00000        36.00000
G31  22302788.32200  22302786.34900  22302787.83300 -18245367.86346 -13855315.57443        41.00000        22.00000
S20  20321935.70100 -35231484.50415        33.00000
S33  18937012.93800  -1199176.68816        41.00000
> 2014 08 03 05 45 00.0000000  0 10
G02  23696456.61400  23696455.01200  23696454.47500 -28015116.83845 -20907532.14641        34.00000         6.00000
G12  21081945.54600  21081945.10700  21081945.21400 -46794737.49347 -35372989.38844        43.00000        28.00000
G21  21835157.45200  21835155.83000  21835158.01800 -22760623.86946 -17496060.26143        40.00000        22.00000
G24  23372956.67800  23372954.92900  23372961.68900 -51962124.85445 -39816215.32942        34.00000        14.00000
G25  20055504.27000  20055502.87300  20055507.20000 -42404364.36147 -32982743.80146        46.00000        36.00000
G29  20304878.05400  20304877.64400  20304878.87500 -47090014.78047 -36146148.99446        47.00000        36.00000
G31  22037727.91900  22037726.99100  22037729.69700 -19638269.12046 -14940693.05844        40.00000        26.00000
S20  20205481.79400 -35843426.30315        32.00000
S33  18822913.50100          .85817        42.00000
S38  19595803.54300   -426089.27815        34.00000
> 2014 08 03 05 50 00.0000000  0 11
G02  23791214.56300  23791213.06800  23791211.84700 -27517159.63045 -20519513.24841        33.00000        10.00000
G05  23346077.32900                                   -704007.94355                        34.00000
G12  21035986.88400  21035985.82900  21035986.68900 -47036252.41447 -35561183.00344        42.00000        24.00000
G21  21522168.95800  21522167.69800  21522168.88000 -24405388.63746 -18777694.69444        41.00000        24.00000
G24  23465473.27500  23465471.92700  23465479.75100 -51475941.09845 -39437371.16241        34.00000        10.00000
G25  19905708.93900  19905707.79600  19905711.19500 -43191543.54347 -33596130.21546        46.00000        36.00000
G29  20203978.67800  20203977.55400  20203979.32200 -47620243.74947 -36559314.32446        46.00000        36.00000
G31  21781075.40000  21781074.72600  21781077.85200 -20986984.81947 -15991640.34744        42.00000        26.00000
S20  20088964.10000 -36455753.98015        32.00000
S33  18708779.98200   -599771.28017        42.00000
S38  19479487.52700  -1037334.23215        34.00000
> 2014 08 03 05 55 00.0000000  0 10
G02  23887537.77200  23887535.85700  23887536.70700 -27010971.11845 -20125080.09141        35.00000         8.00000
G12  20996265.40900  20996264.54900  20996265.27200 -47244992.82247 -35723838.08044        42.00000        26.00000
G21  21214741.95200  21214740.30100  21214742.39100 -26020926.53747 -20036554.83344        42.00000        26.00000
G24  23558205.92000  23558204.87500  23558209.71000 -50988630.58445 -39057648.94241        32.00000         8.00000
G25  19761789.50100  19761788.38700  19761792.52900 -43947845.86047 -34185456.74946        46.00000        36.00000
G29  20105835.37000  20105834.93000  20105836.47400 -48135989.72647 -36961194.25246        46.00000        36.00000
G31  21533334.16100  21533334.45400  21533335.21600 -22288872.59847 -17006098.31544        42.00000        28.00000
S20  19972394.89700 -37068332.44915        32.00000
S33  18594644.17800  -1199547.52017        42.00000
S38  19363114.70800  -1648885.26315        34.00000
> 2014 08 03 06 00 00.0000000  0 10
G05  24585401.34700  24585398.15300  24585399.42300  -2068423.92545   -820285.90340        32.00000         2.00000
G12  22461883.23600  22461881.92800  22461884.54500 -47420213.82446 -35860374.00144        38.00000        24.00000
G21  22412342.11800  22412341.37500  22412342.94800 -27604589.80947 -21270577.66544        42.00000        26.00000
G24  25149643.84800  25149642.49100  25149646.71100 -50502672.93745 -38678980.86040        33.00000         4.00000
G25  21123077.59900  21123076.78800  21123080.26600 -44671328.20347 -34749209.28146        47.00000        36.00000
G29  21509217.93400  21509217.85600  21509218.47100 -48638266.20547 -37352578.50146        47.00000        36.00000
G31  22793939.47800  22793938.56000  22793940.90400 -23541450.13247 -17982132.76645        43.00000        30.00000
S20  21354779.80800 -37680970.30215        33.00000
S33  19979502.43000          .47917        42.00000
S38  20745672.90100  -2260598.92815        34.00000
> 2014 08 03 06 05 00.0000000  0  9
G05  24467776.86300  24467776.57000  24467778.09400  -2686534.11246  -1301930.23642        37.00000        14.00000
G12  22435024.29400  22435023.18000  22435024.55800 -47561365.61746 -35970362.62244        41.00000        26.00000
G21  22117509.94000  22117508.62200  22117510.41900 -29153943.48747 -22477865.84744        43.00000        28.00000
G25  20991989.55200  20991988.36000  20991992.05300 -45360201.68947 -35285993.82746        46.00000        36.00000
G29  21416002.83700  21416001.62500  21416003.67700 -49128114.45447 -37734278.48745        45.00000        34.00000
G31  22565382.04500  22565381.64500  22565383.56900 -24742525.33747 -18918035.49345        43.00000        30.00000
S20  21238190.37400 -38293644.79215        32.00000
S33  19865437.49500   -599421.95217        42.00000
S38  20629249.93100  -2872402.41115        34.00000
> 2014 08 03 06 10 00.0000000  0 10
G05  24358573.94800  24358575.01300  24358576.15600  -3260397.02146  -1749096.10141        36.00000         6.00000
G12  22414709.13000  22414708.64200  22414709.88200 -47668121.56447 -36053549.22344        42.00000        26.00000
G18  25290809.60100                                   -389515.17555                        32.00000
G21  21829648.34300  21829646.98500  21829648.69500 -30666662.72547 -23656607.73844        43.00000        28.00000
G25  20867800.80500  20867799.70100  20867803.57900 -46012817.50547 -35794525.58446        46.00000        36.00000
G29  21324951.86200  21324950.92400  21324952.37000 -49606589.92547 -38107116.51145        46.00000        34.00000
G31  22346999.85600  22346998.51700  22347000.07100 -25890133.04147 -19812275.29244        44.00000        28.00000
S20  21121605.30700 -38906324.86815        32.00000
S33  19751405.91900  -1198653.86617        42.00000
S38  20512803.98600  -3484313.36515        34.00000
> 2014 08 03 06 15 00.0000000  0  9
G05  24258041.96200  24258041.13100  24258042.46000  -3788702.01246  -2160762.43042        38.00000        14.00000
G12  22401060.29900  22401059.48900  22401060.29900 -47739847.92846 -36109439.91744        41.00000        24.00000
G21  21549262.15700  21549260.46700  21549262.31300 -32140102.05447 -24804741.84945        43.00000        30.00000
G25  20750891.41700  20750889.91200  20750894.41600 -46627179.35447 -36273249.04746        45.00000        36.00000
G29  21235961.19200  21235960.11700  21235962.06100 -50074240.19347 -38471519.20945        45.00000        34.00000
G31  22139207.72500  22139206.14200  22139208.13500 -26982087.76847 -20663149.01345        43.00000        32.00000
S20  21005088.72600 -39518610.64015        32.00000
S33  19637492.86400          .83917        42.00000
S38  20396424.04500  -4095900.50815        33.00000
> 2014 08 03 06 20 00.0000000  0  9
G05  24166415.15900  24166414.14300  24166415.04200  -4270205.19845  -2535959.62742        33.00000        12.00000
G12  22394196.37100  22394195.43300  22394197.06400 -47775914.73846 -36137544.07843        40.00000        22.00000
G21  21276857.37600  21276856.16500  21276857.41500 -33571597.22847 -25920192.21545        44.00000        30.00000
G25  20641648.04100  20641647.30900  20641650.51300 -47201258.13747 -36720583.14446        47.00000        36.00000
G29  21148966.32400  21148964.85900  21148966.77300 -50531402.34447 -38827749.36045        45.00000        34.00000
G31  21942404.43800  21942403.87100  21942406.01100 -28016294.94747 -21469024.66345        43.00000        30.00000
S20  20888759.82600 -40129933.27615        32.00000
S33  19523801.22900   -597448.09517        42.00000
S38  20280213.10900  -4706601.29015        34.00000
> 2014 08 03 06 25 00.0000000  0 10
G05  24083742.99800  24083742.84100  24083744.53100  -4704645.88945  -2874484.76041        34.00000         8.00000
G12  22394065.21000  22394063.74500  22394065.54200 -47776610.30646 -36138086.21343        41.00000        22.00000
G18  24409360.06100  24409357.38400  24409362.61000  -5021545.88745   -413652.26640        32.00000         4.00000
G21  21012769.07700  21012767.49400  21012768.83200 -34959390.16547 -27001589.05045        44.00000        30.00000
G25  20540286.52100  20540284.80200  20540289.06100 -47733916.85947 -37135641.84845        45.00000        34.00000
G29  21063770.35800  21063769.49800  21063770.83600 -50979110.84447 -39176613.06945        46.00000        34.00000
G31  21756795.51300  21756794.94600  21756795.68900 -28991676.00547 -22229061.87245        44.00000        30.00000
S20  20772567.49800 -40740522.30515        32.00000
S33  19410291.25700  -1193949.65617        42.00000
S38  20164125.00900  -5316633.44915        34.00000
> 2014 08 03 06 30 00.0000000  0 10
G05  24010055.65300  24010055.65300  24010057.88000  -5091875.82545  -3176222.34140        34.00000         2.00000
G12  22400599.07400  22400598.40000  22400599.84600 -47742271.80846 -36111329.07643        40.00000        22.00000
G18  24109413.18400  24109412.88100  24109414.56100  -6597781.76645  -1641887.63241        32.00000         6.00000
G21  20757323.03500  20757321.49100  20757323.15200 -36301766.50447 -28047596.27645        45.00000        34.00000
G25  20447017.34600  20447015.78300  20447019.80800 -48224051.13647 -37517564.62546        46.00000        36.00000
G29  20980210.06300  20980209.48600  20980210.74600 -51418218.96147 -39518775.10645        45.00000        34.00000
G31  21582556.25400  21582555.11100  21582556.23400 -29907312.29047 -22942544.73045        44.00000        32.00000
S20  20656502.12000 -41350447.06115        32.00000
S33  19296941.03700          .94717        42.00000
S38  20048145.24200  -5926107.94015        34.00000
> 2014 08 03 06 35 00.0000000  0  9
G12  22413849.36400  22413848.31800  22413849.54900 -47672642.57746 -36057072.71943        41.00000        22.00000
G18  23807239.50000  23807239.72500  23807241.27800  -8185712.60145  -2879235.76242        35.00000        12.00000
G21  20510955.41000  20510953.98300  20510955.60500 -37596435.05547 -29056428.60045        44.00000        32.00000
G25  20362163.01100  20362161.51600  20362165.75600 -48669962.00247 -37865027.65145        45.00000        34.00000
G29  20898281.85400  20898280.95500  20898282.23500 -51848755.42047 -39854258.00545        44.00000        34.00000
G31  21419949.07800  21419949.69400  21419950.14300 -30761816.60947 -23608392.23745        45.00000        32.00000
S20  20540674.12500 -41959133.47015        32.00000
S33  19183864.20700   -594226.35817        42.00000
S38  19932390.15700  -6534408.28815        34.00000
> 2014 08 03 06 40 00.0000000  0  9
G12  22433668.46800  22433667.44200  22433668.14600 -47568495.57246 -35975919.28643        40.00000        20.00000
G18  23503263.70200  23503262.35400  23503262.13900  -9783114.58746   -282016.05741        36.00000        10.00000
G21  20273902.80200  20273901.19000  20273902.22600 -38842157.81847 -30027121.38245        45.00000        34.00000
G25  20285850.28900  20285848.68700  20285852.71100 -49070988.94747 -38177516.22345        45.00000        34.00000
G29  20817827.35600  20817826.91600  20817828.38100 -52271546.70847 -40183705.68945        45.00000        34.00000
G31  21269017.56400  21269017.08600  21269018.67800 -31554966.38447 -24226430.94745        44.00000        32.00000
S20  20425031.50400 -42566817.39915        32.00000
S33  19071008.64000  -1187277.34217        42.00000
S38  19816808.07200  -7141800.00715        34.00000
> 2014 08 03 06 45 00.0000000  0  9
G12  22460010.19300  22460009.33300  22460010.94500 -47430066.96046 -35868052.90043        38.00000        18.00000
G18  23198057.58200  23198055.44300  23198056.78100 -11386984.38745  -1531784.15241        33.00000        10.00000
G21  20046493.92900  20046491.95600  20046493.58700 -40037198.49347 -30958321.68045        45.00000        34.00000
G25  20218302.89600  20218301.22600  20218305.45600 -49425954.64647 -38454112.94945        45.00000        34.00000
G29  20738836.91700  20738835.90100  20738837.19100 -52686644.83847 -40507158.66045        44.00000        32.00000
G31  21129880.00600  21129878.67800  21129880.36800 -32286143.79247 -24796179.63745        44.00000        32.00000
S20  20309661.07000 -43173104.25115        32.00000
S33  18958454.27200          .12616        41.00000
S38  19701477.06300  -7747864.04415        34.00000
> 2014 08 03 06 50 00.0000000  0 10
G05  23805805.58600  23805804.34500  23805806.13300   -288555.09746    -72822.29342        36.00000        12.00000
G12  22492652.29700  22492651.66200  22492653.90900 -47258529.60546 -35734387.56943        38.00000        18.00000
G18  22892057.22200  22892056.90000  22892057.30000 -12995021.20146  -2784799.19642        39.00000        12.00000
G21  19828871.81900  19828870.22700  19828871.47700 -41180809.18347 -31849446.73445        45.00000        34.00000
G25  20159558.99900  20159557.38700  20159562.18300 -49734653.52047 -38694657.56445        45.00000        34.00000
G29  20661165.34100  20661164.62800  20661166.10300 -53094810.07747 -40825209.40445        44.00000        32.00000
G31  21002444.45500  21002443.32200  21002445.70500 -32955820.71147 -25318006.00945        45.00000        34.00000
S20  20194489.56000 -43778358.79015        32.00000
S33  18846128.44600   -590274.21716        41.00000
S38  19586329.91600  -8352985.55615        34.00000
> 2014 08 03 06 55 00.0000000  0  9
G12  22531382.10300  22531382.06400  22531382.80600 -47055007.10146 -35575798.66043        39.00000        20.00000
G18  22585755.97600  22585754.90100  22585754.98900 -14604647.83746  -4039053.13842        37.00000        14.00000
G21  19621175.85800  19621173.88500  19621175.46800 -42272258.49647 -32699926.59445        44.00000        34.00000
G25  20109660.84500  20109659.77000  20109663.73600 -49996872.20147 -38898983.84445        46.00000        34.00000
G29  20584722.44500  20584722.26900  20584723.27600 -53496520.44547 -41138230.44545        44.00000        32.00000
G31  20886602.33400  20886601.69900  20886603.36900 -33564573.02446 -25792358.53444        41.00000        28.00000
S20  20079467.38000 -44382784.77215        33.00000
S33  18733989.71500  -1179556.62616        41.00000
S38  19471318.88100  -8957360.57515        34.00000
> 2014 08 03 07 00 00.0000000  0  9
G12  22575949.52900  22575947.11600  22575949.95900 -46820808.89146 -35393306.57442        37.00000        12.00000
G18  22279646.92300  22279645.79000  22279647.54800 -16213257.24346  -5292514.64342        37.00000        16.00000
G21  19423495.63200  19423494.40100  19423495.43700 -43311074.99047 -33509393.91646        46.00000        36.00000
G25  20068601.96700  20068600.42400  20068605.21000 -50212638.71047 -39067113.67145        45.00000        34.00000
G29  20509424.51400  20509423.45000  20509425.00300 -53892216.46647 -41446565.08545        44.00000        32.00000
G31  20782178.58400  20782178.96500  20782179.56100 -34113321.38646 -26219954.75844        40.00000        24.00000
S20  19964557.88800 -44986642.30115        33.00000
S33  18621994.94000          .12616        41.00000
S38  19356404.04600  -9561240.04815        35.00000
> 2014 08 03 07 05 00.0000000  0  9
G12  24124954.13500  24124953.54900  24124956.07000 -46557826.93345 -35188385.42542        35.00000        12.00000
G18  23473124.86900  23473121.73400  23473125.59200 -17818588.00146  -6543421.17942        38.00000        14.00000
G21  20734759.04600  20734757.62000  20734759.07600 -44297436.99147 -34277987.61146        45.00000        36.00000
G25  21535217.62800  21535216.22100  21535220.57800 -50382621.15147 -39199567.53945        45.00000        32.00000
G29  21934081.65600  21934080.34700  21934082.39900 -54282691.97147 -41750831.71945        43.00000        32.00000
G31  22187824.07800  22187821.92900  22187824.20500 -34603715.58146 -26602080.34743        40.00000        22.00000
S20  21348592.18500 -45590602.88415        32.00000
S33  20008968.25800   -588514.08916        41.00000
S38  20740415.57300 -10165317.53915        34.00000
> 2014 08 03 07 10 00.0000000  0 10
G05  25238423.72700  25238423.46300  25238424.28300     -4159.05045     -2386.76141        33.00000         6.00000
G12  24180258.44900  24180258.46900  24180259.10400 -46267201.93145 -34961924.22141        35.00000         8.00000
G18  23168855.90100  23168854.37800  23168856.24300 -19417528.64746  -7789348.24142        37.00000        14.00000
G21  20557121.37700  20557119.74600  20557120.54700 -45230931.78047 -35005385.99746        46.00000        36.00000
G25  21511581.60500  21511580.94100  21511584.89700 -50506827.67047 -39296351.84645        45.00000        32.00000
G29  21860796.16400  21860795.79300  21860797.21900 -54667809.36347 -42050923.13445        44.00000        32.00000
G31  22105400.93300  22105400.08300  22105402.41800 -35036848.49847 -26939586.67944        42.00000        28.00000
S20  21233658.96600 -46194559.77015        33.00000
S33  19897009.22600  -1176862.01516        41.00000
S38  20625447.96900 -10769454.68115        34.00000
> 2014 08 03 07 15 00.0000000  0  9
G12  24240542.91300  24240541.15400  24240545.34500 -45950395.40045 -34715061.65441        32.00000         6.00000
G18  22866386.52800  22866385.06300  22866385.42400 -21007016.99746  -9027910.13942        38.00000        14.00000
G21  20389552.46600  20389551.31300  20389552.77800 -46111506.40847 -35691547.89246        45.00000        36.00000
G25  21496583.88400  21496582.30200  21496586.28700 -50585645.23647 -39357768.19945        44.00000        32.00000
G29  21788540.32100  21788538.85500  21788540.79900 -55047515.97147 -42346798.40145        43.00000        30.00000
G31  22033584.04300  22033583.35900  22033584.90300 -35414248.23347 -27233664.59744        43.00000        28.00000
S20  21118729.94700 -46798539.66715        32.00000
S33  19785072.70000          .74816        41.00000
S38  20510472.62800 -11373682.53515        33.00000
> 2014 08 03 07 20 00.0000000  0  9
G05  25251820.50300  25251818.17800  25251820.21000     65133.34846     50377.22242        37.00000        12.00000
G18  22566191.07500  22566187.95800  22566189.87300 -22584551.88046 -10257157.67042        36.00000        16.00000
G21  20231909.48800  20231908.32600  20231909.07800 -46939928.25647 -36337071.21546        45.00000        36.00000
G25  21489999.75200  21489998.52200  21490002.80000 -50620241.61647 -39384726.34745        43.00000        32.00000
G29  21717227.23600  21717227.16800  21717228.66200 -55422267.08447 -42638812.24845        44.00000        30.00000
G31  21971921.19800  21971920.85700  21971921.70600 -35738290.49447 -27486165.14644        42.00000        26.00000
S20  21003678.47100 -47403148.45415        33.00000
S33  19673041.53800   -588724.62116        40.00000
S38  20395350.79000 -11978627.68215        34.00000
> 2014 08 03 07 25 00.0000000  0 10
G05  25269027.36900  25269024.33100  25269024.75100    155555.04645    120835.93841        34.00000         6.00000
G18  22268938.62700  22268936.35100  22268937.93400 -24146618.85546 -11474352.17043        40.00000        22.00000
G21  20084187.16000  20084185.80200  20084186.34900 -47716213.01047 -36941968.31346        45.00000        36.00000
G22  24831783.39000  24831782.33500  24831782.94100  -1234745.82745   -561766.75641        35.00000        10.00000
G25  21491757.39200  21491756.04400  21491760.05900 -50611006.37847 -39377530.01044        45.00000        28.00000
G29  21646971.60100  21646969.97000  21646971.98200 -55791464.20247 -42926498.29245        43.00000        30.00000
G31  21920097.24200  21920096.68500  21920098.26700 -36010622.65746 -27698371.97644        40.00000        26.00000
S20  20888566.56800 -48008057.86715        33.00000
S33  19560976.90000  -1177623.52216        40.00000
S38  20280165.21400 -12583950.07115        34.00000
> 2014 08 03 07 30 00.0000000  0 11
G05  25292849.31300  25292848.74700  25292849.94800    280750.83445    218391.22042        35.00000        12.00000
G16  25217610.96000  25217609.79800  25217612.19100  -1889157.56845   -384335.84141        32.00000         8.00000
G18  21975291.21200  21975290.40100  21975291.46500 -25689741.98947 -12676785.10744        44.00000        24.00000
G21  19946331.19800  19946329.89900  19946330.57300 -48440649.29847 -37506463.75846        45.00000        36.00000
G22  24517599.29200  24517597.30000  24517596.92800  -2885798.42845  -1848300.56641        34.00000         8.00000
G25  21501733.42800  21501731.99200  21501735.97800 -50558580.42847 -39336678.38044        43.00000        28.00000
G29  21577888.66400  21577887.81400  21577889.36700 -56154497.10547 -43209380.93145        43.00000        30.00000
G31  21877746.68700  21877745.14400  21877748.17200 -36233180.20246 -27871793.16743        40.00000        22.00000
S20  20773458.03500 -48612956.99315        33.00000
S33  19448932.72700          .32616        41.00000
S38  20164947.46000 -13189374.99415        33.00000
> 2014 08 03 07 35 00.0000000  0 11
G05  25322918.40900  25322916.70900  25322920.72400    438765.06345    341519.58340        32.00000         4.00000
G12  24524798.95100                                    194008.38455                        32.00000
G18  21685863.26000  21685861.60900  21685863.33800 -27210694.69946 -13861942.52643        41.00000        22.00000
G21  19818196.91200  19818195.90600  19818196.36500 -49113997.97247 -38031150.79046        45.00000        36.00000
G22  24201612.82500  24201610.53000  24201610.52000  -4546313.28345  -3142207.63741        35.00000        10.00000
G25  21519720.75100  21519720.24300  21519723.82800 -50464052.75446 -39263020.28044        41.00000        26.00000
G29  21510057.72400  21510056.47400  21510057.88000 -56510949.05647 -43487135.52644        42.00000        28.00000
G31  21844408.21300  21844407.05000  21844410.69400 -36408371.78046 -28008305.88043        39.00000        18.00000
S20  20658334.68400 -49217917.46315        33.00000
S33  19336903.97800   -588713.76116        40.00000
S38  20049725.92700 -13794898.16915        34.00000
> 2014 08 03 07 40 00.0000000  0 10
G16  24582840.76400  24582840.52900  24582842.13200  -5224907.60146  -2983623.03041        36.00000        10.00000
G18  21401266.37200  21401264.07600  21401265.35600 -28706260.36546 -15027317.99343        39.00000        20.00000
G21  19699600.76400  19699599.55300  19699599.97300 -49737224.30647 -38516781.34746        45.00000        36.00000
G22  23884280.05700  23884278.47400  23884279.40200  -6213900.81746  -4441625.74042        36.00000        14.00000
G25  21545478.47100  21545476.53700  21545480.77700 -50328698.06746 -39157548.82644        41.00000        24.00000
G29  21443569.68600  21443569.50100  21443571.07300 -56860344.99947 -43759391.86145        44.00000        30.00000
G31  21819587.73200  21819588.91400  21819588.39600 -36538801.24846 -28109938.79541        36.00000        10.00000
S20  20543214.30100 -49822902.23515        33.00000
S33  19224888.56300  -1177361.16516        40.00000
S38  19934470.98500 -14400536.04315        33.00000
> 2014 08 03 07 45 00.0000000  0 10
G16  24264827.97700  24264826.80500  24264828.48500  -6896073.75246  -4285831.29241        36.00000        10.00000
G18  21122125.61900  21122124.19300  21122125.65800 -30173150.82547 -16170349.04943        42.00000        22.00000
G21  19590340.63600  19590339.03400  19590339.76700 -50311390.03047 -38964182.81546        45.00000        36.00000
G22  23566086.67200  23566085.69500  23566084.19000  -7886014.31946  -5744570.72142        36.00000        12.00000
G25  21578746.68200  21578745.57800  21578749.35800 -50153870.03546 -39021319.09543        39.00000        22.00000
G29  21378543.06100  21378542.34800  21378543.73500 -57202060.50947 -44025663.35244        43.00000        28.00000
G31  21802774.51300  21802774.29800  21802776.09600 -36627151.52645 -28178782.66742        35.00000        12.00000
S20  20428096.02900 -50427848.29915        33.00000
S33  19112897.77300          .49016        40.00000
S38  19819217.05900 -15006214.81515        32.00000
> 2014 08 03 07 50 00.0000000  0 10
G16  23946838.01000  23946838.98600  23946841.01800  -8567127.48246  -5587951.90542        36.00000        12.00000
G18  20848921.11800  20848919.69200  20848920.01400 -31608851.72546 -17289076.69043        40.00000        20.00000
G21  19490040.51200  19490039.03700  19490039.56500 -50838467.86447 -39374892.59346        45.00000        36.00000
G22  23247389.78400  23247388.15200  23247388.03500  -9560782.47946  -7049584.53342        39.00000        16.00000
G25  21619097.94600  21619097.50600  21619101.24700 -49941819.21546 -38856084.63143        37.00000        18.00000
G29  21314967.09300  21314966.10700  21314966.53600 -57536154.72947 -44285996.32744        42.00000        28.00000
G31  21793291.53800  21793290.85400  21793290.61900     -4456.26756     -1939.06552        37.00000        14.00000
S20  20312856.75600 -51033414.71815        33.00000
S33  19000803.96700   -589060.87116        41.00000
S38  19703827.03000 -15612606.65415        35.00000
> 2014 08 03 07 55 00.0000000  0 10
G16  23629425.83400  23629425.47200  23629427.37700 -10235140.07646  -6887701.61342        38.00000        12.00000
G18  20582359.14500  20582357.23000  20582358.47100 -33009641.84546 -18380601.24343        41.00000        20.00000
G21  19398534.76000  19398533.41200  19398534.16400 -51319332.16347 -39749591.74146        45.00000        36.00000
G22  22928792.31900  22928791.65500  22928790.44300 -11235017.39446  -8354182.60043        37.00000        18.00000
G25  21666316.44900  21666313.97800  21666319.45800 -49693686.59945 -38662734.53342        34.00000        14.00000
G29  21253079.77100  21253078.96000  21253078.92100 -57861377.35447 -44539416.28944        43.00000        28.00000
G31  21790671.86500  21790671.81700  21790674.23900    -18214.99445    -12659.77442        34.00000        14.00000
S20  20197603.69000 -51639076.87415        33.00000
S33  18888710.97100  -1178103.53916        39.00000
S38  19588404.86200 -16219139.27115        33.00000
> 2014 08 03 08 00 00.0000000  0 10
G16  23313056.42500  23313055.41900  23313056.04400 -11897667.98546  -8183176.80742        37.00000        12.00000
G18  20323026.05800  20323024.26000  20323025.22700 -34372445.96146 -19442526.19543        37.00000        20.00000
G21  19315520.85100  19315519.68800  19315520.21600 -51755571.71947 -40089518.30346        45.00000        36.00000
G22  22610803.48400  22610801.18900  22610802.60500 -12906055.73346  -9656289.93942        37.00000        16.00000
G25  21720048.48900  21720047.53200  21720051.23400 -49411326.47946 -38442713.58443        39.00000        20.00000
G29  21193015.39000  21193013.86600  21193015.59500 -58177013.10646 -44785365.89844        41.00000        26.00000
G31  21794327.37000  21794327.36000  21794327.02800       991.48047      2306.53144        42.00000        24.00000
S20  20082346.94100 -52244769.92415        34.00000
S33  18776622.15600          .69916        40.00000
S38  19472963.68600 -16825813.34815        35.00000
> 2014 08 03 08 05 00.0000000  0 11
G16  22998351.83700  22998350.09800  22998354.43600 -13551441.36245  -9471829.59342        35.00000        14.00000
G18  20071628.30800  20071627.62400  20071627.75100 -35693548.03846 -20471956.11543        39.00000        20.00000
G21  19240812.30700  19240810.87100  19240811.01700 -52148167.67947 -40395437.03346        45.00000        36.00000
G22  22294079.50200  22294076.98200  22294077.52900 -14570454.65646 -10953223.64843        39.00000        22.00000
G25  21780055.48100  21780055.67600  21780058.07900 -49095982.20346 -38196990.75042        38.00000        16.00000
G27  24438342.20600                                   -914142.62255     -6524.43451        34.00000         6.00000
G29  21135059.73400  21135058.32800  21135058.87500 -58481572.12146 -45022684.36744        41.00000        26.00000
G31  21803787.10700  21803787.51700  21803788.35700     50703.65446     41043.48743        39.00000        22.00000
S20  19967206.79700 -52849829.36715        33.00000
S33  18664668.84800   -588308.07416        40.00000
S38  19357623.56400 -17431903.23215        34.00000
> 2014 08 03 08 10 00.0000000  0 11
G16  24184744.82500  24184743.45800  24184744.63000 -15194000.42746 -10751744.21642        39.00000        16.00000
G18  21327644.20200  21327642.72700  21327643.44000 -36970237.63446 -21466779.00343        40.00000        22.00000
G21  20672990.01000  20672988.45600  20672988.80800 -52499122.35147 -40668907.97846        45.00000        36.00000
G22  23478073.32000  23478071.57200  23478071.29800 -16225622.17147 -12242964.11443        42.00000        22.00000
G25  23344868.29300  23344867.90200  23344871.93700 -48749934.24645 -37927342.99642        35.00000        16.00000
G27  25696637.15700  25696636.92300  25696641.73900  -2178856.49945   -992015.33041        35.00000        10.00000
G29  22578289.51200  22578287.60700  22578288.36000 -58774449.24547 -45250900.20444        42.00000        24.00000
G31  23317359.34100  23317358.55000  23317358.40300    127480.53146    100869.73243        40.00000        20.00000
S20  21351121.58700 -53454404.40115        34.00000
S33  20051782.44000  -1176086.49416        40.00000
S38  20741329.62200 -18037594.81815        35.00000
> 2014 08 03 08 15 00.0000000  0 11
G16  23874793.18300  23874793.15400  23874793.66200 -16822800.85146 -12020938.42743        39.00000        18.00000
G18  21093645.22800  21093643.73300  21093644.50500 -38199911.77747 -22424966.38044        43.00000        28.00000
G21  20613745.69600  20613743.80100  20613744.30900 -52810453.81647 -40911503.76545        45.00000        34.00000
G22  23165362.00500  23165360.46200  23165358.53800 -17868930.18946 -13523463.45244        41.00000        24.00000
G25  23416129.41900  23416128.50100  23416132.21300 -48375456.22845 -37635541.92641        32.00000        10.00000
G27  25454306.93300  25454306.45400  25454311.25000  -3452300.02846  -1984307.10141        36.00000        10.00000
G29  22524914.59600  22524913.93200  22524913.08200 -59054938.40147 -45469463.03344        43.00000        26.00000
G31  23336475.48100  23336474.12400  23336474.42700    227931.69946    179143.55143        41.00000        22.00000
S20  21236137.33800 -54058653.49515        33.00000
S33  19940005.74600          .35516        40.00000
S38  20626117.25100 -18643022.00215        34.00000
> 2014 08 03 08 20 00.0000000  0 11
G16  23567969.27800  23567967.94000  23567969.78600 -18435170.62446 -13277329.80043        38.00000        20.00000
G18  20869066.31200  20869065.06100  20869065.22700 -39380081.06847 -23344578.65445        45.00000        32.00000
G21  20561641.78600  20561640.95600  20561640.56500 -53084259.47247 -41124858.68645        45.00000        34.00000
G22  22855423.10100  22855420.72800  22855420.29800 -19497667.20046 -14792608.75544        41.00000        24.00000
G25  23492345.20000  23492342.14200  23492346.29400 -47974948.13145 -37323457.56641        33.00000         8.00000
G27  25210263.02600  25210261.68800  25210267.47100  -4734748.60245  -2983616.08941        33.00000        10.00000
G29  22474031.18100  22474030.80000  22474031.79600 -59322326.52547 -45677817.37844        42.00000        26.00000
G31  23359441.53700  23359440.65800  23359440.64900    348619.85147    273186.30744        43.00000        24.00000
S20  21121192.72900 -54662685.77515        33.00000
S33  19828276.99400   -587137.02316        40.00000
S38  20510933.81400 -19248316.89315        33.00000
> 2014 08 03 08 25 00.0000000  0 12
G15  25722441.65900                                   -194160.55855                        33.00000
G16  23264821.41100  23264819.10600  23264820.95200 -20028224.58246 -14518670.04343        40.00000        22.00000
G18  20654378.94500  20654377.56700  20654378.05600 -40508268.63947 -24223685.65645        45.00000        32.00000
G21  20516303.55500  20516302.33400  20516302.60700 -53322514.72847 -41310511.98745        45.00000        34.00000
G22  22548804.12800  22548801.95900  22548801.27600 -21108957.72647 -16048159.52144        42.00000        24.00000
G25  23573075.25500  23573074.07300  23573078.25400 -47550699.27845 -36992874.11141        34.00000        10.00000
G27  24964500.54400  24964499.86100  24964502.79100  -6026239.91846  -3989970.95842        36.00000        14.00000
G29  22425813.42700  22425813.36800  22425812.10800 -59575714.76846 -45875262.74343        40.00000        22.00000
G31  23385636.93200  23385635.38800  23385636.69700    486280.98446    380454.78543        37.00000        22.00000
S20  21006296.95200 -55266467.69815        33.00000
S33  19716603.73700  -1173992.84816        40.00000
S38  20395785.30900 -19853431.73115        34.00000
> 2014 08 03 08 30 00.0000000  0 11
G16  22965894.22900  22965893.86800  22965893.15400 -21599094.18946 -15742723.86743        41.00000        22.00000
G18  20450005.78600  20450004.88700  20450005.36600 -41582256.04347 -25060558.76745        45.00000        34.00000
G21  20477334.88200  20477333.62200  20477333.61200 -53527295.96347 -41470081.65745        45.00000        34.00000
G22  22246041.40000  22246040.49100  22246038.28400 -22699985.93847 -17287921.50444        43.00000        26.00000
G25  23657866.61400  23657865.00200  23657870.52100 -47105121.63945 -36645670.58241        33.00000         8.00000
G27  24717011.04700  24717010.35300  24717014.62200  -7326796.34745  -5003389.75742        35.00000        14.00000
G29  22380419.21300  22380418.21600  22380418.90000 -59814264.53846 -46061145.59044        41.00000        24.00000
G31  23414432.84200  23414432.34400  23414432.67600    637602.09946    498367.44343        41.00000        22.00000
S20  20891444.01900 -55870031.92715        33.00000
S33  19604974.97500          .10116        40.00000
S38  20280665.93300 -20458394.57415        32.00000
> 2014 08 03 08 35 00.0000000  0 11
G16  22671761.79200  22671761.15700  22671761.49900 -23144769.23146 -16947145.72944        41.00000        24.00000
G18  20256348.41500  20256347.70200  20256347.72200 -42599932.36247 -25853553.18245        45.00000        34.00000
G21  20444356.93000  20444355.38700  20444355.69900 -53700594.98547 -41605119.77445        44.00000        32.00000
G22  21947688.35600  21947686.41200  21947686.03100 -24267840.43347 -18509625.99244        43.00000        28.00000
G25  23746267.28200  23746265.78800  23746269.38200 -46640573.62045 -36283685.07441        33.00000         6.00000
G27  24467828.88000  24467827.72700  24467832.23000  -8636254.04446  -6023745.20142        36.00000        16.00000
G29  22338026.54700  22338025.43300  22338025.82400 -60037037.52446 -46234734.92643        41.00000        22.00000
G31  23445221.26400  23445221.68400  23445221.25400    799400.35646    624443.98243        39.00000        20.00000
S20  20776644.44100 -56473296.40115        33.00000
S33  19493408.01700   -586289.52616        40.00000
S38  20165585.16200 -21063130.76115        33.00000
> 2014 08 03 08 40 00.0000000  0 11
G15  25216130.08900                                   -135845.96555                        32.00000
G16  22382972.19600  22382971.35600  22382971.82500 -24662367.73347 -18129689.84544        42.00000        26.00000
G18  20073736.06700  20073734.78700  20073734.53300 -43559567.85647 -26601320.94245        46.00000        34.00000
G21  20416962.38600  20416960.81300  20416961.25300 -53844553.28247 -41717294.91745        44.00000        32.00000
G22  21654267.33200  21654265.53500  21654264.51900 -25809779.63147 -19711136.80445        44.00000        30.00000
G27  24216973.24700  24216970.59000  24216976.26600  -9954507.06546  -7050954.58943        36.00000        18.00000
G29  22298783.20600  22298782.47300  22298784.61300 -60243256.36045 -46395424.87742        35.00000        16.00000
G31  23477378.61100  23477377.18500  23477377.91700    968385.59146    756120.86343        38.00000        18.00000
S20  20661892.83600 -57076317.53315        34.00000
S33  19381880.06500  -1172341.51016        39.00000
S38  20050538.61900 -21667709.35815        33.00000
> 2014 08 03 08 45 00.0000000  0 10
G16  22100094.11800  22100093.60000  22100093.32700 -26148899.98847 -19288026.51144        43.00000        26.00000
G18  19902469.10900  19902467.39000  19902467.76100 -44459582.25747 -27302630.76046        45.00000        36.00000
G21  20394764.20500  20394763.26700  20394762.28000 -53961205.27547 -41808192.51245        44.00000        32.00000
G22  21366310.56200  21366309.20400  21366308.66600 -27322998.50947 -20890268.13645        44.00000        30.00000
G27  23964499.47800  23964497.84700  23964502.11500 -11281259.77846  -8084787.35242        36.00000        16.00000
G29  22262855.03800  22262853.10400  22262854.44300 -60432066.29146 -46542549.42742        36.00000        16.00000
G31  23510305.28800  23510304.90700  23510305.41500   1141419.20446    890952.38342        36.00000        16.00000
S20  20547189.93600 -57679104.60815        33.00000
S33  19270409.61000          .40016        40.00000
S38  19935524.49800 -22272102.63715        33.00000
> 2014 08 03 08 50 00.0000000  0 11
G15  24902896.26200                                   -417701.36155                        35.00000
G16  21823696.19800  21823694.74200  21823694.92800 -27601381.50147 -20419830.15344        42.00000        26.00000
G18  19742799.24600  19742797.51700  19742797.74100 -45298651.15747 -27956450.58045        46.00000        34.00000
G21  20377381.09700  20377380.24700  20377379.83700 -54052553.94347 -41879373.20345        44.00000        30.00000
G22  21084346.13300  21084344.40400  21084343.25100 -28804734.00947 -22044867.05045        46.00000        34.00000
G27  23710485.57200  23710482.54400  23710486.94000 -12616113.75646  -9124932.91842        36.00000        16.00000
G29  22230397.22500  22230396.02400  22230395.83800 -60602634.44846 -46675459.68642        37.00000        12.00000
G31  23543419.71500  23543419.35300  23543418.09300   1315433.38246   1026547.91043        39.00000        18.00000
S20  20432540.98700 -58281592.61015        34.00000
S33  19158992.36300   -585518.81016        40.00000
S38  19820558.85700 -22876278.24315        34.00000
> 2014 08 03 08 55 00.0000000  0 11
G15  24754724.51800  24754724.86000  24754723.42400  -1196348.71545   -531921.78641        33.00000         8.00000
G16  21554308.08700  21554307.27600  21554307.07100 -29017024.83047 -21522928.76644        44.00000        28.00000
G18  19594894.64900  19594893.75000  19594893.59400 -46075893.28547 -28562093.77645        46.00000        34.00000
G21  20364406.78500  20364405.18300  20364406.21800 -54120733.24747 -41932499.89545        43.00000        30.00000
G22  20808853.90000  20808851.91700  20808851.52600 -30252455.15847 -23172961.32045        45.00000        34.00000
G27  23454991.54800  23454989.79900  23454993.16000 -13958741.16946 -10171135.74642        37.00000        16.00000
G29  22201530.11300  22201528.75500  22201530.54200 -60754331.35046 -46793665.12442        37.00000        16.00000
G31  23576117.61600  23576115.68200  23576117.81100   1487265.80346   1160443.34642        36.00000        14.00000
S20  20317917.49500 -58883939.79215        34.00000
S33  19047593.60800  -1170906.58316        40.00000
S38  19705601.59800 -23480373.00215        34.00000
> 2014 08 03 09 00 00.0000000  0 11
G15  24612526.34200  24612525.06200  24612524.70100  -1943587.68245   -253458.49341        34.00000         8.00000
G16  21292357.68200  21292356.84200  21292356.31400 -30393584.59747 -22595572.65845        44.00000        30.00000
G18  19458774.73800  19458773.22400  19458773.68300 -46791208.58947 -29119482.30746        45.00000        36.00000
G21  20355350.23000  20355348.92100  20355349.18400 -54168324.21947 -41969583.71744        43.00000        28.00000
G22  20540206.02000  20540204.32000  20540203.52900 -31664207.47947 -24273027.85145        45.00000        34.00000
G27  23198005.47700  23198005.57500  23198009.50200 -15309208.13546 -11223447.46143        38.00000        20.00000
G29  22176270.30700  22176270.14100  22176270.05300 -60887069.86646 -46897097.69742        37.00000        16.00000
G31  23607721.42600  23607720.80100  23607719.54100   1653341.69546   1289853.28142        37.00000        12.00000
S20  20203196.48500 -59486780.00115        33.00000
S33  18936104.69100          .42416        40.00000
S38  19590542.22900 -24085014.19415        33.00000
> 2014 08 03 09 05 00.0000000  0 11
G15  24476638.06000  24476636.43800  24476637.18100  -2657683.70445   -238806.69641        34.00000         6.00000
G16  21038389.06300  21038387.49000  21038387.74400 -31728199.15747 -23635532.06945        44.00000        30.00000
G18  19334533.39700  19334531.75600  19334531.84400 -47444102.20047 -29628230.60246        46.00000        36.00000
G21  20349862.68900  20349861.56600  20349861.59500 -54197162.56047 -41992055.15844        43.00000        28.00000
G22  20278887.14200  20278885.25700  20278884.25100 -33037445.93247 -25343083.75745        44.00000        34.00000
G27  22939666.79400  22939666.12000  22939668.22100 -16666789.79746 -12281303.25243        39.00000        20.00000
G29  22154756.98900  22154755.75900  22154756.42300 -61000123.80646 -46985191.79542        37.00000        12.00000
G31  23637696.23700  23637695.22100  23637696.29600   1810863.09045   1412597.23742        35.00000        14.00000
S20  20088404.36000 -60090025.48515        33.00000
S33  18824528.64900   -586351.91516        40.00000
S38  19475387.69700 -24690146.43515        34.00000
> 2014 08 03 09 10 00.0000000  0 10
G16  20792815.51200  20792813.94900  20792814.31000 -33018695.94247 -24641113.95745        45.00000        30.00000
G18  19222094.35600  19222092.62700  19222093.28100 -48034971.97447 -30088648.58045        45.00000        34.00000
G21  20347493.17600  20347491.31000  20347491.55500 -54209615.88947 -42001759.05944        42.00000        26.00000
G22  20025246.39000  20025244.66100  20025243.76200 -34370336.99947 -26381700.12446        46.00000        36.00000
G27  22680016.91800  22680016.28300  22680020.16100 -18031255.24546 -13344522.84743        38.00000        20.00000
G29  22137001.35400  22137000.81700  22137000.43600 -61093430.91046 -47057898.71642        36.00000        16.00000
G31  23665416.22600  23665416.07000  23665414.51600   1956529.19846   1526103.26842        39.00000        14.00000
S20  19973426.22600 -60694253.02115        34.00000
S33  18712753.25300  -1173717.60016        40.00000
S38  19360044.07700 -25296314.32415        34.00000
> 2014 08 03 09 15 00.0000000  0 10
G16  22055166.87300  22055165.60300  22055166.21800 -34262093.39147 -25609995.01545        45.00000        32.00000
G18  20620462.53200  20620460.43200  20620460.49000 -48563599.99647 -30500566.48345        46.00000        34.00000
G21  21846938.72900  21846937.63500  21846936.75600 -54207075.97547 -41999779.88044        42.00000        26.00000
G22  21278745.88300  21278743.85100  21278742.92300 -35660252.64047 -27386829.10645        45.00000        34.00000
G27  23918261.24400  23918260.38400  23918263.01200 -19401339.16046 -14412120.56543        39.00000        22.00000
G29  23622138.10300  23622137.23300  23622137.37000 -61166086.31246 -47114513.34542        36.00000        12.00000
G31  25189404.85600  25189402.86300  25189403.85000   2088043.17445   1628581.77141        32.00000        10.00000
S20  21357285.86300 -61299090.43015        33.00000
S33  20099817.08500          .30016        40.00000
S38  20743526.05900 -25903148.62615        34.00000
> 2014 08 03 09 20 00.0000000  0 10
G16  21828033.22500  21828031.58300  21828031.74000 -35455687.76747 -26540068.54845        45.00000        32.00000
G18  20531676.93900  20531676.05000  20531676.21600 -49030168.01247 -30864125.94545        46.00000        34.00000
G21  21850010.68800  21850009.35000  21850009.38900 -54190932.05846 -41987200.21744        41.00000        24.00000
G22  21041905.14300  21041903.20900  21041902.29000 -36904858.78747 -28356652.06445        45.00000        34.00000
G27  23656706.47800  23656704.34900  23656709.33100 -20775819.00246 -15483143.70244        39.00000        24.00000
G29  23612383.87800  23612383.05700  23612383.42800 -61217344.07746 -47154454.63242        36.00000        14.00000
G31  25211306.51700  25211303.48900  25211306.39000   2203139.11745   1718266.96441        33.00000        10.00000
S20  21242127.06200 -61904277.63115        33.00000
S33  19987844.03500   -588424.07416        40.00000
S38  20627970.23000 -26510393.03715        34.00000
> 2014 08 03 09 25 00.0000000  0  9
G16  21610829.36900  21610827.76700  21610828.04000 -36597104.57847 -27429484.18945        45.00000        34.00000
G18  20454574.52900  20454573.63000  20454573.12300 -49435345.38347 -31179848.50945        46.00000        34.00000
G21  21855380.07000  21855378.87800  21855379.35700 -54162716.30146 -41965213.91544        41.00000        24.00000
G22  20814068.57900  20814066.95800  20814065.69800 -38102147.40747 -29289604.09646        46.00000        36.00000
G27  23394537.29000  23394535.30700  23394538.37400 -22153523.83546 -16556679.81043        39.00000        22.00000
G29  23606785.57400  23606784.92900  23606785.35900 -61246765.61145 -47177380.55942        35.00000        14.00000
S20  21126913.87100 -62509743.31415        33.00000
S33  19875801.05400  -1177211.17616        40.00000
S38  20512343.75700 -27117991.28715        34.00000
> 2014 08 03 09 30 00.0000000  0 10
G03  25419129.93600                                  -2410908.55755                        34.00000
G16  21404016.61800  21404015.46600  21404015.79800 -37683910.21447 -28276345.67545        46.00000        34.00000
G18  20389021.69900  20389020.45900  20389020.07800 -49779828.30647 -31448276.73746        46.00000        36.00000
G21  21862820.81300  21862819.41600  21862819.92400 -54123613.99946 -41934744.57143        41.00000        22.00000
G22  20595629.54700  20595627.98400  20595626.57800 -39250051.82047 -30184075.01146        47.00000        38.00000
G27  23132043.82000  23132043.39000  23132046.54500 -23532937.01446 -17631547.09544        41.00000        26.00000
G29  23605460.29400  23605458.36900  23605458.59400 -61253736.26246 -47182812.37142        36.00000        12.00000
S20  21011696.07800 -63115192.34515        33.00000
S33  19763745.68600          .15216        40.00000
S38  20396715.49600 -27725638.48615        34.00000
> 2014 08 03 09 35 00.0000000  0 10
G03  25144087.90000  25144087.32400  25144087.85100  -3856260.98145   -478369.77441        33.00000         6.00000
G16  21207953.24000  21207952.06800  21207951.90200 -38714231.00847 -29079193.01745        46.00000        34.00000
G18  20334768.52500  20334766.99100  20334767.31400 -50064930.01647 -31670433.88645        46.00000        34.00000
G21  21872058.98300  21872056.85300  21872057.43000 -54075067.73346 -41896916.31843        40.00000        22.00000
G22  20386877.49500  20386876.31300  20386874.36900 -40347051.32447 -31038879.71746        47.00000        38.00000
G27  22869466.23400  22869466.54700  22869468.62700 -24912787.76546 -18706755.35944        41.00000        26.00000
G29  23608438.49600  23608437.19700  23608436.77600 -61238086.06845 -47170617.59142        35.00000        12.00000
S20  20896473.35200 -63720685.36815        33.00000
S33  19651665.73100   -588984.00716        40.00000
S38  20281062.24700 -28333387.26615        34.00000
> 2014 08 03 09 40 00.0000000  0 11
G03  24866966.84400  24866964.01100  24866966.19900  -5312547.35745  -1613138.17941        35.00000        10.00000
G15  25222105.44400                                   -353815.83655                        33.00000
G16  21022977.78600  21022976.53600  21022977.06400 -39686281.72647 -29836635.09645        46.00000        34.00000
G18  20291544.26500  20291542.73100  20291542.45700 -50292074.57847 -31847429.63045        46.00000        34.00000
G21  21882864.02500  21882862.29500  21882863.37000 -54018286.85146 -41852671.47243        39.00000        20.00000
G22  20188088.29000  20188086.49300  20188085.26200 -41391696.18247 -31852888.67246        47.00000        38.00000
G27  22607094.60500  22607093.81400  22607096.29500 -26291560.18647 -19781123.38444        42.00000        26.00000
G29  23615760.69000  23615759.80100  23615761.39300 -61199602.13145 -47140630.22041        32.00000         8.00000
S20  20781259.74100 -64326159.29315        33.00000
S33  19539576.64200  -1178024.13716        40.00000
S38  20165409.36900 -28941156.47515        34.00000
> 2014 08 03 09 45 00.0000000  0 11
G03  24587975.46900  24587973.91600  24587976.49500  -6778658.24445  -2755562.09342        35.00000        12.00000
G15  25145127.97200  25145128.41100  25145129.19300   -758329.55645   -311487.56041        33.00000         8.00000
G16  20849379.58900  20849378.10400  20849378.46500 -40598547.87847 -30547491.83046        46.00000        36.00000
G18  20259028.54400  20259027.09800  20259027.07900 -50462946.67147 -31980576.69145        46.00000        34.00000
G21  21895019.31400  21895016.98000  21895018.26900 -53954412.64246 -41802899.37643        39.00000        20.00000
G22  19999491.18000  19999489.42200  19999488.07400 -42382780.63347 -32625162.27446        47.00000        40.00000
G27  22345232.43800  22345231.09000  22345233.02400 -27667660.05547 -20853408.86244        43.00000        28.00000
G29  23627447.07600  23627444.85900  23627446.38300 -61138196.05445 -47092781.65441        32.00000         8.00000
S20  20666054.61800 -64931532.82615        33.00000
S33  19427481.47800          .57516        40.00000
S38  20049760.50700 -29548887.87915        34.00000
> 2014 08 03 09 50 00.0000000  0 10
G03  24307346.73400  24307345.96200  24307345.80600  -8253368.54246  -3904686.82742        38.00000        14.00000
G16  20687398.99800  20687397.64000  20687397.90400 -41449761.70847 -31210775.30946        47.00000        36.00000
G18  20236863.79100  20236862.79400  20236861.81700 -50579424.27747 -32071338.43045        47.00000        34.00000
G19  24976564.73400  24976564.68500  24976561.84300  -4241808.27846  -2925895.19642        36.00000        12.00000
G21  21908329.32800  21908326.72000  21908327.14900 -53884470.26146 -41748398.85243        37.00000        18.00000
G22  19821275.23100  19821273.28700  19821272.08500 -43319311.31448 -33354926.40046        48.00000        40.00000
G27  22084203.63300  22084202.97900  22084205.44000 -29039374.10347 -21922276.87045        43.00000        30.00000
S20  20550887.72800 -65536746.33015        32.00000
S33  19315393.48300   -589009.88316        39.00000
S38  19934133.88700 -30156519.42415        33.00000
> 2014 08 03 09 55 00.0000000  0 11
G03  24025339.29500  24025338.32800  24025341.24800  -9735320.52546  -5059454.44742        36.00000        16.00000
G15  25015123.15300  25015122.54700  25015123.23100  -1441517.10545   -843841.78941        32.00000        10.00000
G16  20537231.85200  20537230.51400  20537230.51400 -42238896.70047 -31825685.67146        47.00000        36.00000
G18  20224662.27700  20224661.24100  20224661.13400 -50643541.43647 -32121299.82045        46.00000        32.00000
G19  24699811.90800  24699810.44200  24699810.05200  -5696156.58446  -4059153.34542        36.00000        14.00000
G21  21922623.72300  21922622.87300  21922622.86400 -53809349.08146 -41689862.87043        38.00000        18.00000
G22  19653591.87300  19653590.46600  19653588.74700 -44200493.14048 -34041561.57046        49.00000        40.00000
G27  21824362.05100  21824361.66100  21824363.11600 -30404850.60347 -22986284.44745        44.00000        30.00000
S20  20435770.88200 -66141713.84315        33.00000
S33  19203334.54000  -1177885.70316        40.00000
S38  19818545.78400 -30763947.83415        33.00000
> 2014 08 03 10 00 00.0000000  0 11
G03  23742214.53600  23742213.61700  23742214.79900 -11223154.89046  -6218805.71242        36.00000        14.00000
G15  24962080.93900                                  -1720258.65155                        32.00000
G16  20398999.85500  20398998.26300  20398998.77100 -42965307.93847 -32391720.36846        46.00000        36.00000
G18  20221988.02800  20221986.90500  20221986.15300 -50657595.50147 -32132250.99945        46.00000        32.00000
G19  24420678.56900  24420677.08400  24420676.59600  -7163000.56245  -5202148.36141        33.00000        10.00000
G21  21937735.34400  21937733.90800  21937734.71900 -53729935.65146 -41627982.30142        37.00000        16.00000
G22  19496528.81600  19496526.58900  19496525.43600 -45025866.72948 -34684709.79346        48.00000        40.00000
G27  21566059.72700  21566058.97500  21566060.18600 -31762235.99947 -24043987.25145        43.00000        30.00000
S20  20320696.78300 -66746412.79315        33.00000
S33  19091300.06600          .94316        39.00000
S38  19702994.98600 -31371169.32715        34.00000
> 2014 08 03 10 05 00.0000000  0 10
G03  23458300.08800  23458299.06300  23458302.02200 -12715133.81846  -7381386.56243        37.00000        18.00000
G16  20272824.06700  20272822.34800  20272822.95300 -43628367.50647 -32908390.17046        46.00000        36.00000
G18  20228429.21900  20228428.10600  20228427.70500 -50623746.76847 -32105875.36845        45.00000        30.00000
G19  24139391.20800  24139388.83500  24139388.75600  -8641176.22445  -6353973.42342        34.00000        12.00000
G21  21953566.47600  21953565.73400  21953566.30000 -53646741.48545 -41563155.83342        35.00000        12.00000
G22  19350179.68200  19350178.08000  19350176.89800 -45794933.81748 -35283982.79447        49.00000        42.00000
G27  21309721.48700  21309721.32100  21309722.12200 -33109302.09447 -25093649.03245        44.00000        32.00000
S20  20205732.37300 -67350572.24215        33.00000
S33  18979343.65200   -588341.16516        39.00000
S38  19587533.17800 -31977899.26015        33.00000
> 2014 08 03 10 10 00.0000000  0 10
G03  23173791.48700  23173790.36400  23173792.76700 -14210236.57446  -8546401.55143        38.00000        18.00000
G16  20158609.58800  20158608.15200  20158609.03100 -44228566.81847 -33376077.96646        46.00000        36.00000
G18  20243396.14000  20243394.31400  20243395.02700 -50545095.53547 -32044588.74645        44.00000        30.00000
G19  23856036.19800  23856034.78100  23856032.60300 -10130225.63546  -7514271.47042        38.00000        16.00000
G21  21969884.70000  21969882.71700  21969884.67100 -53560992.37746 -41496338.41442        36.00000        12.00000
G22  19214439.12700  19214437.57400  19214436.07000 -46508255.80448 -35839818.10447        49.00000        42.00000
G27  21055632.83400  21055631.52500  21055635.67600 -34444547.66147 -26134100.08845        44.00000        32.00000
S20  20090757.15000 -67954744.90715        33.00000
S33  18867357.65000  -1176824.85516        39.00000
S38  19472073.63700 -32584672.17115        34.00000
> 2014 08 03 10 15 00.0000000  0 11
G03  22889019.14000  22889018.41700  22889019.79400 -15706722.85446  -9712494.73743        38.00000        18.00000
G14  22689876.32900  22689874.34600  22689874.93200  -4082534.40245   -585541.40341        33.00000         8.00000
G16  20056325.73400  20056323.91800  20056324.23000 -44766075.45947 -33794915.92146        46.00000        36.00000
G18  20266398.93500  20266398.39800  20266398.54500 -50424214.00247 -31950395.37444        44.00000        28.00000
G19  23570838.16200  23570836.00300  23570834.29400 -11628949.21846  -8682107.88842        37.00000        16.00000
G21  21986591.37500  21986590.98400  21986589.76300 -53473199.29546 -41427928.55042        37.00000        14.00000
G22  19089273.20700  19089271.44900  19089270.24700 -47166006.83448 -36352351.36647        48.00000        42.00000
G27  20804213.50600  20804212.27500  20804215.47900 -35765763.14847 -27163618.59045        44.00000        34.00000
S20  19975813.38100 -68558794.70215        33.00000
S33  18755364.46800          .80316        39.00000
S38  19356616.86100 -33191392.78215        33.00000
> 2014 08 03 10 20 00.0000000  0 12
G03  24103285.92000  24103283.40000  24103285.76400 -17202810.68846 -10878277.38143        38.00000        18.00000
G14  23914275.97700  23914274.07200  23914275.36200  -5525369.29845  -1709828.54141        35.00000        10.00000
G16  21464828.80100  21464827.21800  21464828.29300 -45241438.91147 -34165329.03946        46.00000        36.00000
G18  21795880.88900  21795880.24400  21795880.25400 -50263831.61647 -31825422.15544        43.00000        26.00000
G19  24783000.98400  24782998.47300  24782998.93200 -13136085.32646  -9856499.50542        37.00000        16.00000
G21  23502556.15600  23502554.60300  23502554.86700 -53383856.07345 -41358310.76741        35.00000        10.00000
G22  20473553.25800  20473551.46000  20473550.33700 -47768666.32648 -36821956.17447        49.00000        42.00000
G27  22054851.01100  22054849.75100  22054852.82800 -37070720.84547 -28180468.71245        45.00000        34.00000
G32  25918193.15200                                  -1186437.20255                        32.00000
S20  21359852.86400 -69162715.87815        32.00000
S33  20142324.00200   -588583.62216        40.00000
S38  20740131.74200 -33798039.17415        33.00000
> 2014 08 03 10 25 00.0000000  0 12
G03  23818996.20000  23818994.24600  23818996.45400 -18696760.93246 -12042394.38443        40.00000        20.00000
G14  23640799.03500  23640797.12100  23640798.41000  -6962504.04545  -2829674.07342        34.00000        12.00000
G16  21386019.11700  21386017.85700  21386018.67700 -45655586.47947 -34488041.52146        46.00000        36.00000
G18  21833377.32500  21833376.25100  21833376.38800 -50066788.45647 -31671882.18744        43.00000        26.00000
G19  24494838.38300  24494836.74200  24494835.42300 -14650392.33346 -11036478.86943        38.00000        18.00000
G21  23519763.64700  23519762.28000  23519761.90900 -53293429.31745 -41287848.87641        34.00000         8.00000
G22  20369202.49700  20369200.45500  20369199.82100 -48317032.92448 -37249254.87246        48.00000        40.00000
G27  21810031.67900  21810030.32100  21810034.26800 -38357252.27847 -29182960.72946        45.00000        36.00000
G32  25615007.63700  25615006.04500  25615010.71400  -2779691.72645   -795805.24642        34.00000        12.00000
S20  21244935.67500 -69766599.84615        32.00000
S33  20030296.93300  -1177288.74816        40.00000
S38  20624699.61100 -34404676.80915        33.00000
> 2014 08 03 10 30 00.0000000  0 11
G03  23535516.87700  23535513.67300  23535515.26500 -20186459.45946 -13203198.31243        39.00000        20.00000
G14  23369043.17000  23369042.92600  23369042.12500  -8390590.41045  -3942468.81141        34.00000        10.00000
G16  21318671.55700  21318670.10100  21318670.44300 -46009503.01647 -34763820.71745        46.00000        34.00000
G18  21877342.44100  21877340.94700  21877341.10300 -49835749.90747 -31491852.31944        42.00000        24.00000
G19  24205623.32400  24205620.18800  24205621.33100 -16170222.92446 -12220762.28443        36.00000        18.00000
G22  20275036.28900  20275034.53100  20275033.35900 -48811880.00048 -37634850.02346        48.00000        40.00000
G27  21569196.10900  21569194.90700  21569197.20300 -39622853.96447 -30169143.84346        46.00000        36.00000
G32  25313610.53200  25313608.58800  25313611.45000  -4363543.36345  -2029975.07941        33.00000         8.00000
S20  21130068.35300 -70370240.04715        32.00000
S33  19918279.34000          .20016        40.00000
S38  20509296.19900 -35011127.06015        34.00000
> 2014 08 03 10 35 00.0000000  0 12
G03  23253356.51300  23253354.40300  23253357.50000 -21669218.60846 -14358595.04343        41.00000        22.00000
G14  23099749.24600  23099748.01600  23099749.37300  -9805739.11046  -5045182.28442        38.00000        12.00000
G16  21262640.63000  21262639.11600  21262639.49700 -46303948.37547 -34993258.80445        46.00000        34.00000
G18  21927364.37100  21927362.94500  21927363.90200 -49572883.40547 -31287021.58744        42.00000        24.00000
G19  23915787.75600  23915786.56400  23915785.14700 -17693321.31446 -13407592.12243        38.00000        22.00000
G21  23554780.11000  23554777.73600  23554779.06500 -53109419.64346 -41144466.00641        36.00000         8.00000
G22  20190963.54300  20190962.09800  20190960.60300 -49253685.52448 -37979114.15146        48.00000        40.00000
G27  21332921.82900  21332921.08600  21332923.25500 -40864483.16647 -31136647.17646        47.00000        38.00000
G32  25014472.13700  25014470.34000  25014471.69800  -5935530.86545  -3254900.39041        34.00000        10.00000
S20  21015369.17500 -70972986.55215        32.00000
S33  19806396.80400   -587932.65216        40.00000
S38  20394056.34900 -35616712.39015        34.00000
> 2014 08 03 10 40 00.0000000  0 11
G03  22972727.79700  22972726.54700  22972727.51400 -23143930.49446 -15507721.27343        41.00000        22.00000
G14  22833348.36400  22833346.80100  22833348.65700 -11205687.38346  -6136051.41343        39.00000        18.00000
G16  21217414.46100  21217413.37700  21217413.88500 -46541614.00747 -35178453.02445        46.00000        34.00000
G18  21982716.30600  21982714.79200  21982715.72900 -49282010.79247 -31060368.02343        42.00000        22.00000
G19  23625464.83200  23625463.97200  23625462.70200 -19218978.33646 -14596415.85343        39.00000        22.00000
G21  23572449.22700  23572448.07400  23572447.80100 -53016573.19145 -41072119.11941        35.00000         6.00000
G22  20116540.86200  20116539.01500  20116537.95100 -49644781.62948 -38283864.55046        48.00000        40.00000
G27  21101478.60300  21101477.38200  21101480.42000 -42080725.82247 -32084368.87646        47.00000        38.00000
G32  24717734.61200  24717733.68400  24717735.64800  -7494894.13746  -4469988.87442        36.00000        14.00000
S33  19694467.32200  -1176136.26316        40.00000
S38  20278799.40500 -36222409.34115        34.00000
> 2014 08 03 10 45 00.0000000  0 10
G03  22694052.97800  22694051.83500  22694053.48600 -24608379.21547 -16648850.28044        42.00000        26.00000
G14  22570472.40200  22570469.71600  22570471.74700 -12587114.72046  -7212488.56643        36.00000        18.00000
G16  21182629.26600  21182627.81000  21182628.19100 -46724412.65347 -35320893.81845        45.00000        32.00000
G18  22042869.17900  22042867.69400  22042868.27100 -48965906.95546 -30814053.81643        40.00000        20.00000
G19  23335009.02800  23335007.67100  23335006.03000 -20745333.00946 -15785783.17743        39.00000        22.00000
G22  20051485.23400  20051483.79800  20051482.96800 -49986650.31348 -38550255.93146        48.00000        40.00000
G27  20875335.82300  20875334.80700  20875337.44400 -43269114.72647 -33010386.39046        47.00000        38.00000
G32  24423732.83800  24423732.89600  24423734.33200  -9039884.78346  -5673877.91442        36.00000        14.00000
S33  19582494.04700          .16816        41.00000
S38  20163524.04700 -36828165.91015        34.00000
> 2014 08 03 10 50 00.0000000  0 11
G03  22417913.10900  22417912.04500  22417913.14800 -26059503.55847 -17779596.58844        42.00000        24.00000
G14  22311901.97300  22311900.82100  22311901.77800 -13945910.60946  -8271290.76942        38.00000        16.00000
G16  21158025.17500  21158023.79700  21158024.37400 -46853708.98747 -35421644.39545        46.00000        34.00000
G18  22107451.36100  22107450.84300  22107450.84300 -48626526.82546 -30549602.28443        40.00000        18.00000
G19  23044944.80200  23044943.23900  23044942.52500 -22269630.84246 -16973547.82644        40.00000        24.00000
G21  23608000.82200  23608002.58100  23608003.03000 -52829747.47045     52397.63241        32.00000         6.00000
G22  19995634.00700  19995632.17000  19995631.15400 -50280153.12947 -38778959.56546        47.00000        38.00000
G27  20655113.26500  20655112.15100  20655114.76000 -44426394.93048 -33912163.30146        48.00000        40.00000
G32  24132938.27600  24132935.75600  24132939.14500 -10568024.56446  -6864636.47342        37.00000        16.00000
S33  19470630.47200   -587836.40016        41.00000
S38  20048403.51900 -37433149.87515        34.00000
> 2014 08 03 10 55 00.0000000  0 12
G03  22144759.00400  22144757.92000  22144759.15000 -27494940.51947 -18898119.13844        43.00000        26.00000
G11  25436732.15900  25436731.15300  25436728.36900   -506451.33645   -112479.66441        35.00000         8.00000
G14  22058274.96500  22058272.84600  22058274.76000 -15278732.00146  -9309853.11943        37.00000        18.00000
G16  21143156.30900  21143154.79500  21143155.72300 -46931847.66647 -35482532.07545        45.00000        32.00000
G18  22175955.19800  22175954.01600  22175954.18200 -48266540.50546 -30269094.17242        38.00000        16.00000
G19  22755673.14400  22755672.28500  22755670.23300 -23789766.87047 -18158069.58044        42.00000        26.00000
G22  19948649.24100  19948647.44400  19948646.33000 -50527060.63647 -38971355.26946        47.00000        38.00000
G27  20441282.29400  20441281.60100  20441284.05300 -45550084.01048 -34787765.41646        48.00000        40.00000
G32  23845663.95500  23845661.98200  23845665.49900 -12077657.74646  -8040974.40342        37.00000        14.00000
S20  20556983.52800 -73381800.64515        32.00000
S33  19358895.42000  -1175015.01416        41.00000
S38  19933441.60900 -38037286.75715        34.00000
> 2014 08 03 11 00 00.0000000  0 12
G03  21874974.69600  21874973.19200  21874973.88600 -28912669.24547 -20002843.11444        43.00000        28.00000
G14  21810146.13500  21810145.32500  21810146.50700 -16582655.13546 -10325897.34643        38.00000        18.00000
G16  21137464.03300  21137463.33900  21137463.93500 -46961760.88847 -35505841.54145        45.00000        32.00000
G18  22247807.74300  22247807.37200  22247806.84400 -47888952.22546 -29974870.24542        39.00000        14.00000
G19  22467540.18000  22467538.57800  22467537.62100 -25303919.90547 -19337929.42344        43.00000        28.00000
G21  23644248.84600                                     85886.52355                        32.00000
G22  19910094.75900  19910093.37200  19910092.70800 -50729666.28447 -39129230.08746        47.00000        38.00000
G27  20234236.47000  20234235.28800  20234238.30600 -46638119.01648 -35635585.18546        48.00000        40.00000
G32  23562140.05900  23562138.61300  23562140.18600 -13567587.50446  -9201959.11042        37.00000        14.00000
S20  20442707.24400 -73982386.99815        32.00000
S33  19247221.65500          .99016        41.00000
S38  19818572.54900 -38640897.40015        33.00000
> 2014 08 03 11 05 00.0000000  0 12
G03  21608986.89100  21608985.70900  21608987.35900 -30310445.75147 -21092019.93445        44.00000        30.00000
G11  24970717.94100  24970717.77500  24970716.79800  -2955367.55845   -351789.92141        32.00000         6.00000
G14  21568100.17100  21568098.99900  21568101.23600 -17854617.88846 -11317037.33043        39.00000        20.00000
G16  21140392.39600  21140391.15600  21140392.17200 -46946376.49647 -35493854.18645        45.00000        30.00000
G18  22322487.47000  22322487.04100  22322486.40600 -47496515.03946 -29669075.91442        38.00000        16.00000
G19  22180944.96900  22180943.49400  22180941.71700 -26809986.77747 -20511488.37944        42.00000        28.00000
G22  19879547.62700  19879546.18100  19879545.34100 -50890193.84347 -39254316.77946        47.00000        38.00000
G27  20034393.36200  20034392.23800  20034395.45200 -47688302.56648 -36453910.29246        48.00000        40.00000
G32  23282614.45000  23282613.60000  23282617.00000 -15036509.77046 -10346574.34643        38.00000        18.00000
S20  20328493.22400   -269577.81515        32.00000
S33  19135583.66200   -586671.61916        41.00000
S38  19703786.52000 -39244123.22815        34.00000
> 2014 08 03 11 10 00.0000000  0 11
G03  21347259.42000  21347258.06200  21347259.84000 -31685833.68347 -22163751.12245        45.00000        30.00000
G11  24735215.32600  24735212.80600  24735213.54800  -4192946.94145   -449869.61341        33.00000        10.00000
G14  21332737.46000  21332736.33600  21332737.40100 -19091455.37246 -12280807.04542        38.00000        16.00000
G16  21151386.02700  21151384.73800  21151385.34300 -46888607.62747 -35448840.04644        44.00000        28.00000
G18  22399514.51700  22399513.07100  22399514.76100 -47091737.77946 -29353666.01342        38.00000        14.00000
G19  21896339.26100  21896337.66900  21896336.60400 -28305600.80147 -21676902.25944        42.00000        28.00000
G22  19856598.44100  19856596.39900  19856595.75400 -51010794.69147 -39348291.77546        46.00000        36.00000
G27  19842191.05400  19842189.81300  19842193.18400 -48698334.65048 -37240948.57646        49.00000        40.00000
G32  23007350.64200  23007349.14700  23007351.33500 -16483034.18246 -11473736.66043        40.00000        20.00000
S33  19023979.79000  -1173153.17416        41.00000
S38  19589071.86900 -39846948.21515        34.00000
> 2014 08 03 11 15 00.0000000  0 12
G03  21090230.57300  21090228.89300  21090231.36500 -33036529.77247 -23216241.83545        45.00000        32.00000
G11  24497986.06700  24497984.74800  24497986.56500  -5439596.43745  -1421285.14341        35.00000        10.00000
G14  21104616.39100  21104615.38500  21104616.66500 -20290242.66446 -13214927.33443        41.00000        22.00000
G16  21169835.56200  21169834.28200  21169835.39600 -46791656.98147 -35373294.74144        44.00000        28.00000
G18  22478398.96800  22478397.33700  22478399.04600 -46677201.17646 -29030651.40342        38.00000        12.00000
G19  21614161.25600  21614159.05800  21614159.15500 -29788461.09647 -22832378.19245        43.00000        30.00000
G22  19840792.86300  19840791.00700  19840790.45000 -51093853.62547 -39413013.38346        46.00000        36.00000
G27  19658021.04500  19658020.16600  19658022.24700 -49666156.00948 -37995095.35146        49.00000        40.00000
G32  22736565.86400  22736564.37900  22736568.23700 -17906015.76046 -12582553.90443        38.00000        18.00000
S20  20100301.71500  -1468746.63615        32.00000
S33  18912385.08000          .14616        41.00000
S38  19474410.50400 -40449505.47715        35.00000
> 2014 08 03 11 20 00.0000000  0 12
G03  20838366.03000  20838364.48700  20838366.85100 -34360089.80347 -24247587.64545        45.00000        32.00000
G11  24259018.11900  24259017.62000  24259016.87800  -6695378.49845  -2399817.15641        35.00000         8.00000
G14  20884298.99200  20884297.28300  20884298.77700 -21448021.76846 -14117093.02544        41.00000        24.00000
G16  21195137.13700  21195135.36900  21195137.35200 -46658697.44147 -35269690.62644        42.00000        26.00000
G18  22558693.38100  22558690.93900  22558694.12400 -46255253.76445 -28701862.25741        33.00000         8.00000
G19  21334888.27800  21334886.77300  21334886.45100 -31256047.60747 -23975952.44345        43.00000        30.00000
G22  19831693.37500  19831692.01700  19831690.73800 -51141673.87147 -39450276.24846        46.00000        36.00000
G27  19482282.04200  19482281.24100  19482283.75100 -50589671.26148 -38714717.90647        49.00000        42.00000
G32  22470488.67700  22470487.72000  22470490.36700 -19304263.35847 -13672097.96544        42.00000        24.00000
S20  19986285.42700  -2067900.66715        32.00000
S33  18800795.88000   -586411.71416        41.00000
S38  19359795.71600 -41051799.15915        33.00000
> 2014 08 03 11 25 00.0000000  0 12
G03  22091080.99300  22091079.30300  22091082.03800 -35654129.21247 -25255930.41745        45.00000        32.00000
G11  25517268.35000  25517267.86200  25517265.77100  -7960338.88546  -3385501.35142        37.00000        12.00000
G14  22171274.86000  22171273.56100  22171274.28400 -22562014.87846 -14985139.65643        40.00000        22.00000
G16  22725618.46700  22725617.20700  22725618.80900 -46493066.35147 -35140628.13144        42.00000        26.00000
G18  24138916.83500  24138915.42800  24138919.34500 -45828228.29645 -28369116.25341        34.00000         8.00000
G19  22557970.08000  22557967.66700  22557968.04800 -32705814.12147 -25105640.96445        44.00000        32.00000
G22  21327801.93200  21327799.55800  21327799.42200 -51156674.08947 -39461965.17145        46.00000        34.00000
G27  20814300.58900  20814299.82700  20814302.78700 -51466965.93348 -39398324.45447        49.00000        42.00000
G32  23708279.44600  23708277.49200  23708281.77100 -20676734.38746 -14741556.40243        40.00000        22.00000
S20  21371275.64100  -2666823.40415        32.00000
S33  20188158.90900  -1172874.20716        41.00000
S38  20744182.10500 -41653898.60315        34.00000
> 2014 08 03 11 30 00.0000000  0 12
G03  21850768.46300  21850766.70400  21850768.93200 -36916980.85847 -26239971.00245        46.00000        34.00000
G11  25274679.82000  25274678.23700  25274680.15200  -9235145.22145  -4378857.74841        34.00000         8.00000
G14  21967990.74300  21967989.32600  21967991.31900 -23630279.94446 -15817554.16744        41.00000        24.00000
G16  22762589.24600  22762587.77100  22762588.64000 -46298790.51747 -34989245.09144        42.00000        24.00000
G18  24220606.06000  24220603.54900  24220605.32700 -45398963.76745 -28034625.83041        32.00000         8.00000
G19  22285841.63700  22285839.64500  22285840.62100 -34135857.90747 -26219961.07445        44.00000        32.00000
G22  21330608.02500  21330605.97300  21330605.71900 -51141928.59847 -39450475.68745        45.00000        34.00000
G27  20656361.86300  20656360.96400  20656364.18800 -52296941.15748 -40045058.69047        49.00000        42.00000
G32  23452057.93900  23452056.88400  23452059.42300 -22023189.83346 -15790742.62743        41.00000        22.00000
S20  21257205.97800  -3266265.67915        32.00000
S33  20076405.96100          .31716        41.00000
S38  20629503.88000 -42256539.75515        34.00000
> 2014 08 03 11 35 00.0000000  0 12
G03  21616904.92800  21616903.22800  21616905.44600 -38145943.79247 -27197604.73345        46.00000        34.00000
G11  25030310.62500  25030309.73600  25030312.72600 -10519320.02945  -5379514.24542        35.00000        14.00000
G14  21773949.24900  21773947.93000  21773950.31300 -24649974.93946 -16612121.94644        41.00000        24.00000
G16  22804425.19100  22804424.15500  22804425.64000 -46078940.95946 -34817934.60843        41.00000        22.00000
G18  24302385.98400  24302386.50200  24302387.98700 -44969205.42845 -27699750.52341        33.00000         6.00000
G19  22018045.24000  22018042.59300  22018043.39400 -35543139.80447 -27316544.69045        44.00000        32.00000
G22  21338680.10000  21338678.65500  21338678.49800 -51099508.34047 -39417421.35845        45.00000        32.00000
G27  20507807.37400  20507806.26000  20507809.38600 -53077602.31248 -40653366.40847        49.00000        42.00000
G32  23201016.70600  23201014.99700  23201017.43900 -23342420.50846 -16818714.94043        41.00000        20.00000
S20  21143094.02800  -3865920.89815        33.00000
S33  19964559.92000   -587751.88616        41.00000
S38  20514782.05900 -42859417.62915        34.00000
> 2014 08 03 11 40 00.0000000  0 12
G03  21389968.34800  21389967.00000  21389969.33400 -39338504.11647 -28126872.73745        46.00000        34.00000
G11  24784237.63500  24784236.83400  24784239.50100 -11812442.53045  -6387142.81442        35.00000        12.00000
G14  21589629.71500  21589628.74700  21589630.17400 -25618583.88147 -17366882.29244        43.00000        26.00000
G16  22850517.36800  22850515.79500  22850517.17200 -45836730.19946 -34629199.75543        40.00000        20.00000
G19  21755139.01600  21755137.58900  21755137.16000 -36924721.29747 -28393101.95745        45.00000        32.00000
G21  25295867.34100                                     31039.05555                        34.00000
G22  21351603.57800  21351601.64400  21351602.57200 -51031595.28947 -39364502.46445        44.00000        30.00000
G27  20368957.76900  20368956.65600  20368960.18200 -53807261.48748 -41221932.27647        49.00000        42.00000
G32  22955338.26200  22955336.85500  22955340.08900 -24633465.81646 -17824724.34943        40.00000        22.00000
S20  21028977.24300  -4465622.76615        32.00000
S33  19852651.84000  -1175839.84916        41.00000
S38  20400043.83700 -43462366.30715        34.00000
> 2014 08 03 11 45 00.0000000  0 11
G03  21170418.34500  21170417.61200  21170419.40000 -40492248.96547 -29025894.96346        47.00000        36.00000
G11  24536553.12100  24536551.91000  24536553.19900 -13114041.54146  -7401376.42642        39.00000        14.00000
G14  21415465.06600  21415463.71800  21415465.32000 -26533824.43847 -18080056.91144        43.00000        26.00000
G16  22900246.78200  22900244.57500  22900247.17300 -45575406.75346 -34425572.00543        39.00000        20.00000
G19  21497681.79500  21497678.71800  21497680.10500 -38277668.54147 -29447346.73845        44.00000        34.00000
G22  21368962.80200  21368960.16400  21368960.64300 -50940377.81247 -39293424.39745        43.00000        30.00000
G27  20240093.42200  20240092.36700  20240095.75700 -54484450.83248 -41749612.54847        49.00000        42.00000
G32  22715179.78900  22715177.79600  22715181.90900 -25895509.07446 -18808134.82842        36.00000        14.00000
S20  20914874.90500  -5065222.69115        32.00000
S33  19740701.58000          .05416        40.00000
S38  20285320.28600 -44065241.46715        34.00000
> 2014 08 03 11 50 00.0000000  0 12
G01  25203299.12800  25203298.68800  25203303.40600  -1111807.28545   -603158.68342        34.00000        12.00000
G03  20958636.88400  20958635.51600  20958638.21200 -41605167.86947 -29893104.79946        47.00000        36.00000
G11  24287300.68000  24287299.75200  24287301.86200 -14423874.94046  -8422026.48842        38.00000        16.00000
G14  21251787.73300  21251786.72600  21251788.02600 -27393957.53747 -18750290.74244        44.00000        28.00000
G16  22952935.76100  22952934.00300  22952936.00500 -45298526.12346 -34209822.02943        41.00000        18.00000
G19  21246173.97500  21246172.22600  21246172.90000 -39599350.20147 -30477228.79145        45.00000        34.00000
G22  21390285.88900  21390284.01400  21390284.38500 -50828324.69347 -39206110.80945        44.00000        30.00000
G27  20121393.80700  20121392.52700  20121396.34700 -55108222.25848 -42235668.54347        49.00000        42.00000
G32  22480614.32600  22480612.50900  22480616.17200 -27128162.66047 -19768644.38844        42.00000        26.00000
S20  20800757.46500  -5664924.44015        32.00000
S33  19628680.76300   -588684.30416        40.00000
S38  20170580.50100 -44668215.94615        34.00000
> 2014 08 03 11 55 00.0000000  0 12
G01  24968621.85600  24968622.41200  24968625.61600  -2345050.54445  -1564128.96641        34.00000        10.00000
G03  20754905.41200  20754904.40600  20754905.75400 -42675786.38448 -30727353.20846        48.00000        36.00000
G11  24036459.76800  24036458.46900  24036459.77800 -15742048.08146  -9449174.67842        37.00000        14.00000
G14  21098798.62000  21098797.07700  21098799.64600 -28197918.18747 -19376753.75744        42.00000        28.00000
G16  23007831.48200  23007829.41100  23007833.02500 -45010052.53146 -33985038.60543        38.00000        18.00000
G19  21001032.94900  21001031.17100  21001032.09000 -40887577.02047 -31481042.13346        45.00000        36.00000
G22  21415031.19300  21415028.75100  21415029.48300 -50698291.88547 -39104787.08544        42.00000        28.00000
G27  20012915.84500  20012914.91700  20012918.71700 -55678278.54948 -42679868.58347        49.00000        42.00000
G32  22251610.39900  22251608.69900  22251611.21900 -28331587.78547 -20706378.37544        43.00000        26.00000
S20  20686503.72600  -6265313.77315        32.00000
S33  19516464.33300  -1178374.63516        40.00000
S38  20055700.06100 -45271904.76215        34.00000
> 2014 08 03 12 00 00.0000000  0 12
G01  24732377.70100  24732376.88100  24732382.51700  -3586524.55545  -2531512.57541        32.00000         8.00000
G03  20559642.11500  20559640.48400  20559643.23800 -43701901.59347 -31526923.71346        47.00000        36.00000
G11  23784191.57500  23784191.81000  23784193.46000 -17067728.22046 -10482172.52242        38.00000        16.00000
G14  20956814.83200  20956814.11800  20956815.47600 -28944048.47847 -19958154.07544        43.00000        28.00000
G16  23064347.45000  23064346.55100  23064349.38400 -44713061.63846 -33753618.40543        41.00000        20.00000
G19  20762832.39700  20762830.77600  20762830.56100 -42139330.75547 -32456434.78446        46.00000        36.00000
G22  21442826.54500  21442824.70800  21442824.51300 -50552227.30247 -38990971.07144        43.00000        26.00000
G27  19914834.32200  19914833.56000  19914837.07700 -56193701.27448 -43081496.92347        49.00000        42.00000
G32  22028275.57700  22028274.28800  22028277.86300 -29505214.27246 -21620892.63643        38.00000        22.00000
S20  20572170.72700  -6866149.31415        32.00000
S33  19404101.09500          .33416        41.00000
S38  19940732.64200 -45876069.92015        34.00000
> 2014 08 03 12 05 00.0000000  0 12
G01  24494501.96800  24494502.57400  24494506.40300  -4836578.25046  -3505581.48442        37.00000        14.00000
G03  20373183.83700  20373182.68400  20373185.31200 -44681745.93847 -32290439.04446        47.00000        36.00000
G11  23530615.98800  23530613.58500  23530615.20600 -18400285.20546 -11520528.81442        40.00000        16.00000
G14  20826043.27100  20826042.52900  20826045.00000 -29631257.02147 -20493641.46244        42.00000        28.00000
G16  23121853.79700  23121853.06400  23121855.98500 -44410871.55246 -33518147.07843        39.00000        18.00000
G19  20532081.54700  20532079.76900  20532079.79800 -43351935.43947 -33401321.73546        46.00000        36.00000
G22  21473258.41000  21473256.55400  21473257.14000 -50392309.07847 -38866360.09944        43.00000        26.00000
G27  19827222.54100  19827221.87600  19827225.25600 -56654104.20148 -43440252.68147        49.00000        42.00000
G32  21810642.87800  21810640.90500  21810645.23300 -30648883.76346 -22512063.69844        39.00000        24.00000
S20  20457735.40300  -7467526.14015        32.00000
S33  19291579.40200   -591311.22016        41.00000
S38  19825662.39200 -46480769.34115        34.00000
> 2014 08 03 12 10 00.0000000  0 12
G01  24254849.77300  24254848.36600  24254856.22000  -6095956.27245  -4486915.78042        32.00000        12.00000
G03  20195750.01500  20195748.38300  20195751.40200 -45614168.92947 -33017002.63146        47.00000        36.00000
G11  23275778.00000  23275776.69100  23275779.24100 -19739460.05946 -12564041.62842        39.00000        16.00000
G14  20706551.65300  20706550.72500  20706552.86400 -30259191.65147 -20982941.42744        42.00000        28.00000
G16  23179641.39700  23179639.04200  23179644.25900 -44107201.92546 -33281522.94642        37.00000        14.00000
G19  20309189.01900  20309187.26100  20309188.36500 -44523240.45647 -34314027.10046        46.00000        36.00000
G22  21505838.79700  21505836.60900  21505837.19500 -50221102.07546 -38732952.71144        41.00000        26.00000
G27  19750020.30700  19750019.45700  19750023.00300 -57059806.54448 -43756384.68746        49.00000        40.00000
G32  21598630.20900  21598628.92900  21598632.82700 -31763016.02646 -23380218.80644        41.00000        26.00000
S20  20343102.81600  -8069928.95815        33.00000
S33  19178796.82500  -1183996.34116        41.00000
S38  19710386.02800 -47086525.54115        32.00000
> 2014 08 03 12 15 00.0000000  0 12
G01  24013469.61400  24013469.14500  24013476.79300  -7364422.24845  -5475331.44842        35.00000        12.00000
G03  20027699.54000  20027698.13400  20027700.90800 -46497280.14147 -33705141.46446        47.00000        36.00000
G11  23019923.08200  23019921.80200  23019923.51100 -21083990.50346 -13611727.71043        40.00000        20.00000
G14  20598524.43500  20598523.39900  20598525.26500 -30826878.27447 -21425294.85844        42.00000        28.00000
G16  23237190.12900  23237187.97000  23237192.30800 -43804787.90946 -33045877.41541        36.00000        10.00000
G19  20094722.43700  20094721.15800  20094721.27500 -45650271.20547 -35192232.96846        46.00000        38.00000
G22  21540267.07400  21540265.49200  21540266.26400 -50040180.24046 -38591975.28744        41.00000        24.00000
G27  19683292.29900  19683291.18500  19683295.27800 -57410464.46048 -44029624.94746        48.00000        40.00000
G32  21392310.83200  21392309.04400  21392311.88700 -32847235.27347 -24225065.14644        43.00000        28.00000
S20  20228344.01200  -8672989.92515        32.00000
S33  19065822.61100          .78716        41.00000
S38  19594990.53800 -47692950.30315        33.00000
> 2014 08 03 12 20 00.0000000  0 12
G01  23770515.18800  23770515.56900  23770522.77800  -8641152.60545  -6470186.27942        33.00000        16.00000
G03  19869453.28500  19869451.84000  19869454.47700 -47328870.35047 -34353133.94246        47.00000        36.00000
G11  22763402.95400  22763402.36800  22763403.62800 -22432010.00146 -14662132.46243        40.00000        20.00000
G14  20502189.50300  20502188.31200  20502190.03100 -31333124.50847 -21819772.48844        44.00000        28.00000
G16  23294092.01700  23294089.75100  23294096.34500 -43505771.50245 -32812879.53041        34.00000        10.00000
G19  19889323.47900  19889321.63300  19889322.48200 -46729651.77747 -36033308.82546        46.00000        38.00000
G22  21576358.80400  21576356.49900  21576357.81700 -49850518.59746 -38444187.57343        41.00000        22.00000
G27  19627154.74000  19627153.38200  19627157.60200 -57705472.40548 -44259501.51346        48.00000        40.00000
G32  21191830.67700  21191829.12400  21191831.96600 -33900767.58847 -25045999.38145        46.00000        32.00000
S20  20113627.40700  -9275819.32915        32.00000
S33  18952829.51500   -593786.81316        41.00000
S38  19479639.37700 -48299148.73315        34.00000
> 2014 08 03 12 25 00.0000000  0 12
G01  23526133.90000  23526133.39200  23526140.97300  -9925390.32645  -7470890.69342        35.00000        16.00000
G03  19721365.59900  19721364.20200  19721366.88900 -48107077.22847 -34959529.04446        47.00000        36.00000
G11  22506565.11900  22506562.71600  22506565.60800 -23781702.75046 -15713841.07643        39.00000        20.00000
G14  20417690.03400  20417687.47500  20417690.44500 -31777174.85446 -22165785.91844        41.00000        26.00000
G16  23349931.27900  23349930.20400  23349934.58000 -43212351.27345 -32584242.51541        34.00000         8.00000
G19  19693581.54900  19693580.11300  19693580.39600 -47758283.14147 -36834839.93246        46.00000        38.00000
G22  21613918.08100  21613916.27400  21613918.60800 -49653147.37146 -38290392.43843        39.00000        22.00000
G27  19581647.01600  19581646.06900  19581650.03500 -57944617.26748 -44445848.39846        48.00000        40.00000
G32  20997288.29800  20997286.22700  20997290.16400 -34923093.08847 -25842616.62045        44.00000        30.00000
S20  19999092.66100  -9877683.13215        32.00000
S33  18839956.87300  -1186938.69217        42.00000
S38  19364467.05700 -48904369.24715        33.00000
> 2014 08 03 12 30 00.0000000  0 12
G01  24779257.26100  24779257.47600  24779263.96200 -11217281.57246  -8477559.26642        37.00000        16.00000
G03  21082523.02600  21082521.73600  21082524.76400 -48831247.93247 -35523818.18446        47.00000        36.00000
G11  23748547.60000  23748546.17400  23748548.87000 -25132144.09846 -16766132.98944        41.00000        24.00000
G14  21843884.97800  21843884.20600  21843886.01300 -32159567.76647 -22463754.61044        44.00000        28.00000
G16  24903072.61100  24903071.98500  24903077.62200 -42927642.05245 -32362393.26141        34.00000        10.00000
G19  21006831.30100  21006829.35700  21006830.16800 -48734211.59847 -37595303.87546        47.00000        38.00000
G22  23151536.19100  23151534.58900  23151537.22600 -49450010.84046 -38132104.91543        40.00000        22.00000
G27  21045535.13200  21045534.19400  21045538.17000 -58128935.68248 -44589473.47946        48.00000        38.00000
G32  22307536.77500  22307535.08500  22307539.65600 -35914789.15547 -26615366.79845        44.00000        32.00000
S20  21383668.87000 -10478800.50115        32.00000
S33  20226119.20800          .15517        42.00000
S38  20748397.78900 -49508866.44415        33.00000
> 2014 08 03 12 35 00.0000000  0 13
G01  24531950.43200  24531949.76800  24531954.75000 -12516888.51846  -9490239.80242        37.00000        14.00000
G03  20955085.79400  20955084.64100  20955087.24900 -49500935.50247 -36045652.94546        47.00000        36.00000
G11  23491616.66200  23491615.90000  23491616.68200 -26482325.30847 -17818222.19444        43.00000        24.00000
G14  21782701.59600  21782701.03000  21782703.37400 -32481087.11147 -22714289.27144        43.00000        28.00000
G16  24955036.61700  24955034.09700  24955040.72000 -42654582.22345 -32149621.63640        33.00000         4.00000
G19  20831487.43000  20831485.52500  20831486.27700 -49655649.67247 -38313307.74346        46.00000        40.00000
G20  24728355.56900                                   -210803.67155                        32.00000
G22  23190951.77800  23190949.07200  23190951.58200 -49242886.87046 -37970710.25743        37.00000        20.00000
G27  21020660.97400  21020659.87000  21020663.98300 -58259651.99947 -44691330.81246        46.00000        36.00000
G32  22124525.32800  22124523.75500  22124526.44200 -36876524.27647 -27364770.85045        45.00000        32.00000
S20  21269374.07400 -11079425.38315        32.00000
S33  20113346.46800   -592623.92417        42.00000
S38  20633462.76200 -50112860.17015        33.00000
> 2014 08 03 12 40 00.0000000  0 13
G01  24283204.81500  24283204.59100  24283208.82000 -13824053.17946 -10508809.47242        37.00000        14.00000
G03  20838077.06100  20838075.42000  20838078.92700 -50115822.45047 -36524785.88446        46.00000        36.00000
G11  23234969.03700  23234968.01200  23234970.15100 -27831012.27146 -18869146.99744        41.00000        24.00000
G14  21732917.04900  21732915.58300  21732918.37700 -32742710.03347 -22918151.54844        42.00000        26.00000
G16  25004252.92700  25004251.12900  25004258.88500 -42395951.73245 -31948093.60141        33.00000         6.00000
G19  20666837.33800  20666835.64800  20666836.38100 -50520892.04747 -38987522.77346        47.00000        40.00000
G20  24492020.05000                                  -1452752.19355                        33.00000
G22  23230815.65700  23230815.30500  23230817.38600 -49033395.46846 -37807471.08143        37.00000        18.00000
G27  21005724.91100  21005724.17900  21005728.00800 -58338143.85347 -44752493.75246        47.00000        36.00000
G32  21947091.00800  21947089.07400  21947093.59600 -37808945.14947 -28091332.59245        44.00000        32.00000
S20  21155160.08400 -11679640.84615        32.00000
S33  20000576.38400  -1185232.80816        41.00000
S38  20518599.34800 -50716480.42115        33.00000
> 2014 08 03 12 45 00.0000000  0 11
G01  24033076.50900  24033075.25900  24033081.33500 -15138487.72846 -11533044.13042        37.00000        16.00000
G03  20731518.76800  20731517.40000  20731520.45700 -50675790.83247 -36961125.15445        47.00000        34.00000
G11  22978865.25900  22978864.94600  22978867.15400 -29176847.17047 -19917849.49744        42.00000        26.00000
G14  21694303.16500  21694301.66000  21694304.65900 -32945631.22647 -23076272.36644        42.00000        26.00000
G19  20513171.54900  20513169.57600  20513170.69900 -51328412.53947 -39616759.66046        47.00000        40.00000
G22  23270854.45800  23270853.18800  23270856.17800 -48822995.47246 -37643523.90042        37.00000        16.00000
G27  21000433.01300  21000431.87900  21000435.73800 -58365956.21547 -44774166.08845        45.00000        34.00000
G32  21775102.91700  21775102.02800  21775106.13100 -38712748.47847 -28795594.97345        45.00000        34.00000
S20  21040991.30100 -12279613.29815        32.00000
S33  19887792.97700          .97917        42.00000
S38  20403787.08100 -51319811.26315        33.00000
> 2014 08 03 12 50 00.0000000  0 12
G01  23781665.68900  23781662.28000  23781669.56700 -16459664.03146 -12562532.31242        37.00000        14.00000
G03  20635414.70300  20635413.30600  20635416.17800 -51180824.40647 -37354658.13946        47.00000        36.00000
G11  22723606.57500  22723605.38300  22723607.74700 -30518240.48547 -20963091.11044        43.00000        26.00000
G14  21666610.69300  21666608.88600  21666611.37700 -33091156.45446 -23189668.92644        41.00000        24.00000
G19  20370762.62900  20370760.70500  20370761.77000 -52076777.88447 -40199901.65246        47.00000        40.00000
G22  23310835.09900  23310833.81000  23310835.98800 -48612899.33246 -37479813.36842        39.00000        16.00000
G27  21004477.82700  21004476.75300  21004482.08600 -58344698.87647 -44757602.34545        43.00000        32.00000
G31  24958841.58800                                    -67694.03255                        32.00000
G32  21608440.24100  21608438.62900  21608441.53000 -39588569.86147 -29478053.21045        45.00000        32.00000
S20  20926889.78300 -12879213.69415        33.00000
S33  19775003.38600   -592709.11516        41.00000
S38  20289044.78500 -51922798.77615        33.00000
> 2014 08 03 12 55 00.0000000  0 11
G01  23529067.35300  23529065.59500  23529074.65000 -17787070.00146 -13596874.49142        36.00000        16.00000
G03  20549696.66400  20549695.46200  20549698.63700 -51631274.95247 -37705658.94445        46.00000        34.00000
G11  22469490.30600  22469489.09500  22469490.40400 -31853633.52547 -22003657.03744        43.00000        26.00000
G14  21649523.77400  21649522.18100  21649526.00100 -33180948.39547 -23259637.05144        42.00000        24.00000
G19  20239812.45300  20239810.97800  20239811.63300 -52764925.25248 -40736120.48146        48.00000        40.00000
G20  23804496.11100  23804494.38200  23804499.40300   -473553.05945   -276666.39841        34.00000        10.00000
G22  23350525.12000  23350523.82100  23350527.06400 -48404333.64145 -37317295.60142        35.00000        12.00000
G27  21017496.05800  21017494.97400  21017499.57500 -58276292.35347 -44704299.16945        46.00000        34.00000
G32  21446943.95800  21446941.99500  21446946.51700 -40437236.81847 -30139352.09045        45.00000        32.00000
S33  19662194.43400  -1185516.86916        41.00000
S38  20174348.08800 -52525503.22615        33.00000
> 2014 08 03 13 00 00.0000000  0 11
G01  23275290.83000  23275289.25700  23275296.09500 -19120675.59546 -14636047.41243        38.00000        18.00000
G03  20474141.50100  20474140.00700  20474143.39600 -52028322.28247 -38015046.87845        46.00000        34.00000
G11  22216716.20700  22216714.71300  22216715.99300 -33181970.61947 -23038724.99644        44.00000        28.00000
G14  21642573.40500  21642572.66200  21642574.83100 -33217475.45146 -23288100.51143        41.00000        22.00000
G19  20120361.94100  20120360.03600  20120360.95400 -53392643.41247 -41225251.75946        47.00000        40.00000
G22  23389598.10900  23389597.19100  23389597.09300 -48199005.80145 -37157300.99141        33.00000        10.00000
G27  21038975.24500  21038974.04400  21038978.94800 -58163419.56847 -44616346.99445        45.00000        34.00000
G32  21290334.24400  21290333.03300  21290336.04100 -41260227.61047 -30780643.75845        46.00000        32.00000
S20  20698730.44200 -14078208.81415        33.00000
S33  19549244.93400          .52416        41.00000
S38  20059589.57700   -169573.14015        33.00000
> 2014 08 03 13 05 00.0000000  0 11
G01  23020411.76600  23020411.93200  23020418.16400 -20460069.67546 -15679730.98843        39.00000        20.00000
G03  20408530.11000  20408528.79100  20408531.81900 -52373114.01647 -38283716.10245        46.00000        34.00000
G11  21965552.65500  21965552.03000  21965553.24100 -34501842.05047 -24067196.31944        44.00000        28.00000
G14  21645304.11400  21645302.45400  21645306.11700 -33203129.03146 -23276921.67243        41.00000        22.00000
G19  20012450.42900  20012448.65200  20012449.92100 -53959722.85247 -41667132.32746        47.00000        40.00000
G22  23427802.29600  23427802.11100  23427804.49400 -47998245.00946 -37000865.24641        36.00000        10.00000
G27  21068427.14400  21068425.96200  21068431.45100 -58008650.42647 -44495748.36545        45.00000        32.00000
G32  21138370.99000  21138369.45700  21138373.01200 -42058802.35847 -31402910.00345        46.00000        34.00000
S20  20584468.46900 -14678678.50215        32.00000
S33  19436080.38300   -594690.39216        41.00000
S38  19944685.94600   -163267.75415        32.00000
> 2014 08 03 13 10 00.0000000  0 11
G01  22764537.29100  22764536.94000  22764542.90800 -21804701.55046 -16727496.03443        39.00000        22.00000
G03  20352605.00400  20352603.49000  20352606.59600 -52667004.71447 -38512722.29745        46.00000        34.00000
G11  21716289.12700  21716287.94500  21716290.27000 -35811729.14447 -25087887.44245        44.00000        30.00000
G14  21657230.64800  21657229.17300  21657233.10900 -33140453.15746 -23228083.86043        40.00000        20.00000
G19  19916069.60600  19916067.91600  19916069.10800 -54466208.11847 -42061796.50246        47.00000        40.00000
G22  23464912.45100  23464911.25000  23464912.58800 -47803245.08146 -36848918.61642        37.00000        12.00000
G27  21105341.47100  21105340.26000  21105345.06600 -57814668.56647 -44344594.29545        44.00000        32.00000
G32  20990810.17300  20990808.73700  20990812.10700 -42834237.06347 -32007144.93645        45.00000        32.00000
S20  20469999.19100 -15280201.73715        32.00000
S33  19322632.55800  -1190860.14616        41.00000
S38  19829579.92400   -768165.99115        34.00000
> 2014 08 03 13 15 00.0000000  0 11
G01  22507933.61500  22507933.73200  22507939.69000 -23153159.52146 -17778242.28543        39.00000        22.00000
G03  20306206.77300  20306205.53200  20306209.52800 -52910826.25347 -38702713.62945        45.00000        32.00000
G11  21469370.65100  21469368.94200  21469370.66100 -37109296.42247 -26098978.84945        44.00000        30.00000
G14  21677983.29900  21677981.74600  21677984.97000 -33031399.69146 -23143107.69043        38.00000        18.00000
G19  19831298.45800  19831297.15900  19831298.19400 -54911683.25147 -42408920.18146        47.00000        40.00000
G22  23500856.84400  23500856.19900  23500857.12700 -47614350.76745 -36701729.54641        33.00000         6.00000
G23  24324130.02200  24324130.15900  24324135.16000  -1615409.65846   -390458.40942        36.00000        12.00000
G27  21149325.13700  21149323.77900  21149329.51300 -57583535.61147 -44164491.39645        43.00000        30.00000
G32  20847545.36500  20847544.09500  20847547.50400 -43587097.38747 -32593789.32945        45.00000        32.00000
S20  20355397.31600 -15882434.57215        32.00000
S33  19208979.83000          .27916        41.00000
> 2014 08 03 13 20 00.0000000  0 11
G01  22250961.66900  22250960.37000  22250966.20100 -24503558.32046 -18830500.94843        40.00000        22.00000
G03  20269207.64600  20269206.08300  20269209.89300 -53105264.14647 -38854224.02545        45.00000        32.00000
G11  21225321.82200  21225320.85500  21225322.17400 -38391780.73847 -27098317.24045        45.00000        32.00000
G14  21707232.79600  21707231.96600  21707235.05300 -32877693.95246 -23023337.35943        38.00000        18.00000
G19  19758230.33200  19758228.59400  19758229.60900 -55295661.84047 -42708124.58846        46.00000        38.00000
G20  22723941.82700  22723939.59000  22723942.25700  -1900708.14945   -665390.00641        34.00000         8.00000
G23  23988794.82900  23988795.40500  23988803.28800  -3377595.31045  -1763587.81441        35.00000         8.00000
G27  21200034.32300  21200033.97200  21200038.77800 -57317059.75447 -43956848.86144        43.00000        28.00000
G32  20708532.75500  20708531.11400  20708534.98200 -44317614.78847 -33163023.59045        45.00000        32.00000
S20  20240820.95600 -16484547.69215        32.00000
S33  19095267.85700   -597557.27516        41.00000
> 2014 08 03 13 25 00.0000000  0 12
G01  21993893.60200  21993892.86000  21993898.73100 -25854459.28446 -19883150.90044        41.00000        24.00000
G03  20241328.15900  20241326.72300  20241329.96600 -53251773.88047 -38968387.84345        45.00000        32.00000
G11  20984573.92300  20984572.63400  20984574.17700 -39656920.36347 -28084140.30245        45.00000        32.00000
G14  21744522.98300  21744522.77800  21744525.53200 -32681737.10246 -22870644.57043        39.00000        18.00000
G19  19696795.11100  19696793.65600  19696794.88700 -55618506.73947 -42959692.44246        46.00000        38.00000
G20  22516915.23600  22516914.89400  22516918.85100  -2988630.60745  -1513121.20241        34.00000        10.00000
G23  23654651.81100  23654650.65800  23654655.35700  -5133531.42346  -3131848.50141        36.00000         8.00000
G27  21257001.23000  21257000.65400  21257006.59300 -57017701.60447 -43723583.85245        44.00000        30.00000
G31  23308845.92900                                  -2577589.94755                        32.00000
G32  20573617.28900  20573615.31500  20573619.13500 -45026600.12647 -33715479.79445        44.00000        32.00000
S20  20126287.58700 -17086412.37615        32.00000
S33  18981537.76400  -1195217.49316        41.00000
> 2014 08 03 13 30 00.0000000  0 10
G01  21736946.21400  21736945.41300  21736951.27400 -27204729.42247 -20935309.24344        42.00000        26.00000
G03  20222177.33000  20222175.69900  20222179.02000 -53352414.22847 -39046809.22945        46.00000        32.00000
G11  20747486.05200  20747485.76900  20747486.59900 -40902824.23347 -29054974.33345        46.00000        32.00000
G14  21789299.09100  21789296.91300  21789301.29900 -32446440.74146 -22687297.51242        38.00000        14.00000
G19  19646790.78400  19646789.08500  19646790.72600 -55881281.83747 -43164452.64546        45.00000        36.00000
G20  22312708.32600  22312706.95900  22312710.58300  -4061750.15345  -2349317.81142        35.00000        12.00000
G23  23322134.06100  23322132.96700  23322138.64200  -6880906.17045  -4493436.78742        35.00000        12.00000
G27  21319663.66600  21319661.95600  21319667.67100 -56688414.51647 -43466997.56644        42.00000        26.00000
G32  20442563.90000  20442562.25900  20442565.79500 -45715291.18147 -34252122.11845        45.00000        32.00000
S33  18867747.08700          .73816        39.00000
> 2014 08 03 13 35 00.0000000  0 11
G01  22979347.35900  22979346.91000  22979353.42600 -28552964.08046 -21985881.52644        41.00000        26.00000
G03  21710316.85900  21710315.54000  21710319.06600 -53409289.68047 -39091128.25945        45.00000        30.00000
G11  22013418.96100  22013417.79800  22013418.89300 -42127401.97047 -30009190.75945        45.00000        32.00000
G14  23339980.65000  23339978.67700  23339983.83500 -32174655.68146 -22475517.49842        36.00000        14.00000
G19  21106951.63700  21106949.53700  21106951.48100 -56085188.85347 -43323341.54346        46.00000        38.00000
G20  23610140.27000  23610138.42300  23610143.23000  -5120796.79945  -3174548.59642        35.00000        12.00000
G23  24490682.55000  24490681.65100  24490688.88000  -8617235.67646  -5846418.59542        38.00000        16.00000
G27  22886434.70200  22886433.21700  22886439.51800 -56332080.65746 -43189335.82544        39.00000        24.00000
G31  24345267.93000  24345267.42200  24345271.32000  -5008259.61845  -1876390.14741        35.00000        10.00000
G32  21814127.20100  21814125.47200  21814128.90100 -46384778.98747 -34773800.85445        45.00000        32.00000
S33  20252851.92300   -598335.23416        41.00000
> 2014 08 03 13 40 00.0000000  0 12
G01  22723465.87100  22723465.43100  22723471.24400 -29897628.31046 -23033671.61344        41.00000        26.00000
G03  21707408.06100  21707406.34200  21707410.56200 -53424578.39647 -39103042.28644        43.00000        28.00000
G11  21784856.29200  21784855.35400  21784857.71800 -43328507.68247 -30945117.34345        46.00000        34.00000
G14  23398109.44100  23398109.05000  23398113.70000 -31869186.86045 -22237490.72542        35.00000        12.00000
G19  21079087.13400  21079085.37600  21079086.75300 -56231618.39947 -43437442.61146        46.00000        36.00000
G20  23411151.36000  23411150.22700  23411153.78300  -6166489.49746  -3989373.69443        39.00000        20.00000
G23  24162842.90100  24162843.81900  24162848.56600 -10340028.67245  -7188852.68142        35.00000        14.00000
G27  22958852.99400  22958852.19300  22958859.76400 -55951521.28146 -42892797.07844        39.00000        24.00000
G32  21690185.83900  21690184.73500  21690187.59700 -47036093.56347 -35281318.91545        45.00000        32.00000
S20  21281741.93500   -637006.26715        32.00000
S33  20138922.82800  -1197035.58316        41.00000
S38  20637523.50900   -167993.70515        32.00000
> 2014 08 03 13 45 00.0000000  0 12
G01  22468557.34500  22468556.09500  22468561.39900 -31237181.59247 -24077479.09844        42.00000        26.00000
G03  21711940.00700  21711938.36600  21711942.11700 -53400766.91447 -39084488.85744        44.00000        28.00000
G11  21561150.73000  21561149.56800  21561151.87300 -44504087.63247 -31861153.66245        46.00000        34.00000
G14  23462074.58200  23462073.40000  23462077.50300 -31533053.42445 -21975569.01142        34.00000        14.00000
G19  21061817.32100  21061815.72800  21061817.09600 -56322373.41647 -43508161.23346        46.00000        36.00000
G20  23214540.96000  23214538.49900  23214544.41900  -7199681.10346  -4794457.46343        38.00000        18.00000
G23  23838040.64000  23838037.44600  23838043.59000 -12046881.67446  -8518866.72942        37.00000        16.00000
G27  23035304.54500  23035303.27500  23035310.85500 -55549773.65246 -42579748.29443        37.00000        22.00000
G31  23894982.20800  23894982.02200  23894987.81500  -7374523.72545  -3720232.00442        35.00000        12.00000
G32  21569484.58000  21569483.75900  21569487.36400 -47670382.53347 -35775570.08845        45.00000        32.00000
S33  20024898.71500          .19016        41.00000
S38  20522389.58800   -773039.98815        33.00000
> 2014 08 03 13 50 00.0000000  0 11
G01  22214987.19900  22214986.75000  22214992.85500 -32569699.58647 -25115804.66044        42.00000        28.00000
G03  21723470.27500  21723469.66900  21723473.61500 -53340174.54547 -39037274.97444        43.00000        24.00000
G11  21342748.66200  21342747.66600  21342749.90300 -45651795.63647 -32755471.42045        45.00000        34.00000
G14  23531355.73000  23531353.25900  23531359.57900 -31168985.51646 -21691880.80842        36.00000        12.00000
G19  21054810.76400  21054808.82000  21054810.30400 -56359197.03747 -43536855.52045        46.00000        34.00000
G20  23020199.45900  23020198.60900  23020201.47200  -8220950.11046  -5590251.27143        39.00000        20.00000
G23  23516775.48200  23516774.89500  23516779.14500 -13735133.47346  -9834386.10743        40.00000        20.00000
G27  23115265.82600  23115264.34100  23115271.10100 -55129582.34146 -42252327.89343        37.00000        18.00000
G32  21451864.69600  21451863.17200  21451867.06000 -48288480.02347 -36257204.34645        45.00000        32.00000
S33  19910811.58700   -599530.57916        40.00000
S38  20407273.83600  -1377997.34915        32.00000
> 2014 08 03 13 55 00.0000000  0 12
G01  21963235.20800  21963234.93400  21963240.34600 -33892665.95547 -26146687.30045        43.00000        30.00000
G03  21741632.46200  21741631.24100  21741636.33000 -53244736.75746 -38962908.76644        41.00000        24.00000
G11  21130188.67800  21130187.60400  21130189.00100 -46768806.76147 -33625869.61645        46.00000        34.00000
G14  23605526.00600  23605523.86600  23605528.85800 -30779221.45146 -21388170.06741        37.00000         8.00000
G19  21057786.09400  21057784.20900  21057786.62100 -56343561.14647 -43524672.27945        44.00000        34.00000
G20  22828109.85000  22828108.46300  22828112.36000  -9230386.86146  -6376825.33343        40.00000        20.00000
G23  23199645.52500  23199644.73300  23199647.51700 -15401657.55546 -11132974.67443        41.00000        20.00000
G27  23198306.05100  23198304.79100  23198313.61200 -54693204.67046 -41912295.03443        37.00000        20.00000
G31  23461586.79600  23461585.74100  23461590.98700  -9652032.08446   -625672.14042        37.00000        16.00000
G32  21337266.06500  21337264.67700  21337268.43800 -48890698.15047 -36726465.32545        44.00000        32.00000
S33  19796786.74100  -1198742.73116        40.00000
S38  20292296.47400  -1982208.45915        33.00000
> 2014 08 03 14 00 00.0000000  0 12
G01  21713462.23700  21713461.97400  21713468.12800 -35205229.12947 -27169463.80545        43.00000        30.00000
G03  21765704.06700  21765703.23700  21765707.93500 -53118245.80947 -38864345.26444        43.00000        26.00000
G11  20923669.21500  20923667.79800  20923670.54300 -47854074.57947 -34471532.97746        45.00000        36.00000
G14  23683828.96300  23683828.34700  23683832.26500 -30367740.79945 -21067537.00541        34.00000        10.00000
G19  21070091.29900  21070089.30700  21070091.71900 -56278901.08247 -43474288.54345        45.00000        34.00000
G20  22637920.76200  22637919.38500  22637924.41600 -10229835.14946  -7155616.02144        40.00000        24.00000
G23  22886902.31600  22886901.20200  22886905.13900 -17045128.46746 -12413600.49243        40.00000        20.00000
G27  23283665.44300  23283665.07200  23283671.89000 -54244647.00145 -41562771.55342        35.00000        14.00000
G31  23252538.92700  23252538.35000  23252542.55100 -10750580.60246  -1481683.16542        38.00000        14.00000
G32  21225303.76000  21225302.37300  21225305.60600 -49479068.15747 -37184935.75345        45.00000        32.00000
S33  19682611.00400          .80816        40.00000
S38  20177252.92000  -2586775.22915        34.00000
> 2014 08 03 14 05 00.0000000  0 13
G01  21466011.61800  21466011.35400  21466016.23900 -36505590.36847 -28182732.14645        44.00000        30.00000
G03  21795111.56800  21795109.69200  21795115.10400 -52963712.08846 -38743930.33843        41.00000        22.00000
G11  20723545.96800  20723544.83500  20723546.88700 -48905730.07347 -35291005.00546        46.00000        36.00000
G14  23765676.43600  23765674.78500  23765678.15500 -29937637.72645 -20732392.56940        32.00000         2.00000
G19  21091199.75600  21091197.80200  21091200.69400 -56167976.00547 -43387854.07145        44.00000        34.00000
G20  22449447.17300  22449445.87400  22449448.83400 -11220272.58146  -7927385.12243        41.00000        22.00000
G23  22578952.98300  22578952.82600  22578955.48300 -18663407.69846 -13674596.49043        41.00000        20.00000
G27  23370746.58500  23370745.90100  23370754.12600 -53787038.49645 -41206195.54542        35.00000        12.00000
G31  23049187.16300  23049186.81100  23049190.41600 -11819199.63146  -2314372.74343        39.00000        20.00000
G32  21115760.71000  21115759.08800  21115763.29800 -50054717.76347 -37633493.83045        44.00000        32.00000
S20  20709385.77400  -3644763.47215        32.00000
S33  19568240.88400   -601027.79816        40.00000
S38  20062096.15100  -3191933.08115        34.00000
> 2014 08 03 14 10 00.0000000  0 12
G01  21221334.96300  21221333.69300  21221340.23800 -37791377.89847 -29184644.63245        44.00000        32.00000
G03  21829364.43400  21829363.01800  21829369.12300 -52783714.32446 -38603673.52343        41.00000        22.00000
G11  20530257.85300  20530256.38800  20530258.25400 -49921467.19047 -36082488.51646        46.00000        36.00000
G14  23850580.03400                                 -29491470.87255                        33.00000
G19  21120650.05200  21120648.47900  21120651.09700 -56013216.69747 -43267263.10245        44.00000        32.00000
G20  22262598.19800  22262596.65400  22262600.72800 -12202167.24746  -8692497.60844        41.00000        24.00000
G23  22276287.22500  22276285.58400  22276288.03600 -20253927.94346 -14913961.63943        41.00000        22.00000
G27  23459054.58100  23459055.08900  23459062.78600 -53322986.36045 -40844598.88442        35.00000        14.00000
G31  22852093.06100  22852091.74200  22852096.60700 -12854937.30746  -3121441.14943        38.00000        18.00000
G32  21008527.82900  21008526.04100  21008530.61300 -50618232.63947 -38072596.65145        44.00000        32.00000
S33  19453720.33100  -1202832.91516        41.00000
S38  19946865.89400  -3797437.96815        33.00000
> 2014 08 03 14 15 00.0000000  0 13
G01  20979852.42200  20979851.36700  20979857.34500 -39060376.49847 -30173474.85945        44.00000        32.00000
G03  21867919.56100  21867918.84800  21867925.13900 -52581109.40346 -38445801.12943        40.00000        22.00000
G11  20344186.95100  20344185.61300  20344187.50800 -50899275.74247 -36844417.22046        45.00000        36.00000
G13  24370196.46900  24370196.68400  24370207.50700  -1472323.14645   -853078.85041        32.00000         6.00000
G19  21157908.93100  21157906.78200  21157909.40000 -55817425.81647 -43114699.61445        44.00000        30.00000
G20  22077247.36400  22077245.97700  22077250.15800 -13176193.17146  -9451478.70544        41.00000        24.00000
G23  21979332.29500  21979330.93700  21979333.49600 -21814428.69147 -16129935.27044        42.00000        24.00000
G27  23548056.46500  23548056.34800  23548066.19500 -52855289.30245 -40480162.23542        35.00000        12.00000
G31  22661755.15200  22661752.93400  22661758.46300 -13855168.38846  -3900841.26843        37.00000        18.00000
G32  20903459.58900  20903457.94800  20903462.43100 -51170370.64447 -38502834.55745        45.00000        30.00000
S20  20480078.98700  -4849785.89315        32.00000
S33  19339056.07500          .19916        40.00000
S38  19831582.03700   -166611.38615        34.00000
> 2014 08 03 14 20 00.0000000  0 12
G01  20741914.08300  20741914.05400  20741919.30900 -40310748.97147 -31147790.86445        45.00000        34.00000
G03  21910144.79600  21910144.02500  21910149.91500 -52359222.99446 -38272904.22043        39.00000        18.00000
G11  20165616.07600  20165614.71900  20165616.78900 -51837673.50647 -37575636.60446        45.00000        36.00000
G13  24048343.58400  24048343.45700  24048353.14800  -3163686.14645  -2171024.65441        34.00000         6.00000
G19  21202335.01800  21202333.34700  21202335.69200 -55583968.49647 -42932785.75345        44.00000        32.00000
G20  21893186.84900  21893185.65700  21893189.01700 -14143437.14146 -10205175.42544        41.00000        24.00000
G23  21688420.76600  21688420.09200  21688422.04500 -23343177.79047 -17321167.91744        42.00000        26.00000
G27  23637144.85000  23637142.46600  23637153.46500 -52387140.54445 -40115373.89542        34.00000        14.00000
G31  22478563.81000  22478564.12300  22478568.32300 -14817832.22946  -4650968.00742        38.00000        16.00000
G32  20800340.04800  20800338.76900  20800342.52900 -51712268.34847 -38925092.53345        45.00000        30.00000
S33  19224168.95300   -603741.77016        41.00000
S38  19716167.06000   -296036.18415        32.00000
> 2014 08 03 14 25 00.0000000  0 12
G01  20508032.72100  20508032.01800  20508037.93800 -41539804.30347 -32105496.30145        45.00000        34.00000
G03  21955555.63700  21955554.18100  21955560.00300 -52120597.82646 -38086964.58543        40.00000        18.00000
G11  19994960.28900  19994959.22400  19994961.46100 -52734476.32747 -38274444.55246        45.00000        36.00000
G13  23729022.12400  23729020.76600  23729031.68700  -4841723.36045  -3478585.93341        33.00000         8.00000
G19  21253421.12800  21253419.66200  21253423.24700 -55315509.45347 -42723598.04544        42.00000        28.00000
G20  21710369.93000  21710368.56300  21710372.21600 -15104146.01747 -10953779.75944        42.00000        26.00000
G23  21404014.98700  21404014.19600  21404016.24700 -24837739.40847 -18485761.11844        44.00000        28.00000
G27  23725873.21900  23725873.17000  23725883.96400 -51920876.87745 -39752055.04241        32.00000        10.00000
G31  22303043.15000  22303043.50200  22303047.72200 -15740201.02946  -5369696.95943        38.00000        20.00000
G32  20699117.73800  20699116.20400  20699119.82800 -52244195.85447 -39339581.81745        44.00000        30.00000
S33  19109129.62000  -1208282.48516        40.00000
S38  19600667.81000    -94378.22215        32.00000
> 2014 08 03 14 30 00.0000000  0 11
G01  20278572.05300  20278571.90600  20278576.64400 -42745627.92947 -33045099.16445        46.00000        34.00000
G03  22003511.15700  22003510.29800  22003517.03800 -51868594.10546 -37890600.18042        37.00000        14.00000
G11  19832457.43100  19832456.52200  19832458.80800 -53588434.60247 -38939866.73946        45.00000        36.00000
G13  23412585.82200  23412584.30800  23412595.93200  -6504598.62445  -4774330.75241        34.00000        10.00000
G17  24289069.01600                                   -256593.97155                        33.00000
G19  21310491.30600  21310490.38800  21310492.38100 -55015610.10546 -42489911.49144        41.00000        26.00000
G20  21528601.72900  21528600.23400  21528603.42800 -16059344.60847 -11698089.92344        42.00000        26.00000
G23  21126400.75300  21126399.26800  21126402.20900 -26296608.53147 -19622541.55644        44.00000        28.00000
G31  22135525.88500  22135525.36700  22135529.72400 -16620513.09146  -6055654.30743        38.00000        20.00000
G32  20599599.35100  20599598.55000  20599601.38200 -52767169.15347 -39747093.65345        44.00000        30.00000
S33  18993854.03700          .14616        40.00000
> 2014 08 03 14 35 00.0000000  0 13
G01  20054059.72700  20054058.80900  20054064.75800 -43925448.20647 -33964439.66446        46.00000        36.00000
G03  22053534.48400  22053532.78400  22053540.43300 -51605733.04546 -37685776.12542        37.00000        12.00000
G11  19678477.77300  19678476.46400  19678478.72000 -54397603.12747 -39570387.42546        45.00000        36.00000
G13  23099532.27000  23099531.58700  23099541.88300  -8149691.89245  -6056218.20841        35.00000        10.00000
G17  24020711.55000  24020710.84700  24020717.28400  -1666817.07445   -870163.30641        32.00000        10.00000
G19  21373011.88500  21373010.18500  21373014.60100 -54687065.76346 -42233904.36044        41.00000        26.00000
G20  21347852.86100  21347851.31700  21347855.75200 -17009182.55247 -12438223.51944        42.00000        26.00000
G23  20855998.81900  20855997.35300  20855999.85400 -27717577.81547 -20729789.48944        44.00000        28.00000
G31  21976472.69100  21976470.54200  21976474.69300 -17456346.91445  -6706953.09342        34.00000        14.00000
G32  20501763.47400  20501762.41900  20501765.54500 -53281302.49647 -40147717.17145        45.00000        30.00000
S20  20020129.76800   -674163.81015        32.00000
S33  18878418.51700   -606615.10816        40.00000
S38  19369303.69800   -468918.32415        32.00000
> 2014 08 03 14 40 00.0000000  0 12
G01  21333934.50000  21333933.64000  21333939.39400 -45076761.17147 -34861566.56346        46.00000        36.00000
G03  23604053.09600  23604050.65400  23604059.27900 -51334817.55846 -37474676.25442        36.00000        12.00000
G11  21032270.31700  21032269.35000  21032271.59700 -55160474.57347 -40164832.68746        45.00000        36.00000
G13  24289260.65200  24289261.63900  24289270.34300  -9774707.29345  -7322460.60342        35.00000        12.00000
G17  25258197.21300  25258195.65000  25258199.75200  -3040890.19745  -1940869.76541        32.00000         8.00000
G19  22939349.24300  22939346.15600  22939351.16700 -54333019.74046 -41958025.95444        40.00000        24.00000
G20  22667015.89900  22667014.40400  22667017.85200 -17954037.84047 -13174474.30344        42.00000        28.00000
G23  22092112.21500  22092111.12100  22092112.76200 -29098856.50347 -21806109.98645        46.00000        30.00000
G31  23325215.23200  23325214.36200  23325217.50800 -18245754.24246  -7322075.87342        37.00000        14.00000
G32  21904508.77600  21904506.95900  21904511.50200 -53786925.53547 -40541709.39045        43.00000        30.00000
S33  20261803.57600  -1213973.69016        40.00000
S38  20752492.48100  -1077339.34115        32.00000
> 2014 08 03 14 45 00.0000000  0 12
G01  21120723.08100  21120722.56300  21120728.59000 -46197193.33747 -35734630.59346        46.00000        36.00000
G03  23656603.46100  23656600.98900  23656611.59800 -51058675.70245 -37259504.41441        35.00000        10.00000
G04  25610671.86000                                   -958248.07055                        34.00000
G11  20896146.53800  20896145.21900  20896147.23200 -55875813.05047 -40722239.70746        45.00000        36.00000
G13  23984246.80400  23984245.43700  23984254.26700 -11377562.24445  -8571436.37441        34.00000         8.00000
G17  25004017.47900  25004016.04300  25004021.64000  -4376612.66445  -2981692.51242        33.00000        12.00000
G19  23010962.58900  23010961.22100  23010964.96300 -53956693.68746 -41664786.77144        40.00000        24.00000
G20  22488079.93000  22488076.86300  22488080.78000 -18894352.55547 -13907186.85944        42.00000        26.00000
G23  21837102.53700  21837101.63900  21837103.24100 -30438940.65847 -22850331.42145        45.00000        30.00000
G31  23184143.50000  23184143.01100  23184146.67500 -18987092.65546  -7899742.16341        36.00000        10.00000
G32  21809845.70800  21809843.87100  21809847.74000 -54284385.17947 -40929340.62544        43.00000        28.00000
S33  20146085.95300          .23816        40.00000
> 2014 08 03 14 50 00.0000000  0 14
G01  20913748.02800  20913747.44200  20913753.14700 -47284855.36947 -36582159.57046        47.00000        36.00000
G03  23709517.77700  23709516.91700  23709526.84200 -50780626.89646 -37042846.77742        37.00000        12.00000
G04  25311524.68400                                  -2530270.05855                        33.00000
G11  20769176.83200  20769175.55300  20769177.85800 -56543044.65147 -41242160.88846        45.00000        36.00000
G13  23683747.59200  23683746.42000  23683755.75800 -12956684.97046  -9801919.60042        36.00000        12.00000
G17  24757444.44400  24757444.10200  24757449.25900  -5672361.77845  -3991367.14542        33.00000        14.00000
G19  23086098.70600  23086096.50800  23086101.84200 -53561861.60346 -41357127.49943        39.00000        22.00000
G20  22309845.05900  22309843.24200  22309846.41700 -19830982.68247 -14637028.51444        44.00000        28.00000
G23  21590100.89400  21590099.89700  21590101.62600 -31736940.21347 -23861759.06645        46.00000        32.00000
G31  23052398.81000  23052398.57600  23052400.72500 -19679414.47446  -8439213.00442        37.00000        14.00000
G32  21716589.93500  21716588.80200  21716592.50400 -54774447.13747 -41311207.25844        44.00000        28.00000
S20  21173182.53400  -1527573.05915        32.00000
S33  20030131.40800   -609348.83416        40.00000
S38  20520663.07100   -478126.99815        34.00000
> 2014 08 03 14 55 00.0000000  0 13
G01  20713617.20200  20713616.39100  20713622.31000 -48336550.88047 -37401662.67546        47.00000        38.00000
G03  23762431.22400  23762430.89200  23762443.35600 -50502572.76545 -36826185.34641        33.00000        10.00000
G04  25011226.55400  25011225.71400  25011235.06300  -4108346.09045  -1114910.38041        34.00000         8.00000
G11  20651691.31300  20651690.12200  20651692.32000 -57160435.73147 -41723245.11846        44.00000        36.00000
G13  23388302.76900  23388301.48000  23388309.99800 -14509253.35246 -11011710.85742        38.00000        14.00000
G17  24519016.17100  24519015.37900  24519021.26000  -6925312.03045  -4967692.20242        35.00000        12.00000
G19  23164299.14400  23164296.90700  23164302.68000 -53150922.22146 -41036917.45943        38.00000        18.00000
G20  22132416.81500  22132414.54900  22132418.55400 -20763372.20147 -15363565.69244        42.00000        28.00000
G23  21351498.83100  21351497.83500  21351499.80800 -32990799.44347 -24838791.86045        45.00000        32.00000
G31  22930374.80100  22930374.12700  22930377.82900 -20320651.34446  -8938878.40943        40.00000        22.00000
G32  21624869.40500  21624867.66600  21624871.66100 -55256443.67447 -41686789.11044        43.00000        28.00000
S33  19914102.50500  -1219090.64516        40.00000
S38  20404677.69600  -1087607.69115        33.00000
> 2014 08 03 15 00 00.0000000  0 13
G01  20520742.18300  20520741.74300  20520746.63700 -49350117.21147 -38191454.72846        47.00000        38.00000
G03  23814810.14400  23814809.43100  23814822.82300 -50227332.74745 -36611716.48841        32.00000         6.00000
G04  24710067.10500  24710064.99500  24710071.74500  -5690958.88146  -2348114.87442        37.00000        12.00000
G11  20543795.90000  20543794.69900  20543796.81900 -57727431.35247 -42165060.10546        45.00000        36.00000
G13  23098242.96800  23098242.25400  23098249.19000 -16033522.46946 -12199451.66642        39.00000        16.00000
G17  24289053.78700  24289052.25300  24289058.44600  -8133772.79846  -5909350.10842        36.00000        16.00000
G19  23244925.88800  23244924.26700  23244930.43100 -52727237.51246 -40706776.36943        38.00000        18.00000
G20  21955728.53700  21955726.85700  21955730.34500 -21691876.70847 -16087075.85344        43.00000        28.00000
G23  21121467.87300  21121466.62300  21121468.02900 -34199620.25147 -25780729.91145        46.00000        32.00000
G31  22818236.82200  22818235.51300  22818238.39400 -20909942.82146  -9398066.59042        40.00000        16.00000
G32  21534639.41600  21534637.86300  21534642.09300 -55730606.38247 -42056266.85644        43.00000        28.00000
S33  19797972.30400          .32616        39.00000
S38  20288686.17700  -1697173.56015        33.00000
> 2014 08 03 15 05 00.0000000  0 13
G01  20335581.52000  20335580.59200  20335586.82400 -50323142.93347 -38949656.69246        47.00000        38.00000
G03  23866192.47100  23866191.56200  23866203.98800 -49957338.33445 -36401334.50541        34.00000        10.00000
G04  24408409.47700  24408409.00800  24408415.68000  -7276173.80046  -3583347.20642        37.00000        16.00000
G11  20445617.12300  20445615.53100  20445618.12900 -58243365.78047 -42567087.28545        44.00000        34.00000
G13  22813942.52200  22813941.58400  22813948.08000 -17527525.84046 -13363608.56243        41.00000        18.00000
G17  24067907.92900  24067907.12800  24067911.71900  -9295901.08446  -6814904.69242        36.00000        14.00000
G19  23327406.02200  23327404.28300  23327411.18000 -52293813.81646 -40369046.82142        36.00000        14.00000
G20  21779786.52700  21779784.99400  21779789.58500 -22616456.18947 -16807527.29745        44.00000        30.00000
G23  20900204.16900  20900203.17300  20900204.52100 -35362370.55147 -26686768.93845        47.00000        34.00000
G31  22716161.26000  22716160.78200  22716164.45400 -21446349.71746  -9816046.01442        37.00000        16.00000
G32  21445932.34200  21445930.27100  21445935.78000 -56196764.34247 -42419506.98644        42.00000        26.00000
S33  19681776.13700   -610608.63416        39.00000
S38  20172704.28000   -403928.72815        32.00000
> 2014 08 03 15 10 00.0000000  0 13
G01  20158623.07800  20158622.24700  20158628.36200 -51253065.75947 -39674272.08146        47.00000        38.00000
G03  23916173.07000  23916170.46200  23916184.51900 -49694701.93045 -36196685.59741        34.00000         8.00000
G04  24106689.90800  24106690.54200  24106695.42700  -8861717.86346  -4818835.49642        37.00000        12.00000
G11  20357287.10000  20357285.81000  20357288.67300 -58707544.76147 -42928785.66046        44.00000        36.00000
G13  22535799.40700  22535797.95100  22535804.32000 -18989170.97146 -14502551.13943        40.00000        18.00000
G17  23855941.64900  23855940.87800  23855944.56000 -10409796.56446  -7682875.38842        37.00000        14.00000
G19  23411222.11300  23411221.08700  23411229.08700 -51853372.38846 -40025849.13342        37.00000        16.00000
G20  21604660.43300  21604659.06600  21604661.55700 -23536751.77147 -17524640.62144        44.00000        28.00000
G23  20687912.67000  20687911.48800  20687913.45100 -36477967.71347 -27556065.47445        47.00000        34.00000
G31  22624328.59800  22624327.61100  22624332.93500 -21928937.21046 -10192088.20143        40.00000        22.00000
G32  21358842.76900  21358840.99200  21358845.80700 -56654425.45747 -42776126.17844        43.00000        28.00000
S33  19565598.65700  -1221132.60316        40.00000
S38  20056831.02700   -384224.54015        33.00000
> 2014 08 03 15 15 00.0000000  0 13
G01  19990217.23800  19990216.98500  19990222.43500 -52138045.19548 -40363866.64446        48.00000        38.00000
G04  23805240.28800  23805240.52200  23805246.06100 -10445839.12045  -6053214.93442        35.00000        12.00000
G11  20278779.46500  20278778.02900  20278781.05700 -59120108.02347 -43250264.01846        45.00000        36.00000
G13  22264072.50500  22264072.04500  22264077.55500 -20417103.22047 -15615224.22944        42.00000        24.00000
G17  23653360.69100  23653359.50900  23653364.64700 -11474367.75346  -8512411.53843        38.00000        18.00000
G19  23495748.95300  23495748.09300  23495758.95600 -51409193.68345 -39679739.72542        35.00000        16.00000
G20  21430314.77600  21430314.24900  21430317.30600 -24452940.78547 -18238554.12645        44.00000        30.00000
G23  20484647.10200  20484646.16500  20484647.84500 -37546136.80847 -28388405.05246        47.00000        36.00000
G31  22542751.08500  22542749.85400  22542754.30800 -22357630.55146 -10526134.93743        38.00000        18.00000
G32  21273362.05400  21273360.47200  21273365.35600 -57103631.22047 -43126156.85344        43.00000        26.00000
S20  20596205.19200   -160251.39615        32.00000
S33  19449397.82000          .93416        40.00000
S38  19941011.39300   -992844.26015        33.00000
> 2014 08 03 15 20 00.0000000  0 12
G01  19830709.71600  19830708.96400  19830714.75700 -52976264.71648 -41017024.82046        48.00000        38.00000
G04  23504432.92200  23504433.26300  23504437.31700 -12026595.12846  -7284972.50042        36.00000        14.00000
G11  20210044.93800  20210043.71700  20210046.52000 -59481311.76947 -43531722.01445        45.00000        34.00000
G13  21999012.65900  21999011.81800  21999017.73800 -21809994.08146 -16700592.69343        41.00000        22.00000
G17  23460352.79200  23460351.85500  23460358.68300 -12488630.14346  -9302746.17543        37.00000        18.00000
G19  23580396.74500  23580393.19000  23580404.14000 -50964388.22745 -39333142.10141        32.00000         8.00000
G20  21256754.05000  21256753.37600  21256755.65200 -25365011.49747 -18949258.50545        44.00000        30.00000
G23  20290440.52200  20290439.30100  20290441.55800 -38566697.78747 -29183647.31945        46.00000        34.00000
G31  22471414.78100  22471414.64400  22471418.15100 -22732501.77646 -10818242.42142        38.00000        16.00000
G32  21189516.90200  21189514.97800  21189520.17500 -57544241.38946 -43469489.63544        41.00000        26.00000
S33  19333159.13100   -610836.17816        39.00000
S38  19825243.53200  -1601230.20215        33.00000
> 2014 08 03 15 25 00.0000000  0 12
G01  19680414.75000  19680413.86100  19680419.91800 -53766070.49948 -41632458.02146        48.00000        38.00000
G04  23204648.55200  23204647.95600  23204653.35800 -13601970.56746  -8512537.37042        39.00000        16.00000
G11  20150990.57100  20150989.11500  20150992.13400 -59791647.67947 -43773542.77245        45.00000        34.00000
G13  21740845.07900  21740844.51300  21740850.12000 -23166673.19047 -17757744.82944        43.00000        24.00000
G17  23277061.44200  23277060.08400  23277066.65800 -13451830.17546 -10053292.22642        36.00000        16.00000
G19  23664581.49600  23664579.17100  23664589.72100 -50522008.31445 -38988434.45541        34.00000        10.00000
G20  21083991.34400  21083989.24400  21083993.92300 -26272885.70847 -19656692.90945        44.00000        30.00000
G23  20105287.44000  20105286.32700  20105288.06500 -39539685.06947 -29941819.15246        47.00000        36.00000
G31  22410258.34000  22410257.45100  22410260.92900 -23053884.81746 -11068670.84343        40.00000        18.00000
G32  21107345.34300  21107343.66300  21107348.40000 -57976056.92347 -43805969.43644        42.00000        26.00000
S33  19216864.81100  -1221982.30316        40.00000
S38  19709500.16000   -173558.75515        32.00000
> 2014 08 03 15 30 00.0000000  0 11
G01  19539650.36200  19539649.62900  19539655.72500 -54505793.03248 -42208865.44446        48.00000        38.00000
G04  22906321.39400  22906320.73000  22906324.79400 -15169691.02546  -9734137.43242        40.00000        16.00000
G11  20101513.59100  20101512.30200  20101515.45700 -60051652.79447 -43976144.62145        46.00000        34.00000
G13  21489797.26300  21489796.55000  21489802.06900 -24485936.37247 -18785741.66044        42.00000        24.00000
G17  23103621.67800  23103621.57000  23103627.53900 -14363266.40446 -10763502.69643        39.00000        20.00000
G19  23747773.47300  23747771.35300  23747783.21200 -50084849.45346 -38647795.08741        36.00000        10.00000
G20  20912092.33200  20912090.33900  20912094.65700 -27176219.09747 -20360589.05345        43.00000        30.00000
G23  19929176.86600  19929175.74300  19929177.65800 -40465149.82247 -30662960.15046        47.00000        36.00000
G31  22359204.08500  22359202.70800  22359207.08400 -23322180.57846 -11277732.91342        36.00000        14.00000
G32  21026932.98600  21026931.52000  21026935.75000 -58398626.30847 -44135244.52344        42.00000        24.00000
S33  19100523.57400          .28416        40.00000
> 2014 08 03 15 35 00.0000000  0 11
G01  19408718.72600  19408718.14000  19408724.40200 -55193843.85447 -42745009.31046        47.00000        38.00000
G04  22609915.21400  22609915.93600  22609920.00000 -16727305.99846 -10947862.96142        38.00000        16.00000
G11  20061490.55600  20061489.02200  20061492.13800 -60261977.74747 -44140034.67445        46.00000        34.00000
G13  21246088.14900  21246087.16300  21246092.82900 -25766634.93547 -19783687.95344        42.00000        24.00000
G17  22940139.83900  22940138.30600  22940143.92300 -15222370.25146 -11432934.96842        36.00000        14.00000
G19  23829474.37100  23829473.51200  23829485.17500 -49655515.79445 -38313252.49242        35.00000        14.00000
G20  20741159.26900  20741157.22700  20741160.79200 -28074481.82647 -21060534.05245        44.00000        30.00000
G23  19762082.15300  19762080.91200  19762082.79700 -41343240.24247 -31347186.79646        47.00000        36.00000
G31  22318149.20300  22318148.22600  22318151.27400 -23537925.37746 -11445846.11742        36.00000        12.00000
G32  20948398.35100  20948396.07500  20948401.97500 -58811330.26446 -44456832.42844        40.00000        24.00000
S33  18984163.85400   -611467.86116        40.00000
> 2014 08 03 15 40 00.0000000  0 10
G01  19287815.08500  19287814.11800  19287820.40900 -55829201.25148 -43240093.40646        48.00000        38.00000
G04  22315843.85800  22315844.10300  22315847.09200 -18272667.65846 -12152040.50043        41.00000        20.00000
G11  20030686.80800  20030685.45000  20030688.99600 -60423854.89847 -44266173.33045        45.00000        34.00000
G13  21009834.24600  21009834.34400  21009839.23800 -27008152.65647 -20751103.48744        43.00000        26.00000
G17  22786608.37500  22786608.11200  22786614.07000 -16029187.36646 -12061624.36643        38.00000        20.00000
G20  20571237.20600  20571235.74100  20571239.62900 -28967426.47447 -21756334.96545        44.00000        30.00000
G23  19603868.64100  19603867.26400  19603869.04200 -42174659.60147 -31995046.23346        47.00000        36.00000
G31  22286878.01700  22286877.12800  22286882.02200 -23702256.89646 -11573896.73343        38.00000        18.00000
G32  20871800.90900  20871798.65300  20871803.37100 -59213855.08646 -44770488.58543        40.00000        22.00000
S33  18867749.64600  -1223222.55816        40.00000
> 2014 08 03 15 45 00.0000000  0 10
G01  20676110.38100  20676109.74600  20676116.10500 -56410758.71847 -43693255.24046        47.00000        38.00000
G04  23523545.30100  23523543.43500  23523547.94900 -19803255.80846 -13344706.14843        41.00000        20.00000
G11  21507845.88300  21507844.62300  21507848.32500 -60538434.57047 -44355456.95845        45.00000        32.00000
G13  22280142.70900  22280141.56600  22280147.73900 -28209734.45347 -21687400.44744        43.00000        26.00000
G17  24141991.36300  24141990.47400  24141997.63500 -16783705.63446 -12649561.35943        37.00000        20.00000
G20  21901409.53400  21901407.70700  21901411.42900 -29854422.40947 -22447500.55345        44.00000        30.00000
G23  20953385.47500  20953384.75300  20953385.80800 -42959998.44547 -32606998.18746        47.00000        36.00000
G31  23764147.91400  23764148.61800  23764151.51900 -23816247.42745 -11662720.26842        33.00000        12.00000
G32  22296228.93300  22296227.72200  22296232.09800 -59605536.19247 -45075695.06044        42.00000        24.00000
S33  20250263.35400          .89916        40.00000
> 2014 08 03 15 50 00.0000000  0 10
G01  20575834.50200  20575833.78000  20575839.95300 -56937713.60247 -44103869.58546        47.00000        38.00000
G04  23235559.53800  23235558.58000  23235564.10000 -21316626.29746 -14523955.55943        40.00000        22.00000
G11  21494776.90500  21494775.88900  21494779.48400 -60607115.72147 -44408975.81845        45.00000        32.00000
G13  22059179.80300  22059178.57200  22059184.16000 -29370905.54547 -22592209.51444        44.00000        26.00000
G17  24008302.54600  24008301.23700  24008308.35800 -17486247.61846 -13196997.32043        37.00000        20.00000
G20  21733870.61100  21733868.50100  21733871.83200 -30734846.17747 -23133545.10245        44.00000        30.00000
G23  20812546.26100  20812544.99100  20812546.61300 -43700112.40947 -33183709.96846        47.00000        36.00000
G31  23751781.41200  23751780.30800  23751784.27400 -23881236.55346 -11713361.29042        37.00000        16.00000
G32  22223881.78400  22223879.41100  22223885.14500 -59985725.36746 -45371946.73043        40.00000        22.00000
S33  20133769.37700   -612167.82816        39.00000
> 2014 08 03 15 55 00.0000000  0 10
G01  20486037.03900  20486036.35600  20486042.67600 -57409603.64047 -44471576.45146        47.00000        38.00000
G04  22951312.56400  22951311.95800  22951317.09700 -22810351.80446 -15687897.48743        40.00000        22.00000
G11  21490116.01600  21490114.73600  21490119.31800 -60631614.51647 -44428067.03145        44.00000        30.00000
G13  21845949.55100  21845948.26100  21845954.46400 -30491434.19447 -23465348.27844        44.00000        28.00000
G17  23884378.14100  23884376.55900  23884385.03800 -18137479.80846 -13704451.93943        38.00000        18.00000
G20  21567698.99300  21567697.80100  21567701.20000 -31608084.55447 -23813990.73545        44.00000        32.00000
G23  20680100.19000  20680099.65300  20680100.49300 -44396119.76047 -33726053.18246        47.00000        36.00000
G31  23748422.43700  23748421.49000  23748424.68400 -23898890.41746 -11727118.24242        36.00000        14.00000
G32  22153830.62200  22153829.43000  22153834.55900 -60353844.09646 -45658792.83543        40.00000        22.00000
S33  20017220.01400  -1224656.83516        40.00000
> 2014 08 03 16 00 00.0000000  0 10
G01  20406766.62900  20406766.16000  20406772.79300 -57826172.62047 -44796176.17646        47.00000        38.00000
G04  22671276.21400  22671276.04800  22671280.39500 -24281953.12546 -16834599.82943        41.00000        22.00000
G11  21493511.89600  21493510.48900  21493514.67000 -60613774.16447 -44414166.64344        43.00000        28.00000
G13  21640467.47200  21640466.60300  21640471.87800 -31571239.98347 -24306753.36145        44.00000        30.00000
G17  23770051.54000  23770050.94400  23770057.23500 -18738274.26346 -14172604.66643        39.00000        18.00000
G20  21403032.71500  21403031.59200  21403034.74700 -32473412.79847 -24488272.50245        45.00000        32.00000
G23  20555811.60000  20555810.34900  20555811.35500 -45049261.14247 -34234994.30546        47.00000        36.00000
G31  23753727.68000  23753727.40600  23753730.89300 -23871013.59646 -11705396.92942        37.00000        12.00000
G32  22086202.81600  22086202.46400  22086206.87000 -60709233.97146 -45935720.39843        41.00000        22.00000
S33  19900591.18400          .44716        40.00000
> 2014 08 03 16 05 00.0000000  0 10
G01  20338042.88600  20338041.96700  20338048.46300 -58187323.26147 -45077592.82246        47.00000        38.00000
G04  22395942.20000  22395940.72500  22395946.84000 -25728844.44747 -17962047.58144        42.00000        24.00000
G11  21504599.04000  21504597.37900  21504602.55600 -60555514.15546 -44368770.16644        41.00000        26.00000
G13  21442734.86800  21442733.68600  21442738.50200 -32610332.99247 -25116435.77845        46.00000        32.00000
G17  23665129.51300  23665127.57900  23665134.48500 -19289653.03746 -14602251.93642        39.00000        16.00000
G20  21240040.71300  21240038.60300  21240043.12600 -33329941.50447 -25155697.64245        44.00000        32.00000
G23  20439433.60300  20439432.64600  20439433.43700 -45660831.52947 -34711542.66846        47.00000        36.00000
G31  23767339.08700  23767337.40700  23767340.77700 -23799492.84245 -11649667.05441        34.00000         6.00000
G32  22021146.16300  22021143.69100  22021149.30800 -61051115.06246 -46202121.69843        40.00000        22.00000
S33  19783885.67300   -613285.71216        40.00000
> 2014 08 03 16 10 00.0000000  0 11
G01  20279859.53900  20279859.03100  20279865.42900 -58493079.35947 -45315844.66346        47.00000        36.00000
G04  22125827.76900  22125826.32400  22125831.08100 -27148304.96547 -19068120.45544        42.00000        24.00000
G07  24600636.38200  24600634.58400  24600648.93400   -814155.96645   -449389.20141        34.00000        10.00000
G11  21523010.07700  21523009.19800  21523013.59300 -60458767.58747 -44293384.20344        42.00000        26.00000
G13  21252741.00200  21252739.63500  21252744.25500 -33608758.99947 -25894429.97545        45.00000        32.00000
G17  23569396.14000  23569396.00300  23569403.76900 -19792736.22546 -14994266.72242        38.00000        16.00000
G20  21078931.40600  21078929.86300  21078933.18400 -34176577.50447 -25815414.32045        44.00000        32.00000
G23  20330719.84200  20330718.77700  20330720.47700 -46232128.04247 -35156709.29546        47.00000        36.00000
G31  23788890.06200  23788889.04700  23788895.35700 -23686237.55645 -11561416.30541        35.00000         8.00000
G32  21958837.66600  21958835.72200  21958841.15300 -61378551.08146 -46457267.22943        40.00000        20.00000
S33  19667128.25200  -1226846.36316        40.00000
> 2014 08 03 16 15 00.0000000  0 11
G01  20232097.27600  20232096.29000  20232102.85400 -58744074.71147 -45511425.81945        46.00000        34.00000
G04  21861381.28200  21861380.50000  21861385.06200 -28537981.53547 -20150985.26944        43.00000        28.00000
G07  24266264.47100  24266264.89100  24266277.44300  -2571286.96045  -1818581.53041        32.00000         8.00000
G11  21548283.03000  21548282.14100  21548287.19200 -60325962.48747 -44189901.11844        44.00000        28.00000
G13  21070376.06800  21070375.28700  21070379.00800 -34567087.93147 -26641179.11045        46.00000        30.00000
G17  23482531.81700  23482530.82100  23482540.57000 -20249221.94445 -15349972.41641        33.00000        10.00000
G20  20919857.97200  20919855.84300  20919860.55100 -35012514.67347 -26466794.19545        44.00000        32.00000
G23  20229333.37300  20229332.01600  20229333.75400 -46764918.27647 -35571870.69346        47.00000        36.00000
G31  23817927.30200  23817924.26400  23817929.41100 -23533655.64745 -11442521.95441        32.00000         6.00000
G32  21899390.26700  21899388.64500  21899395.45400 -61690945.78646 -46700692.37743        39.00000        20.00000
S33  19550272.96100          .07516        40.00000
> 2014 08 03 16 20 00.0000000  0 12
G01  20194518.33600  20194517.38800  20194524.43100 -58941554.71047 -45665306.87645        45.00000        34.00000
G04  21602976.20300  21602975.28500  21602980.76500 -29895905.96247 -21209108.46644        42.00000        26.00000
G07  23931237.23600  23931236.59100  23931250.65800  -4331852.56745  -3190448.55941        34.00000        10.00000
G11  21579864.46100  21579863.70900  21579868.75900 -60160006.46247 -44060586.40044        43.00000        26.00000
G13  20895433.13200  20895432.37000  20895437.42000 -35486422.28547 -27357544.46545        46.00000        32.00000
G17  23404104.41100  23404102.83800  23404111.03400 -20661378.50145 -15671136.20641        32.00000        10.00000
G20  20762916.83600  20762914.92100  20762918.94600 -35837247.68047 -27109443.67045        44.00000        32.00000
G23  20134848.69600  20134847.59200  20134849.16500 -47261436.39147 -35958767.57046        47.00000        36.00000
G31  23853896.62300                                                                        34.00000
G32  21842853.53200  21842852.32000  21842858.56200 -61988054.13946 -46932206.15843        40.00000        20.00000
S33  19433207.03500   -615196.50816        40.00000
S38  19937138.64900   -417321.44815        32.00000
> 2014 08 03 16 25 00.0000000  0 11
G01  20166974.17800  20166972.85000  20166980.06900 -59086305.22047 -45778100.41645        44.00000        34.00000
G04  21351115.41100  21351114.55200  21351119.65100 -31219447.27247 -22240439.75844        44.00000        28.00000
G07  23596092.01900  23596092.48700  23596104.77600  -6093044.88445  -4562805.01842        34.00000        12.00000
G11  21617315.72900  21617314.43900  21617320.69100 -59963206.09646 -43907237.39843        38.00000        20.00000
G13  20727806.09800  20727805.34600  20727810.22100 -36367310.21347 -28043951.15045        46.00000        32.00000
G17  23333775.31800  23333773.70600  23333783.46400   -113821.37545    -70515.83342        35.00000        12.00000
G20  20608349.22700  20608347.96700  20608352.15700 -36649504.64447 -27742371.49045        44.00000        32.00000
G23  20046958.76800  20046957.74300  20046959.40300 -47723301.15347 -36318662.40846        47.00000        36.00000
G31  23896363.67600  23896364.00800  23896368.88200    225408.10745    163467.51741        33.00000        10.00000
G32  21789406.44600  21789404.44400  21789410.74400 -62268925.51246 -47151067.90543        40.00000        18.00000
S33  19315941.11000  -1231421.86916        39.00000
> 2014 08 03 16 30 00.0000000  0 12
G01  20149264.71800  20149264.05300  20149271.64400 -59179370.92947 -45850620.40845        44.00000        32.00000
G04  21106282.91100  21106282.17900  21106286.95500 -32506052.57147 -23242989.75945        44.00000        30.00000
G06  24614458.59200                                   -386437.70755                        32.00000
G07  23261371.55100  23261370.52500  23261383.04900  -7852017.58246  -5933433.02242        36.00000        12.00000
G11  21660176.47700  21660174.39700  21660181.75200 -59737980.08546 -43731738.67443        39.00000        22.00000
G13  20567357.29200  20567356.19800  20567361.18000 -37210472.22747 -28700959.77245        46.00000        32.00000
G17  23271174.55000  23271173.19200  23271182.66700   -442804.08745   -326869.07241        34.00000         6.00000
G20  20456404.11300  20456402.27700  20456406.29100 -37447985.37947 -28364564.45745        44.00000        32.00000
G23  19965338.63600  19965337.17000  19965339.00700 -48152221.85247 -36652886.98145        46.00000        34.00000
G31  23944876.02500  23944875.38000  23944879.71700    480334.23345    362111.45741        35.00000         8.00000
G32  21739225.20400  21739222.44900  21739230.24400 -62532636.31046 -47356558.14443        36.00000        18.00000
S33  19198493.61900          .92716        39.00000
> 2014 08 03 16 35 00.0000000  0  9
G01  20141033.91500  20141032.76300  20141041.00700 -59222629.64547 -45884329.58844        42.00000        28.00000
G04  20868834.91800  20868834.27300  20868839.22600 -33753849.90947 -24215299.59145        45.00000        30.00000
G07  22927507.22600  22927506.13200  22927518.30300  -9606483.13046  -7300548.11142        37.00000        12.00000
G11  21707857.11500  21707856.09900  21707862.84900 -59487425.93646 -43536503.77943        40.00000        20.00000
G13  20413807.17000  20413806.79900  20413811.28300 -38017380.53247 -29329719.12645        47.00000        34.00000
G20  20307221.33000  20307219.98100  20307223.46900 -38231945.93547 -28975443.02645        44.00000        32.00000
G23  19889535.52200  19889534.43700  19889536.61600 -48550567.81147 -36963286.62045        46.00000        34.00000
G32  21692366.49000  21692364.56500  21692371.33500 -62778881.78046 -47548438.88142        38.00000        16.00000
S33  19080758.03900   -618703.44216        39.00000
> 2014 08 03 16 40 00.0000000  0 11
G01  20142052.60400  20142052.06700  20142059.62800 -59217278.68847 -45880160.96945        44.00000        32.00000
G04  20639281.18500  20639280.39400  20639285.91300 -34960161.73447 -25155282.59145        44.00000        32.00000
G06  23992792.88200  23992794.56200  23992802.85500  -3653311.26445  -1104589.98341        33.00000        10.00000
G07  22595112.07900  22595110.51600  22595123.58700 -11353222.40145  -8661641.33442        35.00000        14.00000
G11  21759927.17700  21759925.38900  21759934.33700 -59213803.62046 -43323293.97942        37.00000        16.00000
G13  20267023.20500  20267022.42400  20267027.06400 -38788736.84547 -29930776.33845        46.00000        34.00000
G17  23167212.76700                                   -185509.31855                        34.00000
G20  20161121.42600  20161119.89300  20161124.63000 -38999706.81447 -29573698.59645        44.00000        32.00000
G23  19819262.61600  19819261.98100  19819263.54400 -48919854.47247 -37251042.57345        46.00000        34.00000
G32  21649055.48600  21649054.46000  21649061.61100 -63006481.05746 -47725789.75442        37.00000        14.00000
S33  18962800.26600  -1238578.32516        39.00000
> 2014 08 03 16 45 00.0000000  0 10
G01  20152045.24600  20152044.35700  20152052.82700 -59164771.63146 -45839247.29144        40.00000        26.00000
G04  20418100.14200  20418099.43800  20418104.62500 -36122474.80547 -26060980.67445        46.00000        32.00000
G06  23685629.83700  23685628.77300  23685639.30300  -5267472.79945  -2362378.58241        33.00000         8.00000
G07  22264795.05400  22264793.84300  22264803.96300 -13089038.75046 -10014221.79543        39.00000        18.00000
G11  21815938.73300  21815937.22900  21815946.20600 -58919471.22046 -43093946.82442        38.00000        16.00000
G13  20126838.81600  20126837.82900  20126842.45900 -39525411.11747 -30504808.04345        46.00000        34.00000
G20  20018420.29500  20018418.26300  20018423.29300 -39749605.80647 -30158035.63345        43.00000        32.00000
G23  19754217.07900  19754215.73100  19754217.72400 -49261673.25747 -37517395.08645        46.00000        34.00000
G32  21609504.93900  21609501.62700  21609509.99900 -63214335.83045 -47887755.10542        34.00000        12.00000
S33  18844674.80900          .36516        40.00000
> 2014 08 03 16 50 00.0000000  0 11
G01  21669655.90700  21669655.37000  21669663.81000 -59066778.74447 -45762890.63044        42.00000        28.00000
G04  21704706.09000  21704705.25000  21704710.06600 -37238414.26647 -26930543.86845        45.00000        32.00000
G06  24880592.78700  24880594.92600  24880602.15500  -6864995.52045  -3607201.58242        33.00000        12.00000
G07  23436128.90700  23436128.42900  23436138.64600 -14810717.42846 -11355785.64243        39.00000        18.00000
G08  25165726.61500  25165725.31600  25165738.55200  -1269133.74945   -769366.09941        35.00000         8.00000
G11  23374394.36300  23374393.23000  23374402.61700 -58606846.78046 -42850346.58542        37.00000        16.00000
G13  21492026.69700  21492025.41800  21492029.99900 -40228395.89447 -31052587.38645        45.00000        32.00000
G20  21378398.59600  21378396.75000  21378401.10600 -40479972.06147 -30727152.37145        43.00000        32.00000
G23  21193051.85500  21193050.65300  21193052.50000 -49577646.79047 -37763608.42745        46.00000        32.00000
G32  23072867.14300  23072866.42000  23072874.30300 -63401409.35745 -48033527.40142        34.00000        12.00000
S33  20225396.33600   -621374.13416        40.00000
> 2014 08 03 16 55 00.0000000  0 13
G01  21696575.19900  21696574.81800  21696583.51200 -58925323.70347 -45652667.67944        42.00000        28.00000
G04  21501552.75200  21501551.80400  21501557.12800 -38305993.44447 -27762424.20845        45.00000        32.00000
G06  24580258.58300  24580256.44400  24580267.28600  -8443269.11245  -4837025.44842        34.00000        12.00000
G07  23111754.00500  23111752.55000  23111761.63400 -16515306.99746 -12684034.70643        38.00000        18.00000
G08  24817366.51900  24817364.69200  24817378.65100  -3099769.58045  -2195834.75741        33.00000         8.00000
G11  23436872.75200  23436872.11700  23436881.43600 -58278535.69646 -42594523.23242        38.00000        14.00000
G13  21364414.30800  21364413.80000  21364417.36600 -40899004.28847 -31575139.53645        46.00000        34.00000
G17  24557124.80300  24557122.45900  24557134.37600    -96468.99555     -9153.52351        34.00000         6.00000
G20  21243410.55100  21243408.50900  21243413.26600 -41189340.41847 -31279907.15745        43.00000        32.00000
G23  21137495.49700  21137494.62700  21137496.70800 -49869596.15247 -37991101.47745        46.00000        32.00000
G32  23041375.20000  23041373.81300  23041380.38700 -63566903.40945 -48162484.72741        35.00000         6.00000
S33  20107044.57400  -1243313.14516        40.00000
S38  20622895.34700   -202568.21615        33.00000
> 2014 08 03 17 00 00.0000000  0 11
G01  21731289.59300  21731289.02600  21731298.02300 -58742906.62347 -45510526.35544        42.00000        28.00000
G04  21307899.88400  21307899.46400  21307904.07500 -39323649.10147 -28555403.03945        46.00000        34.00000
G06  24284042.40800  24284040.81500  24284049.59700  -9999901.51545  -6049985.93942        35.00000        12.00000
G07  22791151.08600  22791150.24600  22791159.70200 -18200085.29447 -13996847.85144        42.00000        24.00000
G08  24469025.54900  24469024.70900  24469038.58000  -4930307.52245  -3622227.12740        33.00000         4.00000
G11  23501774.95700  23501773.24800  23501784.84300 -57937482.16045 -42328770.51741        34.00000        10.00000
G13  21242645.42000  21242644.67800  21242648.33100 -41538904.69047 -32073763.31245        46.00000        34.00000
G20  21112645.40800  21112643.69800  21112647.94800 -41876518.86147 -31815371.13245        44.00000        32.00000
G23  21086110.55200  21086109.61400  21086111.38200 -50139627.59447 -38201515.85645        46.00000        32.00000
G32  23014073.39700  23014072.16600  23014079.50200 -63710378.87145 -48274284.75742        34.00000        12.00000
S33  19988539.77100          .63816        40.00000
> 2014 08 03 17 05 00.0000000  0 13
G01  21773382.27100  21773381.68500  21773391.50200 -58521715.18846 -45338171.34444        40.00000        26.00000
G04  21124091.49200  21124090.35900  21124095.56500 -40289570.01847 -29308068.92145        46.00000        34.00000
G06  23992478.20200  23992478.13400  23992486.75000 -11532073.81945  -7243886.60742        33.00000        14.00000
G07  22474913.59000  22474913.09200  22474922.43100 -19861918.99346 -15291782.48944        41.00000        24.00000
G08  24121298.69000  24121297.61500  24121311.57400  -6757616.39546   -995622.25241        36.00000         8.00000
G11  23568631.13700  23568629.22200  23568640.37800 -57586164.09145 -42055019.13641        35.00000        10.00000
G13  21126472.44400  21126471.77000  21126476.59500 -42149395.50347 -32549470.41845        46.00000        34.00000
G17  24509910.93900                                    -26578.25755                        32.00000
G20  20986412.47400  20986411.05800  20986415.37600 -42539877.92747 -32332274.64645        44.00000        32.00000
G23  21038586.53100  21038585.74000  21038587.64500 -50389370.21547 -38396121.18745        46.00000        32.00000
G32  22991119.48300  22991118.76100  22991125.40300 -63831007.87245 -48368282.47241        35.00000        10.00000
S33  19869920.82300   -623357.11416        40.00000
S38  20389787.18400    -28184.33915        32.00000
> 2014 08 03 17 10 00.0000000  0 11
G01  21822380.40300  21822380.29500  21822390.39600 -58264233.78046 -45137538.69344        41.00000        24.00000
G04  20950401.22700  20950400.49400  20950405.05600 -41202320.04047 -30019303.25745        46.00000        34.00000
G06  23706073.14300  23706071.98100  23706081.86600 -13037149.84446  -8416673.72942        38.00000        16.00000
G07  22163599.99800  22163599.29400  22163608.41800 -21497875.23547 -16566551.58744        42.00000        26.00000
G08  23774760.51900  23774757.47100  23774771.30300  -8578685.47945  -2414634.10441        34.00000        10.00000
G11  23636937.80800  23636935.75700  23636949.13000 -57227217.73745 -41775323.25241        33.00000         8.00000
G13  21015605.93000  21015605.06100  21015609.41700 -42732005.87147 -33003453.30645        46.00000        32.00000
G20  20864987.08300  20864985.50000  20864989.35900 -43177976.12947 -32829494.54545        44.00000        32.00000
G23  20994587.82200  20994586.63000  20994589.30600 -50620587.78847 -38576291.44945        45.00000        30.00000
G30  25044078.17100                                   -342598.76455                        32.00000
S33  19751186.84300  -1247303.81916        40.00000
> 2014 08 03 17 15 00.0000000  0 12
G01  21877794.01500  21877792.71600  21877804.14500 -57973047.45146 -44910642.65344        40.00000        24.00000
G04  20787062.96400  20787062.12400  20787067.61400 -42060670.81147 -30688148.86445        46.00000        34.00000
G06  23425321.91200  23425321.04200  23425331.16300 -14512511.63246  -9566307.21442        36.00000        16.00000
G07  21857760.75800  21857759.75200  21857768.25000 -23105062.78046 -17818903.12244        41.00000        26.00000
G08  23429988.19300  23429986.02400  23430001.10700 -10390460.30645  -3826404.98841        34.00000        10.00000
G11  23706201.26600  23706200.54300  23706211.45400 -56863245.13245 -41491710.04441        35.00000        10.00000
G13  20909747.78700  20909746.59500  20909751.36200 -43288296.91347 -33436927.05245        46.00000        32.00000
G20  20748638.59700  20748637.45400  20748641.92800 -43789391.46047 -33305922.77645        44.00000        32.00000
G23  20953788.91100  20953788.33400  20953790.29800 -50834987.66747 -38743356.56345        45.00000        30.00000
G30  24715998.63000  24715998.30700  24716013.59500  -2066667.36045   -478797.04741        32.00000         8.00000
G32  22958687.61500  22958686.55000  22958693.75900 -64001447.17746 -48501094.79741        36.00000        10.00000
S33  19632346.57300          .62716        39.00000
> 2014 08 03 17 20 00.0000000  0 12
G01  21939114.67200  21939113.08000  21939124.67500 -57650814.39846 -44659554.61043        39.00000        22.00000
G04  20634269.97200  20634269.35700  20634274.72900 -42863606.75247 -31313814.11845        46.00000        34.00000
G06  23150719.44400  23150717.95000  23150727.87400 -15955562.74346 -10690763.21443        39.00000        18.00000
G07  21557938.82900  21557937.69600  21557945.82300 -24680632.85447 -19046618.59044        43.00000        28.00000
G08  23087578.57100  23087578.54200  23087591.38700 -12189833.10346  -5228513.71242        36.00000        14.00000
G11  23775935.59000  23775934.14400  23775946.88200 -56496798.27346 -41206168.67541        36.00000        10.00000
G13  20808597.25500  20808596.55100  20808601.07400 -43819846.94047 -33851122.11245        46.00000        32.00000
G20  20637635.54100  20637634.03600  20637639.13500 -44372718.94547 -33760464.41845        43.00000        32.00000
G23  20915879.85600  20915878.50800  20915881.30200 -51034203.68947 -38898590.02745        45.00000        30.00000
G30  24388409.16900  24388409.63800  24388425.62800  -3788153.64345   -274720.83741        33.00000         8.00000
G32  22949396.84200  22949394.39100  22949402.38100 -64050284.38546 -48539151.20641        36.00000         8.00000
S33  19513407.57400   -625033.37316        40.00000
> 2014 08 03 17 25 00.0000000  0 14
G01  22005816.63800  22005816.81400  22005827.96000 -57300301.82046 -44386430.61343        39.00000        22.00000
G04  20492162.97400  20492162.03700  20492167.84900 -43610388.29147 -31895722.49345        46.00000        34.00000
G06  22882740.13400  22882739.32300  22882748.20200 -17363797.22746 -11788088.68243        36.00000        18.00000
G07  21264655.75500  21264654.82700  21264662.74900 -26221841.99047 -20247559.92045        43.00000        30.00000
G08  22748121.79300  22748120.24000  22748132.99800 -13973696.80046  -6618537.02942        38.00000        16.00000
G10  25073334.64300                                  -1370727.89055                        32.00000
G11  23845656.52100  23845655.50500  23845668.85900 -56130416.00645 -40920677.48341        32.00000         6.00000
G13  20711844.83100  20711844.00100  20711849.21700 -44328283.93947 -34247307.05945        45.00000        32.00000
G16  24318493.67000                                   -363479.54955                        33.00000
G20  20532228.99100  20532227.27200  20532232.15600 -44926637.62147 -34192089.74345        44.00000        30.00000
G23  20880555.24000  20880553.29600  20880556.34400 -51219838.56847 -39043240.92144        44.00000        28.00000
G30  24061774.52100  24061773.21200  24061787.80600  -5504622.28345  -1612226.90942        33.00000        12.00000
G32  22944811.07300  22944809.94900  22944819.19000 -64074381.69845 -48557929.69141        33.00000         8.00000
S33  19394368.77000  -1250593.01016        40.00000
> 2014 08 03 17 30 00.0000000  0 12
G01  22077374.61700  22077374.70500  22077387.02300 -56924274.59446 -44093425.18542        39.00000        16.00000
G04  20360845.72100  20360844.86200  20360850.95700 -44300467.40047 -32433447.21645        46.00000        34.00000
G06  22621861.80100  22621861.03900  22621870.25100 -18734722.19746 -12856341.49843        38.00000        18.00000
G07  20978426.93700  20978426.22400  20978433.16000 -27725976.38147 -21419611.09144        42.00000        28.00000
G08  22412216.93500  22412214.42500  22412228.48200 -15738877.17046  -7993999.63043        37.00000        18.00000
G10  24803428.75800                                  -2789088.25155                        34.00000
G13  20619191.58400  20619190.76300  20619195.57900 -44815181.43547 -34626707.72645        45.00000        32.00000
G20  20432669.14700  20432668.01300  20432673.31800 -45449825.56547 -34599768.80145        43.00000        30.00000
G23  20847535.21500  20847534.24800  20847536.28000 -51393360.89547 -39178453.56244        44.00000        28.00000
G30  23736573.87500  23736573.23100  23736588.93800  -7213564.04845  -2943869.91442        34.00000        12.00000
G32  22944991.55400  22944990.09800  22944999.40800 -64073437.25545 -48557195.17641        34.00000         6.00000
S33  19275240.60600          .54916        40.00000
> 2014 08 03 17 35 00.0000000  0 11
G01  22153241.11800  22153239.90700  22153253.92400 -56525603.38645 -43782775.09842        34.00000        12.00000
G04  20240361.73100  20240360.87100  20240367.43600 -44933617.71547 -32926811.97745        46.00000        34.00000
G06  22368527.35700  22368527.68900  22368536.14900 -20065996.93846 -13893698.40343        37.00000        20.00000
G07  20699737.42600  20699736.78100  20699743.18000 -29190494.40247 -22560792.47945        44.00000        30.00000
G08  22080457.69300  22080456.95000  22080467.54900 -17482269.89446  -9352485.00743        40.00000        18.00000
G11  23983212.19300                                 -55407563.54155                        32.00000
G13  20530326.96500  20530326.36900  20530330.35400 -45282167.41547 -34990592.71345        46.00000        32.00000
G20  20339184.65600  20339183.07400  20339188.35900 -45941092.36147 -34982574.37545        43.00000        30.00000
G23  20816543.85500  20816542.74100  20816545.33000 -51556220.71347 -39305357.25644        44.00000        28.00000
G30  23413272.96100  23413271.98400  23413287.97500  -8912521.29845  -4267733.27142        35.00000        12.00000
S33  19156023.05000   -626489.61516        39.00000
> 2014 08 03 17 40 00.0000000  0 12
G01  22232858.96200  22232857.70200  22232872.23700 -56107221.27145 -43456765.46142        35.00000        12.00000
G04  20130698.41200  20130697.65900  20130704.00900 -45509907.64147 -33375870.12245        46.00000        34.00000
G06  22123160.06600  22123159.20600  22123169.94200 -21355419.21646 -14898443.19944        40.00000        24.00000
G07  20429040.61300  20429039.92900  20429047.14800 -30613015.05347 -23669250.00245        44.00000        32.00000
G08  21753428.50900  21753427.76600  21753438.89200 -19200813.99646 -10691609.00243        40.00000        20.00000
G10  24256169.02600  24256168.32200  24256178.90100  -5664957.41545  -1933856.65641        33.00000        10.00000
G13  20444938.53100  20444937.65200  20444942.11600 -45730886.73747 -35340243.86745        45.00000        32.00000
G20  20251978.94700  20251977.68700  20251982.66900 -46399363.34447 -35339669.32045        43.00000        30.00000
G23  20787315.35100  20787313.77800  20787316.30800 -51709818.43347 -39425043.75044        44.00000        26.00000
G30  23092332.09400  23092331.19500  23092345.98400 -10599069.28646  -5581924.64942        36.00000        12.00000
G32  22959734.03600                                 -63995986.55955                        32.00000
S33  19036711.21000  -1253488.08916        39.00000
> 2014 08 03 17 45 00.0000000  0 11
G01  22315701.57200  22315702.52900  22315715.77500 -55671886.17846 -43117545.51642        36.00000        12.00000
G04  20031827.51300  20031826.92700  20031833.16900 -46029479.99547 -33780732.82545        45.00000        32.00000
G06  21886187.32500  21886186.48500  21886196.49800 -22600719.85846 -15868807.47944        40.00000        24.00000
G07  20166799.07000  20166798.08300  20166805.04800 -31991103.54347 -24743085.13445        44.00000        32.00000
G08  21431742.08700  21431740.68100  21431750.94700 -20891282.04346 -12008854.90743        40.00000        20.00000
G10  23979115.58600  23979113.24200  23979125.22800  -7120882.23445  -3068342.74441        35.00000        10.00000
G13  20362754.71300  20362753.68700  20362757.76000 -46162764.66947 -35676772.20145        45.00000        32.00000
G20  20171276.35100  20171274.85700  20171280.14100 -46823461.81247 -35670136.37245        43.00000        30.00000
G23  20759635.55900  20759634.70900  20759637.31700 -51855275.49547 -39538387.26044        43.00000        26.00000
G30  22774245.85800  22774244.55900  22774258.43000 -12270614.51746  -6884424.77842        38.00000        14.00000
S33  18917326.95700          .63116        39.00000
> 2014 08 03 17 50 00.0000000  0 12
G01  22401187.06400  22401185.48200  22401202.23400 -55222664.47045 -42767504.49042        34.00000        14.00000
G04  19943614.35900  19943613.50900  19943621.04100 -46493047.50747 -34141955.33345        45.00000        32.00000
G06  21657957.08500  21657956.33300  21657965.25100 -23800077.08446 -16803371.73344        41.00000        24.00000
G07  19913386.78100  19913386.13600  19913392.76900 -33322790.57147 -25780762.67445        45.00000        34.00000
G08  21115944.11100  21115942.66600  21115953.83100 -22550804.55546 -13301987.40044        40.00000        24.00000
G10  23699978.59400  23699977.05100  23699986.37000  -8587752.54645  -4211357.78142        35.00000        12.00000
G13  20283454.04900  20283453.50200  20283457.81000 -46579493.19447 -36001496.13245        45.00000        32.00000
G20  20097222.81800  20097220.68800  20097226.23700 -47212620.58747 -35973377.62845        42.00000        30.00000
G23  20733251.71300  20733250.68700  20733253.56800 -51993924.11647 -39646425.39644        42.00000        26.00000
G30  22459446.78000  22459445.45200  22459458.41500 -13924891.06246  -8173469.82342        38.00000        16.00000
S33  18797844.00400   -627891.48716        40.00000
S38  19338807.01000   -243006.41515        33.00000
> 2014 08 03 17 55 00.0000000  0 13
G01  23987743.63100  23987743.47400  23987758.57600 -54762360.40945 -42408827.54441        32.00000         8.00000
G02  25327516.99500                                   -157907.54555                        33.00000
G04  21364887.04100  21364886.62100  21364893.41000 -46901315.11847 -34460086.98045        45.00000        32.00000
G06  22937801.35100  22937801.23400  22937811.62700 -24951548.30746 -17700622.37144        39.00000        26.00000
G07  21168161.57900  21168160.75800  21168167.28400 -34606003.49447 -26780668.46445        44.00000        32.00000
G08  22305587.13700  22305586.08200  22305596.27000 -24176282.97546 -14568592.99544        41.00000        24.00000
G10  24917934.82400  24917934.04300  24917943.03000 -10064443.22145  -5362025.11541        34.00000        10.00000
G13  21705737.32100  21705736.42300  21705740.85700 -46982447.90447 -36315487.08945        45.00000        32.00000
G20  21528955.42300  21528953.86000  21528959.75100 -47565915.67047 -36248673.39845        43.00000        30.00000
G23  22206940.62900  22206939.26100  22206942.49500 -52126738.86347 -39749917.78544        42.00000        26.00000
G30  23647376.00700  23647375.53800  23647389.31200 -15559373.24746  -9447091.79042        36.00000        16.00000
S33  20177244.87100  -1256199.48516        40.00000
S38  20720824.07200   -189704.79815        32.00000
> 2014 08 03 18 00 00.0000000  0 12
G01  24076916.33600  24076916.13000  24076929.62100 -54293760.67745 -42043685.97741        33.00000         8.00000
G02  25056353.78900  25056352.12800  25056358.79000  -1582889.68045   -447979.90041        33.00000         8.00000
G04  21297529.32100  21297528.55000  21297536.10100 -47255288.72047 -34735911.92345        46.00000        34.00000
G06  22728117.29400  22728116.91300  22728126.92600 -26053448.66946 -18559246.36844        41.00000        26.00000
G07  20933539.04900  20933538.53100  20933545.11500 -35838947.30647 -27741403.25745        44.00000        34.00000
G08  22003301.23400  22003299.50500  22003310.84600 -25764801.39747 -15806398.63944        42.00000        26.00000
G10  24635275.79300  24635273.36100  24635284.31100 -11549822.12745  -6519462.29541        35.00000        10.00000
G13  21631418.65400  21631418.06800  21631422.59000 -47372993.29047 -36619808.04945        45.00000        30.00000
G20  21468696.18200  21468694.59000  21468700.62700 -47882585.93647 -36495430.68444        43.00000        28.00000
G23  22182604.10400  22182602.36600  22182605.63800 -52254629.04446 -39849572.92744        41.00000        24.00000
G30  23340563.05300  23340561.67500  23340576.75800 -17171682.30946 -10703435.63543        38.00000        20.00000
S33  20057610.01900          .91516        39.00000
> 2014 08 03 18 05 00.0000000  0 12
G01  24167119.98900  24167119.90100  24167134.42600 -53819731.85945    153214.98040        32.00000         2.00000
G02  24791443.16500  24791440.73200  24791448.18600  -2975007.37945  -1532748.77941        34.00000         8.00000
G04  21240252.42400  21240252.10200  21240260.04300 -47556284.93447 -34970456.02745        45.00000        34.00000
G06  22528144.85200  22528143.97300  22528154.96300 -27104311.87147 -19378101.25644        42.00000        26.00000
G07  20708781.97600  20708781.29200  20708787.87600 -37020055.86547 -28661747.57545        46.00000        34.00000
G08  21708583.88400  21708582.35100  21708592.15800 -27313548.87647 -17013213.47244        43.00000        28.00000
G10  24351198.85800  24351197.00200  24351205.71600 -13042663.24745  -7682714.28742        35.00000        14.00000
G13  21559201.11200  21559200.11600  21559205.23400 -47752497.14447 -36915525.27645        44.00000        30.00000
G20  21415514.25000  21415512.35500  21415518.70500 -48162065.54447 -36713208.25244        42.00000        28.00000
G23  22159035.89400  22159034.71200  22159037.71100 -52378483.92347 -39946083.50844        42.00000        24.00000
G30  23038411.19200  23038410.11700  23038423.98800 -18759499.79846 -11940694.88943        40.00000        22.00000
S33  19937905.09800   -629060.56916        40.00000
> 2014 08 03 18 10 00.0000000  0 13
G01  24257820.08200  24257818.78300  24257833.48400 -53343114.96645    524603.93541        32.00000         6.00000
G02  24533192.77900  24533190.77600  24533196.47100  -4332133.78945  -2590251.34941        35.00000        10.00000
G04  21192756.50700  21192755.98000  21192763.65800 -47805885.15547 -35164951.36645        46.00000        32.00000
G06  22338116.08400  22338116.02500  22338125.81300 -28102921.16946 -20156238.81244        41.00000        28.00000
G07  20494136.39800  20494135.75300  20494141.95600 -38148025.35647 -29540684.60446        45.00000        36.00000
G08  21421936.70500  21421935.50400  21421944.96000 -28819884.79347 -18186980.82344        44.00000        28.00000
G10  24065943.24800  24065941.29400  24065950.58400 -14541683.10746  -8850780.88142        36.00000        12.00000
G13  21488832.77000  21488832.43700  21488836.27600 -48122286.70347 -37203673.07845        44.00000        30.00000
G20  21369485.19700  21369483.64300  21369490.73500 -48403950.51046 -36901690.74844        41.00000        26.00000
G23  22136078.89400  22136077.75100  22136081.32600 -52499122.02046 -40040087.45743        41.00000        22.00000
G30  22741338.45400  22741336.83200  22741351.27000 -20320623.19346 -13157153.54644        40.00000        24.00000
S20  21037023.59800  -1665485.66415        32.00000
S33  19818118.38600  -1258546.92416        40.00000
> 2014 08 03 18 15 00.0000000  0 11
G02  24282003.07600  24282001.63100  24282006.85700  -5652146.12046  -3618833.73241        36.00000        10.00000
G04  21154714.47600  21154713.68400  21154722.04600 -48005803.71847 -35320733.47445        44.00000        32.00000
G06  22158238.38200  22158237.37600  22158248.66800 -29048189.28647 -20892812.22444        42.00000        28.00000
G07  20289823.59900  20289822.59200  20289829.06900 -39221692.41047 -30377306.98946        45.00000        36.00000
G08  21143855.46300  21143854.41800  21143863.69800 -30281211.60647 -19325676.87645        44.00000        32.00000
G10  23779795.02900  23779792.90000  23779801.66200 -16045399.58846 -10022507.26442        38.00000        16.00000
G13  21420092.54700  21420091.67800  21420095.99500 -48483521.53447 -37485154.85545        44.00000        30.00000
G20  21330677.05800  21330675.20200  21330682.33300 -48607891.26046 -37060605.99144        41.00000        26.00000
G23  22113615.75400  22113613.76200  22113617.57100 -52617171.70047 -40132074.66943        42.00000        22.00000
G30  22449766.61000  22449765.53500  22449778.35200 -21852835.64846 -14351083.54444        41.00000        24.00000
S33  19698258.07000          .72516        40.00000
> 2014 08 03 18 20 00.0000000  0 12
G02  24038269.14100  24038267.80300  24038275.17800  -6932979.72845  -4616887.05041        35.00000        10.00000
G04  21125771.53100  21125771.01300  21125779.91200 -48157902.62747 -35439253.22645        44.00000        30.00000
G06  21988685.56500  21988684.32500  21988696.28100 -29939198.21747 -21587105.95544        42.00000        28.00000
G07  20096030.68100  20096029.97800  20096036.15200 -40240078.58947 -31170854.43046        46.00000        36.00000
G08  20874814.72700  20874813.53500  20874823.39200 -31695023.24547 -20427347.20845        44.00000        30.00000
G10  23493066.42100  23493065.38500  23493075.22200 -17552161.77246 -11196606.91043        38.00000        18.00000
G13  21352785.76000  21352784.98900  21352789.83400 -48837219.38547 -37760763.75744        43.00000        28.00000
G20  21299139.90700  21299138.43200  21299145.12400 -48773621.43847 -37189746.75544        42.00000        26.00000
G23  22091554.79000  22091553.14900  22091556.40200 -52733104.61947 -40222412.65143        42.00000        22.00000
G30  22164113.49400  22164112.19400  22164125.21600 -23353951.58846 -15520783.61844        41.00000        26.00000
S33  19578344.43700   -630142.69916        40.00000
S38  20135743.53300   -516091.04215        33.00000
> 2014 08 03 18 25 00.0000000  0 12
G02  23802318.54700  23802319.13300  23802324.16400  -8172907.25345  -5583065.42241        33.00000         8.00000
G04  21105497.74600  21105496.95500  21105505.79500 -48264445.02147 -35522274.28944        44.00000        28.00000
G06  21829547.64000  21829547.06400  21829557.97500 -30775479.76547 -22238754.83845        43.00000        30.00000
G07  19912858.04600  19912857.55800  19912863.56500 -41202658.23047 -31920916.86346        46.00000        36.00000
G08  20615218.88900  20615217.11100  20615226.18600 -33059204.21447 -21490343.77245        45.00000        32.00000
G10  23206053.20000  23206051.67600  23206060.65300 -19060425.12046 -12371876.38543        39.00000        18.00000
G13  21286696.98700  21286696.08800  21286701.28500 -49184520.21947 -38031388.13844        44.00000        28.00000
G20  21274856.61100  21274854.77400  21274862.05200 -48901234.31446 -37289186.15544        41.00000        24.00000
G23  22069785.92100  22069784.24100  22069788.45100 -52847503.48046 -40311555.13943        40.00000        20.00000
G30  21884735.39800  21884734.53800  21884746.78800 -24822091.06747 -16664788.24244        42.00000        26.00000
S20  20686194.22400   -263532.68115        32.00000
S33  19458359.22200  -1260677.74916        39.00000
> 2014 08 03 18 30 00.0000000  0 12
G02  23574497.08600  23574494.68300  23574502.00900  -9370128.83345  -6515966.60841        32.00000        10.00000
G04  21093471.06700  21093470.09000  21093480.27900 -48327652.36147 -35571528.00444        43.00000        28.00000
G06  21680906.43700  21680905.59700  21680916.84000 -31556596.27647 -22847417.79045        42.00000        30.00000
G07  19740398.23000  19740397.47700  19740403.48500 -42108936.81047 -32627106.81846        46.00000        38.00000
G08  20365475.65400  20365474.18900  20365483.09700 -34371613.63647 -22513000.26845        45.00000        32.00000
G10  22919109.89200  22919108.30000  22919118.44900 -20568321.22946 -13546859.88543        40.00000        20.00000
G13  21221667.76300  21221666.95200  21221670.40100 -49526255.86447 -38297675.95044        44.00000        28.00000
G20  21257822.06000  21257820.28200  21257828.21400 -48990755.80246 -37358944.37443        40.00000        22.00000
G23  22048256.39800  22048254.47300  22048258.43900 -52960641.74646 -40399715.10043        40.00000        18.00000
G30  21612010.62300  21612009.10900  21612021.60300 -26255264.45047 -17781544.87944        42.00000        28.00000
S33  19338318.03300          .79116        40.00000
S38  19901551.87800    -39674.87515        32.00000
> 2014 08 03 18 35 00.0000000  0 11
G02  23355116.50600  23355115.77400  23355123.11900 -10522987.17646  -7414298.94442        37.00000        16.00000
G04  21089241.15100  21089240.13500  21089250.15700 -48349887.79847 -35588855.74144        43.00000        28.00000
G06  21542800.72600  21542800.52100  21542811.93000 -32282350.44446 -23412941.26744        40.00000        28.00000
G07  19578698.98900  19578698.32500  19578703.85300 -42958669.76947 -33289235.59946        46.00000        38.00000
G08  20125954.57000  20125953.07500  20125962.23800 -35630301.68547 -23493795.52445        45.00000        32.00000
G10  22632614.36700  22632612.25700  22632621.24400 -22073863.36146 -14720009.09643        40.00000        20.00000
G13  21157558.06900  21157557.22900  21157562.58200 -49863150.99347 -38560191.93544        43.00000        26.00000
G20  21248005.42400  21248004.24200  21248011.05100 -49042349.08646 -37399148.32543        40.00000        20.00000
G23  22026935.20500  22026933.80800  22026938.23300 -53072687.30646 -40487023.71343        40.00000        20.00000
G30  21346295.52200  21346294.46700  21346306.11100 -27651600.69347 -18869597.84545        43.00000        30.00000
S33  19218243.58300   -630992.29116        40.00000
> 2014 08 03 18 40 00.0000000  0 11
G02  23144431.54900  23144430.58200  23144438.04500 -11630147.67746  -8277022.24842        36.00000        14.00000
G04  21092302.14000  21092301.08500  21092310.90200 -48333804.93747 -35576325.00544        42.00000        24.00000
G06  21415190.20300  21415189.80200  21415201.00700 -32952953.24047 -23935490.04344        43.00000        28.00000
G07  19427729.98300  19427729.12400  19427734.43800 -43752015.95147 -33907426.97446        46.00000        38.00000
G08  19896954.13900  19896952.85000  19896961.04600 -36833700.94347 -24431507.43745        46.00000        34.00000
G10  22346934.46600  22346932.69800  22346941.37200 -23575119.87846 -15889818.63843        40.00000        22.00000
G13  21094222.00400  21094221.28100  21094225.49100 -50195987.29947 -38819545.23244        43.00000        26.00000
G20  21245316.55300  21245314.48200  21245322.69700 -49056484.22046 -37410164.06743        40.00000        22.00000
G23  22005778.18000  22005776.87100  22005780.04600 -53183869.64846 -40573659.67643        40.00000        18.00000
G30  21087893.26700  21087892.00700  21087903.95300 -29009509.85947 -19927708.16445        43.00000        30.00000
S33  19098128.79900  -1262192.33716        40.00000
> 2014 08 03 18 45 00.0000000  0 13
G02  22942636.78100  22942635.83400  22942644.41100 -12690590.03146  -9103341.89742        36.00000        14.00000
G04  21102102.79400  21102101.77800  21102112.88500 -48282306.20446 -35536197.11244        41.00000        24.00000
G06  21297961.06600  21297960.34300  21297972.81700 -33569001.15046 -24415528.78044        41.00000        28.00000
G07  19287388.03000  19287387.59000  19287393.06000 -44489516.09447 -34482102.52546        47.00000        38.00000
G08  19678702.08500  19678700.52200  19678708.73700 -37980618.32647 -25325208.21445        46.00000        34.00000
G10  22062431.32600  22062429.34300  22062437.12800 -25070191.78546 -17054809.03343        41.00000        22.00000
G13  21031502.89100  21031501.93400  21031507.04300 -50525577.73247 -39076369.04544        42.00000        26.00000
G16  23835744.87900                                    -98280.36255                        32.00000
G20  21249612.97200  21249611.40000  21249619.36100 -49033910.63246 -37392575.48643        39.00000        18.00000
G23  21984732.85700  21984731.26500  21984735.95400 -53294465.26646 -40659838.40543        40.00000        18.00000
G30  20837053.26400  20837051.92500  20837064.06800 -30327672.87947 -20954846.04145        43.00000        30.00000
S33  18977943.02900          .45416        39.00000
S38  19550218.74700   -455533.97315        32.00000
> 2014 08 03 18 50 00.0000000  0 12
G02  22749939.78200  22749939.07900  22749947.86000 -13703216.54045  -9892402.54642        35.00000        14.00000
G04  21118122.60300  21118121.43100  21118132.49900 -48198125.82347 -35470602.79044        42.00000        24.00000
G06  21191002.75500  21191002.01300  21191014.93700 -34131075.05046 -24853509.52143        36.00000        18.00000
G07  19157575.38500  19157574.48600  19157580.30800 -45171686.88147 -35013664.22546        46.00000        38.00000
G08  19471428.78300  19471427.57200  19471435.63100 -39069844.28247 -26173955.29945        46.00000        34.00000
G10  21779534.58000  21779532.41200  21779541.25200 -26556820.28846 -18213220.29844        41.00000        24.00000
G13  20969316.79200  20969316.08900  20969321.08100 -50852367.01947 -39331009.89744        43.00000        24.00000
G20  21260774.69800  21260773.42800  21260781.52600 -48975259.98746 -37346875.16943        39.00000        18.00000
G23  21963813.03800  21963812.19800  21963817.64900 -53404399.03846 -40745501.42143        38.00000        18.00000
G30  20594049.15600  20594047.77800  20594058.96300 -31604662.96847 -21949901.56045        44.00000        32.00000
S33  18857703.04300   -631861.25816        39.00000
S38  19433063.57600  -1071196.74115        33.00000
> 2014 08 03 18 55 00.0000000  0 11
G02  22566599.69700  22566598.25100  22566608.44000 -14666685.29146 -10643158.43043        38.00000        18.00000
G04  21139910.50100  21139910.13000  21139920.80700 -48083631.07847 -35381386.65344        42.00000        24.00000
G06  21094241.55000  21094239.38200  21094254.80600 -34639557.09245 -25249730.08042        34.00000        16.00000
G07  19038232.82300  19038231.98300  19038237.97100 -45798835.43547 -35502351.26146        47.00000        38.00000
G08  19275400.66900  19275399.13500  19275407.03800 -40099979.26647 -26976657.61446        46.00000        36.00000
G10  21498777.03900  21498773.86400  21498783.66200 -28032209.96946 -19362874.00344        40.00000        24.00000
G13  20907683.93700  20907682.62800  20907687.17000 -51176253.47947 -39583388.93344        43.00000        24.00000
G20  21278741.17500  21278738.86900  21278746.40100 -48880857.08946 -37273316.10541        36.00000        10.00000
G23  21943135.16400  21943133.93300  21943136.79500 -53513068.61846 -40830179.24542        37.00000        14.00000
G30  20359206.39700  20359205.03900  20359216.24300 -32838765.22947 -22911538.87245        44.00000        32.00000
S33  18737513.43400  -1263464.47316        39.00000
> 2014 08 03 19 00 00.0000000  0 12
G02  23891737.68900  23891734.75900  23891746.98900 -15580145.03346 -11354946.49742        39.00000        16.00000
G04  22665909.35300  22665908.49300  22665920.58700 -47941552.51846 -35270676.55343        39.00000        22.00000
G06  22506468.38300  22506468.22600  22506480.58300 -35095362.53646 -25604903.70244        40.00000        26.00000
G07  20428167.01400  20428165.84200  20428171.35100 -46371784.03347 -35948804.55046        47.00000        38.00000
G08  20589739.69500  20589738.55200  20589746.20100 -41070178.93747 -27732656.84746        47.00000        36.00000
G10  22719615.08600  22719613.99200  22719622.05100 -29493758.10947 -20501742.20844        42.00000        26.00000
G13  22345547.65500  22345546.88300  22345552.24600 -51497326.15147 -39833575.64344        42.00000        24.00000
G20  22802326.38000  22802324.08400  22802333.98900 -48751469.00946 -37172496.08242        37.00000        16.00000
G23  23421730.94700  23421729.10100  23421732.96900 -53620094.07546 -40913576.00042        37.00000        14.00000
G30  21631729.68000  21631728.50800  21631739.44800 -34028709.73547 -23838767.86645        45.00000        32.00000
S33  20116381.64900          .11316        39.00000
S38  20698002.48100   -622333.36515        32.00000
> 2014 08 03 19 05 00.0000000  0 11
G02  23727405.59900  23727404.51500  23727414.51700 -16443716.30546 -12027860.35843        36.00000        18.00000
G04  22697534.58500  22697534.06800  22697545.30100 -47775367.13246 -35141181.88643        40.00000        22.00000
G06  22429398.63800  22429397.73900  22429411.03400 -35500370.40046 -25920494.81044        40.00000        26.00000
G07  20329114.31600  20329113.60300  20329119.34700 -46892304.96847 -36354404.66746        46.00000        38.00000
G08  20416485.30600  20416483.98800  20416491.94900 -41980634.39947 -28442102.16246        47.00000        36.00000
G10  22444486.85400  22444485.37900  22444491.97200 -30939567.71447 -21628346.90644        43.00000        26.00000
G13  22284849.73400  22284848.36600  22284853.90500 -51816298.79847 -40082125.94343        42.00000        22.00000
G20  22833302.38400  22833299.64900  22833310.53100 -48588697.70546 -37045663.29742        36.00000        14.00000
G23  23401626.91800  23401626.65400  23401630.80600 -53725741.69146 -40995899.09842        40.00000        16.00000
G30  21413754.38400  21413753.74900  21413764.09300 -35174171.15647 -24731334.17945        45.00000        34.00000
S33  19996295.21300   -631059.71916        39.00000
> 2014 08 03 19 10 00.0000000  0 12
G02  23572591.11300  23572589.26700  23572598.64400 -17257282.86146 -12661809.63143        40.00000        20.00000
G04  22733155.58500  22733153.95400  22733165.36300 -47588176.83946 -34995319.76642        39.00000        16.00000
G06  22361677.42700  22361677.05500  22361690.55500 -35856246.47146 -26197801.53643        39.00000        22.00000
G07  20239746.86800  20239746.24300  20239751.88900 -47361932.87847 -36720348.41646        46.00000        38.00000
G08  20254599.47900  20254598.19000  20254605.39900 -42831348.68447 -29104995.70146        47.00000        36.00000
G10  22172817.77100  22172815.93400  22172824.83300 -32367196.35547 -22740784.51744        42.00000        28.00000
G13  22224514.27900  22224513.94700  22224518.60700 -52133361.01246 -40329187.55143        41.00000        22.00000
G20  22870378.74000  22870376.89400  22870387.74700 -48393869.37546 -36893851.12242        38.00000        14.00000
G23  23381826.45100  23381825.91400  23381829.15700 -53829795.35846 -41076980.26742        36.00000        12.00000
G28  25189108.08200  25189106.05000  25189119.06200  -1480415.26845   -201020.23041        32.00000         6.00000
G30  21204361.69900  21204360.46800  21204371.11600 -36274537.64047 -25588761.78646        46.00000        36.00000
S33  19876209.29500  -1262133.26016        40.00000
> 2014 08 03 19 15 00.0000000  0 14
G02  23427269.46900  23427267.23200  23427279.67700 -18020955.23846 -13256880.67843        37.00000        20.00000
G04  22772184.35300  22772183.29800  22772194.30700 -47383080.98646 -34835505.23642        38.00000        16.00000
G06  22302949.58900  22302949.96900  22302963.08800 -36164860.61346 -26438280.60843        36.00000        20.00000
G07  20159738.66900  20159737.69200  20159743.37700 -47782379.87447 -37047969.51246        46.00000        38.00000
G08  20104026.99300  20104025.30300  20104032.64900 -43622611.75847 -29721563.91346        47.00000        36.00000
G10  21905082.23100  21905080.21800  21905088.46300 -33774156.64347 -23837117.09344        43.00000        28.00000
G13  22164527.49800  22164526.29700  22164531.36700 -52448599.31746 -40574828.15843        41.00000        22.00000
G16  25163255.97900                                    -61194.40055                        33.00000
G20  22913282.14700  22913280.42800  22913290.87000 -48168418.68346 -36718177.73842        36.00000        12.00000
G23  23362383.81100  23362382.96200  23362385.73600 -53931970.63946 -41156598.03742        38.00000        12.00000
G28  24868118.85200  24868117.51300  24868133.00600  -3167224.76855    -97416.88751        34.00000         8.00000
G30  21003629.74400  21003628.88400  21003638.29100 -37329389.54447 -26410723.87046        47.00000        36.00000
S33  19756108.87100          .64416        40.00000
S38  20347323.36500   -981330.06515        32.00000
> 2014 08 03 19 20 00.0000000  0 13
G02  23291221.71700  23291219.65600  23291232.57000 -18735898.57146 -13813981.04343        38.00000        20.00000
G04  22813873.70300  22813872.84400  22813883.56900 -47164009.93346 -34664800.89543        40.00000        20.00000
G06  22252666.17800  22252666.66600  22252676.39600 -36429108.51446 -26644188.23741        38.00000        10.00000
G07  20088573.63500  20088572.75500  20088578.31400 -48156353.63347 -37339377.42246        45.00000        36.00000
G08  19964502.80200  19964501.29700  19964508.76000 -44355812.75547 -30292889.07646        46.00000        36.00000
G10  21641603.85100  21641602.31700  21641609.38000 -35158745.18247 -24916017.31845        44.00000        30.00000
G13  22104729.70700  22104729.13000  22104733.62400 -52762837.26047 -40819689.13543        42.00000        22.00000
G20  22961561.36300  22961559.30200  22961571.96200 -47914720.65145 -36520493.49342        34.00000        12.00000
G23  23343203.22900  23343203.12100  23343206.77500 -54032760.96546 -41235136.59942        37.00000        12.00000
G28  24544222.26900  24544221.30200  24544233.54200  -4869310.70946  -1423716.30741        36.00000         6.00000
G30  20811444.70700  20811443.54400  20811453.54700 -38339324.38547 -27197685.27946        47.00000        36.00000
S33  19635829.53800   -632066.08416        40.00000
S38  20230299.10000     -4796.35015        32.00000
> 2014 08 03 19 25 00.0000000  0 13
G02  23164365.15900  23164362.90200  23164374.64400 -19402539.93346 -14333442.87643        39.00000        20.00000
G04  22857658.54300  22857656.92200  22857668.42900 -46933915.20746 -34485506.73842        37.00000        14.00000
G06  22210422.74400  22210420.83900  22210432.93300 -36651103.64846 -26817171.56142        37.00000        12.00000
G07  20025891.62300  20025890.67500  20025896.17500 -48485750.81847 -37596050.61246        46.00000        36.00000
G08  19835895.75400  19835894.09400  19835901.28300 -45031645.50547 -30819511.52746        46.00000        36.00000
G10  21382895.04300  21382892.55200  21382900.11300 -36518269.58647 -25975387.09745        44.00000        30.00000
G13  22045165.78100  22045165.24300  22045171.02600 -53075844.90846 -41063591.45543        41.00000        20.00000
G20  23014926.45300  23014924.05000  23014936.22100 -47634296.93945 -36301983.84142        34.00000        12.00000
G23  23324387.30100  23324386.36300  23324389.93800 -54131650.39846 -41312193.87842        36.00000        12.00000
G28  24217919.35700  24217918.51700  24217928.55800  -6584040.22146  -2759867.80541        36.00000         6.00000
G30  20627839.99500  20627838.81300  20627849.26600 -39304169.05547 -27949511.52746        46.00000        36.00000
S33  19515388.37300  -1264982.77316        39.00000
S38  20113125.07600    -54076.39115        32.00000
> 2014 08 03 19 30 00.0000000  0 12
G02  23046621.17800  23046619.27300  23046630.27200 -20021294.17146 -14815589.67343        40.00000        20.00000
G04  22903029.84100  22903028.52200  22903041.71900 -46695487.62646 -34299719.38142        36.00000        14.00000
G05  25081060.80900  25081060.77000  25081069.19100  -1133059.91645   -556735.93841        32.00000         8.00000
G07  19971351.87300  19971350.82700  19971356.33700 -48772360.37747 -37819383.03646        45.00000        36.00000
G08  19718069.45500  19718068.28300  19718075.63800 -45650826.01547 -31301989.59546        47.00000        36.00000
G10  21129515.57600  21129513.56400  21129521.70100 -37849786.65747 -27012932.81445        44.00000        32.00000
G13  21985941.50200  21985940.88700  21985946.09300 -53387074.32746 -41306108.26643        41.00000        20.00000
G20  23073111.80200  23073110.49300  23073121.98100 -47328534.09446 -36063729.06141        36.00000        10.00000
G23  23306082.51400  23306080.02300  23306084.39000 -54227851.40746 -41387156.50441        36.00000        10.00000
G28  23889775.05000  23889773.19400  23889784.41800  -8308445.16545  -4103558.77741        35.00000        10.00000
G30  20452857.81900  20452857.03800  20452866.84500 -40223704.72747 -28666032.42546        47.00000        38.00000
S33  19394844.95100          .11116        40.00000
> 2014 08 03 19 35 00.0000000  0 13
G02  22937838.32400  22937837.24000  22937848.81500 -20592946.78045 -15261033.60142        35.00000        14.00000
G04  22949452.59100  22949451.03800  22949463.90300 -46451533.06745 -34109625.31541        34.00000        10.00000
G06  22148443.91100  22148445.63100  22148455.87800 -36976798.82445    -57012.58841        33.00000         6.00000
G07  19924564.48800  19924563.54000  19924568.86400 -49018229.46547 -38010969.15546        45.00000        36.00000
G08  19610811.39100  19610810.33600  19610817.35000 -46214470.27647 -31741192.97946        46.00000        36.00000
G10  20881997.35000  20881995.40600  20882002.84000 -39150503.31947 -28026478.09745        45.00000        32.00000
G13  21927146.02800  21927145.23600  21927150.73600 -53696047.08246 -41546866.44443        40.00000        20.00000
G20  23135809.41400  23135808.57400  23135820.17900 -46999061.13945 -35806998.42741        34.00000        10.00000
G23  23288414.71600  23288412.68400  23288415.96600 -54320693.43945 -41459501.77141        33.00000         8.00000
G28  23560341.89000  23560340.32700  23560352.68400 -10039615.15345  -5452520.87841        35.00000        10.00000
G30  20286475.26200  20286474.16800  20286483.71100 -41098050.16347 -29347340.13646        47.00000        36.00000
S33  19274233.09200   -633822.27416        39.00000
S38  19878587.90300    -91116.64215        32.00000
> 2014 08 03 19 40 00.0000000  0 13
G02  22837818.17300  22837815.79900  22837829.16200 -21118561.55145 -15670603.74242        33.00000        12.00000
G04  22996390.89800  22996389.81300  22996400.46100 -46204876.40946 -33917425.96441        37.00000        10.00000
G05  24450796.25300  24450794.42600  24450805.39600  -4445130.73845  -3137570.22942        35.00000        12.00000
G06  22127779.67300  22127781.18700  22127794.57000    -18843.05455     -1879.18852        34.00000        14.00000
G07  19885108.75200  19885107.87300  19885113.42200 -49225570.19247 -38172533.39345        45.00000        34.00000
G08  19513853.23500  19513851.97500  19513858.95000 -46723985.84547 -32138217.55246        46.00000        36.00000
G10  20640855.37400  20640853.87000  20640861.55800 -40417710.35147 -29013911.96345        45.00000        32.00000
G13  21868872.68400  21868871.91200  21868876.90400 -54002276.27246 -41785486.66043        40.00000        20.00000
G20  23202680.90100  23202679.18200  23202691.98800 -46647657.13645 -35533178.37741        32.00000         6.00000
G23  23271506.40200  23271505.75700  23271511.71600 -54409548.06645 -41528740.03740        34.00000         4.00000
G28  23230179.57700  23230178.30700  23230189.62900 -11774624.23645  -6804474.33741        35.00000        10.00000
G30  20128621.50100  20128620.06500  20128629.73600 -41927575.66947 -29993723.09746        46.00000        36.00000
S33  19153564.90900  -1267930.58816        39.00000
> 2014 08 03 19 45 00.0000000  0 12
G02  22746256.20300  22746253.34100  22746264.96500 -21599721.93845 -16045533.50041        32.00000         8.00000
G04  23043255.84400  23043255.39400  23043266.34500 -45958604.07845 -33725526.07841        35.00000        10.00000
G05  24136146.36800  24136146.73900  24136156.90800  -6098620.68445  -4426003.62042        35.00000        12.00000
G06  22113273.51800  22113273.56700  22113287.11600    -95073.67846    -61280.23442        36.00000        16.00000
G07  19852490.55100  19852489.75000  19852494.98600 -49396979.14447 -38306098.69545        45.00000        34.00000
G08  19426826.94300  19426825.58500  19426832.42300 -47181313.07847 -32494576.21346        46.00000        36.00000
G10  20406539.14200  20406537.38400  20406545.16900 -41649051.39347 -29973398.33545        45.00000        34.00000
G13  21811167.50100  21811166.70000  21811172.54100 -54305521.98046 -42021782.05643        40.00000        20.00000
G23  23255419.40600  23255418.52700  23255424.85700 -54494088.42845 -41594616.41241        35.00000         6.00000
G28  22899799.33100  22899796.36100  22899805.86600 -13510783.29545  -8157324.22541        33.00000         6.00000
G30  19979131.73600  19979130.54400  19979139.56000 -42713146.95247 -30605855.85546        47.00000        38.00000
S33  19032800.22300          .16016        39.00000
> 2014 08 03 19 50 00.0000000  0 12
G02  22662875.52900  22662873.23400  22662884.81900 -22037882.50546    -59635.63542        36.00000        12.00000
G04  23089534.55800  23089532.53600  23089546.10500 -45715410.51645 -33536025.34941        33.00000         8.00000
G05  23822384.72400  23822383.30800  23822391.92300  -7747459.54346  -5710813.41942        37.00000        16.00000
G06  22104404.07700  22104404.38900  22104418.08500   -141684.83046    -97600.81843        38.00000        20.00000
G07  19826267.73700  19826266.28200  19826271.87900 -49534781.44047 -38413476.72845        45.00000        34.00000
G08  19349386.81000  19349385.37400  19349392.30900 -47588262.67547 -32811679.59846        46.00000        36.00000
G10  20179548.18100  20179546.33500  20179553.44600 -42841895.67747 -30902887.07945        46.00000        34.00000
G13  21754149.26100  21754147.76600  21754153.64700 -54605154.90746 -42255262.42443        40.00000        18.00000
G28  22569786.65000  22569785.34100  22569796.07600 -15245000.26346  -9508660.36342        37.00000        14.00000
G30  19837870.78000  19837869.63700  19837878.70200 -43455475.61047 -31184293.37146        47.00000        38.00000
S33  18911957.07700   -635049.90716        39.00000
S38  19526344.00400   -608100.72115        33.00000
> 2014 08 03 19 55 00.0000000  0 12
G02  22587332.91000  22587330.84800  22587342.61000 -22434858.80346   -368967.23342        36.00000        12.00000
G04  23134694.52600  23134693.46200  23134706.66900 -45478096.12445 -33351106.03041        34.00000        10.00000
G05  23509927.27000  23509927.41700  23509935.65200  -9389424.41546  -6990266.01942        36.00000        16.00000
G06  22100600.73700  22100598.84200  22100613.82700   -161672.94845   -113176.11942        34.00000        16.00000
G07  19805956.81300  19805955.97300  19805961.36500 -49641514.10547 -38496644.77445        45.00000        34.00000
G08  19281121.15600  19281120.01300  19281126.20600 -47946997.77647 -33091212.89546        46.00000        36.00000
G10  19960335.14000  19960333.12700  19960340.57100 -43993866.52147 -31800526.34445        45.00000        34.00000
G13  21697916.30400  21697915.08300  21697919.45900 -54900662.88446 -42485528.50543        41.00000        18.00000
G28  22240711.34600  22240710.16400  22240719.04300 -16974295.22646 -10856161.16842        39.00000        16.00000
G30  19704639.22200  19704637.95200  19704647.00700 -44155611.47648 -31729853.29746        48.00000        38.00000
S33  18791007.26100  -1270623.33216        38.00000
S38  19408779.82000  -1225944.61115        32.00000
> 2014 08 03 20 00 00.0000000  0 11
G02  24018224.68000  24018223.02900  24018233.93000 -22792570.62745   -647703.03641        33.00000         8.00000
G04  24677190.60800  24677191.44800  24677203.10200 -45249324.64345 -33172843.56341        32.00000         8.00000
G05  24698192.99900  24698193.73200  24698200.99900 -11022142.03446  -8262513.31742        37.00000        14.00000
G06  23600254.75800  23600255.50000  23600269.16600   -158035.26845   -110341.71343        35.00000        18.00000
G07  21290045.90000  21290045.00100  21290050.25700 -49719672.59847 -38557547.52645        45.00000        32.00000
G08  20720565.28500  20720563.81000  20720570.40400 -48259768.35147 -33334929.83146        46.00000        36.00000
G10  21248312.36700  21248310.69700  21248317.92600 -45102598.47447 -32664473.06545        46.00000        34.00000
G13  23141548.63800  23141549.07700  23141554.87000 -55191417.01046 -42712090.47742        39.00000        16.00000
G28  23412131.22000  23412130.44800  23412139.44500 -18695539.00846 -12197388.96342        37.00000        14.00000
G30  21078183.22400  21078182.20900  21078190.65800 -44814685.23848 -32243416.47546        48.00000        38.00000
S33  20168922.46000          .87516        40.00000
> 2014 08 03 20 05 00.0000000  0 13
G02  23957265.35600  23957266.04900  23957276.03300 -23112904.50045   -897313.07241        33.00000         8.00000
G04  24718652.85300  24718652.01300  24718663.11900 -45031453.30145 -33003074.81841        33.00000         8.00000
G05  24389745.47700  24389745.41900  24389753.81000 -12643042.51846  -9525551.88642        37.00000        16.00000
G06  23604906.51300  23604903.37700  23604918.23500   -133603.95546    -91304.32743        37.00000        18.00000
G07  21280175.03100  21280174.17100  21280179.39700 -49771544.45347 -38597967.30345        45.00000        32.00000
G08  20669376.62600  20669375.40500  20669381.76500 -48528764.19547 -33544536.65745        46.00000        34.00000
G10  21046013.01200  21046011.29300  21046018.63900 -46165686.63847 -33492853.07245        46.00000        34.00000
G13  23087291.40000  23087291.07700  23087297.11400 -55476545.46746 -42934268.99642        38.00000        16.00000
G23  24700533.46100                                    -39322.08455                        34.00000
G28  23086749.57500  23086748.94000  23086758.23000 -20405427.30546 -13529769.31142        39.00000        16.00000
G30  20960370.32700  20960369.20400  20960377.74100 -45433793.03747 -32725837.40146        47.00000        38.00000
S33  20047791.87900   -636539.52516        40.00000
S38  20672336.91600    -97543.64215        35.00000
> 2014 08 03 20 10 00.0000000  0 12
G04  24757561.31300  24757559.95500  24757575.01800 -44826983.26945 -32843748.91841        33.00000         8.00000
G05  24084018.75000  24084017.08000  24084026.10600 -14249645.02746 -10777448.72943        37.00000        18.00000
G06  23612922.30300  23612922.78100  23612936.49600    -91464.95246    -58468.78643        37.00000        18.00000
G07  21274831.93600  21274830.74400  21274836.08700 -49799622.03247 -38619845.70545        44.00000        32.00000
G08  20626041.52400  20626040.44900  20626046.83800 -48756490.30147 -33721985.50745        46.00000        34.00000
G10  20852799.69400  20852797.72100  20852805.20300 -47181029.01747 -34284028.69946        46.00000        36.00000
G13  23034237.29700  23034236.58400  23034242.46500 -55755347.18446 -43151517.60942        39.00000        16.00000
G23  24690260.42600  24690259.22500  24690264.23600    -93315.57446    -10433.14841        37.00000         8.00000
G28  22764140.75200  22764139.89300  22764148.83100 -22100749.60547 -14850799.30843        42.00000        22.00000
G30  20849893.80700  20849892.60600  20849900.72300 -46014348.94148 -33178217.94746        48.00000        38.00000
S33  19926572.72800  -1273551.27016        40.00000
S38  20554516.19400   -136936.83716        37.00000
> 2014 08 03 20 15 00.0000000  0 13
G02  23854997.45500  23854996.62400  23855008.14100   -206900.67446   -116688.11742        36.00000        12.00000
G05  23781524.85800  23781524.41900  23781531.96000 -15839253.77146 -12016103.60443        37.00000        20.00000
G06  23623758.81800  23623757.98800  23623771.47800    -34521.28846    -14097.20442        36.00000        14.00000
G07  21273584.76400  21273584.14900  21273589.18900 -49806174.70647 -38624951.44845        44.00000        30.00000
G08  20590103.94000  20590102.49400  20590108.47200 -48945343.67447 -33869143.70145        46.00000        34.00000
G10  20669077.29300  20669075.09500  20669082.53900 -48146498.24347 -35036342.43446        46.00000        36.00000
G13  22982564.42800  22982563.71500  22982569.73300 -56026895.38946 -43363113.82642        38.00000        16.00000
G23  24681504.94300                                   -139329.97555                        32.00000
G26  25846947.59600  25846947.49800  25846966.88900  -1235351.27045   -312813.08641        33.00000         8.00000
G28  22444951.59500  22444950.02300  22444958.98000 -23778096.26746 -16157821.48843        40.00000        22.00000
G30  20746497.88000  20746496.85400  20746504.73700 -46557696.60748 -33601605.52246        48.00000        38.00000
S33  19805285.11000          .09516        39.00000
S38  20436641.49200   -111794.09315        34.00000
> 2014 08 03 20 20 00.0000000  0 11
G05  23482760.15400  23482760.01700  23482766.81600 -17409266.62946 -13239488.96043        38.00000        20.00000
G06  23636835.30800  23636835.29800  23636848.38800     34192.65546     39445.78442        37.00000        16.00000
G07  21275984.96000  21275983.72900  21275989.37500 -49793562.51147 -38615123.97345        43.00000        30.00000
G08  20561068.61500  20561067.61900  20561073.49900 -49097923.90247 -33988037.19145        46.00000        34.00000
G10  20495191.11300  20495189.60800  20495196.58300 -49060274.47347 -35748375.89946        46.00000        36.00000
G13  22932427.69100  22932426.65500  22932432.36000 -56290368.85146 -43568418.08742        37.00000        14.00000
G23  24674367.59700                                   -176839.13255                        32.00000
G28  22129809.48000  22129808.27900  22129816.78700 -25434171.91646 -17448268.39643        41.00000        22.00000
G30  20649882.81000  20649881.60800  20649889.99000 -47065410.37847 -33997226.24546        47.00000        38.00000
S33  19683930.99900   -637721.05016        40.00000
S38  20318690.88000   -236787.25015        35.00000
> 2014 08 03 20 25 00.0000000  0 14
G02  23775951.79600  23775950.99500  23775961.21200   -302326.11045    -97367.22842        34.00000        12.00000
G05  23188216.21300  23188215.72500  23188223.54900 -18957101.43946 -14445593.04543        38.00000        22.00000
G06  23651568.43200  23651567.49400  23651582.24500    111611.20446     99771.45243        36.00000        18.00000
G07  21281585.69600  21281584.65100  21281589.68200 -49764131.67847 -38592190.92445        43.00000        30.00000
G08  20538425.27800  20538423.81300  20538430.20100 -49216915.86647 -34080758.12645        45.00000        32.00000
G10  20331443.47600  20331442.08900  20331448.91700 -49920773.70747 -36418894.71146        46.00000        36.00000
G13  22883978.10400  22883977.16600  22883983.40800 -56544974.18446 -43766812.38942        37.00000        14.00000
G23  24668935.97100  24668935.09200  24668942.31100    -11089.62255     -1641.74950        33.00000         2.00000
G26  25411770.79800  25411771.17900  25411784.83500  -3522199.25245   -161329.87941        35.00000         8.00000
G28  21819333.91000  21819333.02100  21819341.23600 -27065723.75746 -18719606.15944        41.00000        24.00000
G30  20559723.82800  20559722.67500  20559730.95900 -47539197.48847 -34366410.74546        47.00000        38.00000
S20  20867029.81600   -354663.02315        32.00000
S33  19562494.26600  -1275863.95416        40.00000
S38  20200667.32600   -419268.02616        36.00000
> 2014 08 03 20 30 00.0000000  0 12
G02  23743935.39700  23743932.89600  23743943.60200   -470581.95745   -228475.51941        33.00000         8.00000
G05  22898410.27300  22898408.85600  22898416.94400 -20480044.14046 -15632301.20544        40.00000        24.00000
G06  23667400.96100  23667400.74600  23667413.88500    194812.96546    164603.41442        36.00000        14.00000
G07  21289974.70800  21289974.35600  21289978.99600 -49720046.16547 -38557838.49244        44.00000        28.00000
G08  20521680.24300  20521678.65100  20521685.65500 -49304910.31947 -34149325.23545        45.00000        32.00000
G10  20178117.93000  20178116.13200  20178123.38100 -50726504.78247 -37046737.07246        46.00000        36.00000
G13  22837392.14300  22837390.75600  22837397.46700 -56789785.57546 -43957575.03542        39.00000        14.00000
G26  25190881.25300  25190880.35500  25190896.54100  -4682958.81545  -1065812.26442        35.00000        12.00000
G28  21514165.72100  21514165.17400  21514172.96900 -28669386.50747 -19969211.92244        43.00000        26.00000
G30  20475705.17000  20475703.91900  20475712.01700 -47980718.10347 -34710452.48646        47.00000        38.00000
S33  19440988.47100          .83916        40.00000
S38  20082585.75900   -323627.73315        33.00000
> 2014 08 03 20 35 00.0000000  0 12
G02  23716277.27200                                    -23572.69255                        34.00000
G05  22613870.43200  22613869.88500  22613876.37200 -21975304.57146 -16797438.28944        41.00000        24.00000
G06  23683800.71300  23683799.65800  23683813.87100    280986.56746    231751.15142        36.00000        16.00000
G07  21300768.65300  21300767.51000  21300772.58000 -49663324.26247 -38513639.41844        43.00000        28.00000
G08  20510354.50600  20510353.12900  20510359.72200 -49364428.19547 -34195702.71245        45.00000        32.00000
G10  20035468.93200  20035466.91000  20035474.39200 -51476131.25247 -37630861.68246        46.00000        36.00000
G13  22792860.95800  22792859.12100  22792866.81900 -57023802.23846 -44139926.02242        40.00000        16.00000
G26  24967700.15700  24967700.35300  24967714.56600  -5855763.31045  -1979681.05941        32.00000         6.00000
G28  21214954.37500  21214953.12500  21214960.21700 -30241749.68647 -21194428.12944        42.00000        26.00000
G30  20397513.49400  20397512.20500  20397520.26400 -48391616.83047 -35030632.93346        47.00000        36.00000
S33  19319437.70200   -638774.38316        40.00000
S38  19964440.72600   -440987.69616        36.00000
> 2014 08 03 20 40 00.0000000  0 12
G02  23692462.42900                                    -21177.72755                        32.00000
G05  22335097.23500  22335096.56100  22335104.19100 -23440265.77146 -17938966.06244        41.00000        26.00000
G06  23700209.22600  23700208.10300  23700222.58900    367213.95745    298940.70342        35.00000        14.00000
G07  21313568.93100  21313568.17900  21313573.92300 -49596053.36047 -38461220.36744        42.00000        26.00000
G08  20503940.82300  20503939.80700  20503945.88300 -49398130.52947 -34221963.97145        45.00000        32.00000
G10  19903675.51800  19903673.80800  19903680.77300 -52168710.54547 -38170533.99046        46.00000        36.00000
G13  22750542.46300  22750544.05600  22750548.37300 -57246180.52145 -44313208.17340        32.00000         4.00000
G26  24742150.83800  24742149.53800  24742161.80700  -7041023.62445  -2903257.06641        35.00000         8.00000
G28  20922309.93100  20922308.19200  20922315.79200 -31779601.95347 -22392753.60544        42.00000        26.00000
G30  20324798.32100  20324797.28500  20324805.46100 -48773735.94247 -35328387.86546        47.00000        36.00000
S33  19197823.44800  -1277848.07916        40.00000
S38  19846240.80400   -120993.92016        37.00000
> 2014 08 03 20 45 00.0000000  0 11
G05  22062601.18800  22062599.72300  22062608.34900 -24872241.45847 -19054790.77244        42.00000        26.00000
G06  23716101.13700  23716099.94600  23716115.75100    450728.46445    364016.47642        32.00000        12.00000
G07  21328015.06900  21328014.95200  21328019.95300 -49520137.06447 -38402064.72244        42.00000        26.00000
G08  20501957.01500  20501955.80400  20501962.06600 -49408553.73547 -34230085.57845        44.00000        30.00000
G10  19782886.44000  19782885.04300  19782891.91100 -52803460.65347 -38665144.44946        46.00000        36.00000
G13  22710618.47000  22710616.28200  22710622.12300 -57455994.69145 -44476700.16641        32.00000         6.00000
G26  24514184.01200  24514182.70400  24514194.68000  -8238977.90445  -3836723.91441        35.00000        10.00000
G28  20636850.72700  20636848.73400  20636856.39300 -33279698.63747 -23561659.70644        42.00000        28.00000
G30  20257221.96500  20257220.92000  20257228.55900 -49128851.17447 -35605100.57946        47.00000        36.00000
S33  19076163.24300          .01416        40.00000
S38  19727990.63400   -219155.80315        34.00000
> 2014 08 03 20 50 00.0000000  0 11
G05  21796909.07200  21796909.18000  21796915.43200 -26268460.03947 -20142752.92544        43.00000        28.00000
G06  23730989.81400  23730989.75500  23731001.85800    528963.25045    424978.08241        35.00000        10.00000
G07  21343788.99700  21343787.57100  21343792.92400 -49437248.04447 -38337475.73544        42.00000        24.00000
G08  20503954.26400  20503952.43700  20503958.73800 -49398058.30547 -34221907.09145        43.00000        30.00000
G10  19673226.82300  19673224.83000  19673231.92200 -53379727.53947 -39114183.49246        46.00000        36.00000
G13  22673279.43100                                 -57652202.80655                        34.00000
G26  24283797.19100  24283796.57600  24283808.68900  -9449658.06646  -4780108.04042        36.00000        14.00000
G28  20359202.97800  20359201.57100  20359208.37000 -34738741.89847 -24698575.52444        42.00000        26.00000
G30  20194468.44800  20194467.30500  20194474.99300 -49458619.73347 -35862062.53946        46.00000        36.00000
S33  18954491.32600   -639393.04716        40.00000
S38  19609722.93900    -25033.01415        32.00000
> 2014 08 03 20 55 00.0000000  0 12
G05  21538488.76500  21538488.47200  21538495.14400 -27626465.85147 -21200938.85444        43.00000        28.00000
G06  23744348.92300  23744349.51900  23744364.03500    599170.40145    479684.52842        33.00000        12.00000
G07  21360541.22200  21360540.84100  21360546.15500 -49349211.32246 -38268875.22344        41.00000        24.00000
G08  20509446.21000  20509445.01800  20509451.28000 -49369195.01847 -34199416.05844        43.00000        28.00000
G10  19574720.15000  19574718.62600  19574725.72800 -53897382.37347 -39517550.90346        47.00000        36.00000
G13  22638677.53100  22638674.95200  22638682.61000 -57834047.91045    -50955.35441        34.00000         8.00000
G26  24050951.10500  24050949.09200  24050959.67200 -10673263.37345  -5733563.92542        35.00000        12.00000
G28  20089926.54900  20089925.28900  20089931.55100 -36153794.25747 -25801212.06644        42.00000        26.00000
G30  20136174.56200  20136172.93100  20136181.01900 -49764956.39047 -36100766.38546        46.00000        36.00000
S20  20156335.97300   -357587.29515        32.00000
S33  18832787.53500  -1278935.99116        40.00000
S38  19491416.95200   -140082.45815        32.00000
> 2014 08 03 21 00 00.0000000  0 10
G05  21287774.78400  21287774.13000  21287780.81100 -28943974.78547 -22227568.88445        43.00000        30.00000
G06  23755658.69900  23755657.53600  23755672.45200    658593.24145    525987.55841        32.00000         8.00000
G07  21377928.64800  21377928.10000  21377932.63300 -49257837.85946 -38197674.76144        40.00000        24.00000
G08  20517945.60500  20517944.22700  20517950.03000 -49324532.39147 -34164613.69344        43.00000        28.00000
G10  19487322.44300  19487321.15400  19487327.82500 -54356659.71847 -39875429.38946        47.00000        36.00000
G26  23815605.14600  23815604.84300  23815615.38300 -11909998.30145  -6697250.58842        34.00000        12.00000
G28  19829538.80600  19829537.69300  19829543.74900 -37522134.76847 -26867450.31745        44.00000        30.00000
G30  20081960.16800  20081958.99600  20081967.46500 -50049852.01247 -36322762.66546        46.00000        36.00000
S33  18711027.11700          .62816        41.00000
S38  19373044.44200   -158724.56215        32.00000
> 2014 08 03 21 05 00.0000000  0 12
G05  22544197.41500  22544197.18000  22544203.29500 -30218530.13447 -23220728.50145        44.00000        30.00000
G06  25263414.94900  25263414.80300  25263429.38700    704811.87845    562001.95741        32.00000         8.00000
G07  22894637.41000  22894636.81500  22894640.87800 -49164579.85446 -38125005.84343        41.00000        22.00000
G08  22027986.54000  22027985.24100  22027991.55100 -49266309.79147 -34119245.05644        42.00000        26.00000
G10  20909948.39100  20909946.80800  20909953.67600 -54757811.25647 -40188015.15446        47.00000        36.00000
G13  24077158.18200  24077156.83400  24077164.53100 -58151885.18045   -298622.45940        35.00000         4.00000
G26  25076755.11000  25076752.95100  25076763.05200 -13159707.86545  -7671048.53242        34.00000        14.00000
G28  21077544.64400  21077543.44200  21077549.47900 -38840914.38747 -27895069.64944        42.00000        28.00000
G30  21530462.30800  21530461.16500  21530468.51100 -50315021.21647 -36529387.46645        46.00000        34.00000
S33  20088182.02200   -640103.27416        40.00000
S35  23010004.50600     -3070.88415        32.00000
S38  20753579.97800   -252367.54515        34.00000
> 2014 08 03 21 10 00.0000000  0 11
G02  25100283.55300                                    -10763.06855                        33.00000
G05  22310225.47000  22310225.17700  22310231.62400 -31448056.44047 -24178800.21745        44.00000        32.00000
G06  25269217.16900  25269216.76900  25269231.70500    735308.56045     13415.85841        32.00000        10.00000
G07  22912449.97600  22912448.91200  22912452.79000 -49070972.87046 -38052065.10743        40.00000        20.00000
G08  22041199.59200  22041198.60500  22041204.44700 -49196872.01746 -34065137.28344        41.00000        26.00000
G10  20844530.77500  20844529.20300  20844536.37300 -55101582.36647 -40455889.03845        46.00000        34.00000
G26  24836470.23400  24836469.27600  24836478.73200 -14422402.39246  -8654964.36742        36.00000        14.00000
G28  20836479.18400  20836477.67000  20836483.25800 -40107721.69447 -28882191.52845        44.00000        32.00000
G30  21483395.26300  21483394.27600  21483401.72000 -50562358.61047 -36722117.47945        46.00000        34.00000
S33  19966300.16200  -1280594.26516        41.00000
S38  20635063.57000   -133053.78615        35.00000
> 2014 08 03 21 15 00.0000000  0 12
G02  25088793.06200                                    -71137.49555                        32.00000
G05  22085250.64000  22085250.02500  22085256.55000 -32630305.16147 -25100032.38345        44.00000        32.00000
G07  22930103.66900  22930103.64900  22930107.65500 -48978196.98646 -37979771.66343        39.00000        20.00000
G08  22056166.90400  22056165.64400  22056171.72000 -49118216.49546 -34003846.76844        41.00000        24.00000
G10  20789891.11400  20789889.23800  20789896.24200 -55388719.52347 -40679632.45646        46.00000        36.00000
G13  24029229.21200  24029228.97700  24029236.42100 -58403759.75145   -494889.54941        35.00000         6.00000
G26  24593790.12400  24593789.88000  24593797.80200 -15697691.10146  -9648694.63942        38.00000        16.00000
G28  20605785.53700  20605784.14000  20605789.98200 -41320022.09447 -29826840.69745        44.00000        32.00000
G30  21439418.53300  21439417.80000  21439425.05800 -50793454.70047 -36902192.04945        45.00000        34.00000
S20  21180216.56900   -352369.51115        33.00000
S33  19844370.80800          .35416        40.00000
S38  20516491.49100   -756169.35016        36.00000
> 2014 08 03 21 20 00.0000000  0 10
G05  21869647.68000  21869646.83000  21869654.23500 -33763304.22647 -25982888.45645        45.00000        32.00000
G07  22947377.49700  22947376.79400  22947382.35200 -48887419.37146 -37909035.27643        37.00000        18.00000
G08  22072509.06100  22072508.38600  22072512.99700 -49032336.46546 -33936927.01744        41.00000        24.00000
G10  20745815.35100  20745813.74900  20745821.17300 -55620337.28947 -40860113.99145        46.00000        34.00000
G13  24010301.87500  24010302.22700  24010309.44600 -58503222.98345   -572394.01040        34.00000         2.00000
G26  24348784.70400  24348784.12700  24348791.72700 -16985200.48746 -10651947.65042        38.00000        16.00000
G28  20385882.97300  20385882.03500  20385887.01700 -42475613.57747 -30727300.60445        45.00000        32.00000
G30  21398221.23700  21398219.18500  21398227.62500 -51009949.21947 -37070888.64645        44.00000        32.00000
S20  21061253.95000   -977538.32515        33.00000
S33  19722393.15000   -640991.90616        41.00000
> 2014 08 03 21 25 00.0000000  0 13
G02  25064497.31000                                   -198818.23455                        34.00000
G05  21663844.85700  21663844.47600  21663850.65900 -34844802.32747 -26825613.66045        45.00000        34.00000
G07  22964157.76700  22964157.84600  22964160.16100 -48799237.99446 -37840322.05643        38.00000        18.00000
G08  22089955.86800  22089954.10000  22089959.89300 -48940653.82246 -33865485.61943        40.00000        22.00000
G10  20712131.30000  20712129.81500  20712137.27800 -55797348.93747 -40998045.17545        46.00000        34.00000
G13  23994966.17700  23994965.96200  23994973.92300 -58583816.02345   -635194.26741        33.00000         6.00000
G17  25086748.32800                                   -121236.82155                        32.00000
G26  24101628.91500  24101628.10400  24101635.91900 -18284001.24946 -11663998.28342        37.00000        16.00000
G28  20177231.91600  20177230.86100  20177235.99900 -43572077.18047 -31581686.62345        45.00000        34.00000
G30  21359587.42500  21359586.39000  21359593.10000 -51212967.76847 -37229084.20545        45.00000        32.00000
S20  20942301.17700  -1602612.77815        32.00000
S33  19600457.15400  -1281763.07916        41.00000
S38  20279247.49200   -503620.96215        34.00000
> 2014 08 03 21 30 00.0000000  0 12
G02  25050876.83700  25050875.90900  25050885.45300   -270391.85245    -54438.68141        32.00000         8.00000
G05  21468225.23700  21468224.59200  21468230.20000 -35872789.70447 -27626641.99545        45.00000        34.00000
G07  22980342.26200  22980340.40600  22980345.47600 -48714188.32246 -37774049.00142        37.00000        16.00000
G08  22108246.59800  22108245.22000  22108250.90500 -48844530.38546 -33790583.53843        41.00000        22.00000
G10  20688609.89000  20688608.12200  20688615.40900 -55920956.27447 -41094362.50945        46.00000        34.00000
G17  24819207.32600                                  -1527171.57655                        33.00000
G26  23852512.04900  23852511.48300  23852518.26200 -19593115.83046 -12684086.26742        38.00000        16.00000
G28  19980236.20100  19980235.01900  19980239.59100 -44607293.96147 -32388348.16045        45.00000        34.00000
G30  21323307.53600  21323306.70600  21323313.01600 -51403618.63247 -37377642.69845        44.00000        32.00000
S20  20823448.42300  -2227200.55415        33.00000
S33  19478641.17300          .73716        41.00000
S38  20160736.59300  -1126372.34315        34.00000
> 2014 08 03 21 35 00.0000000  0 11
G02  25035706.65500                                   -350107.23155                        33.00000
G05  21283090.96900  21283090.06000  21283096.58600 -36845672.50047 -28384731.60445        45.00000        34.00000
G07  22995808.98400  22995807.88000  22995812.04100 -48632902.68646 -37710708.67542        38.00000        14.00000
G08  22127107.62600  22127106.48300  22127112.09100 -48745412.25446 -33713347.69643        40.00000        22.00000
G10  20674938.93400  20674937.17600  20674944.57000 -55992796.74947 -41150341.95145        46.00000        32.00000
G26  23601599.89700  23601599.61300  23601605.78700 -20911664.55646 -13711525.81243        39.00000        18.00000
G28  19795206.97200  19795205.49700  19795210.15700 -45579626.28647 -33146008.70745        45.00000        34.00000
G30  21289144.96900  21289143.24000  21289150.93800 -51583141.41847 -37517530.15645        44.00000        30.00000
S20  20704719.92300  -2851116.60915        32.00000
S33  19356987.46400   -639298.76416        41.00000
S38  20042366.14400  -1748381.61915        33.00000
> 2014 08 03 21 40 00.0000000  0 11
G05  21108711.05400  21108710.14600  21108715.99700 -37762043.00647 -29098785.87845        45.00000        34.00000
G07  23010469.19600  23010468.30700  23010472.58600 -48555862.32845 -37650676.29642        34.00000        14.00000
G08  22146293.51300  22146293.10300  22146297.85100 -48644587.07146 -33634781.89343        40.00000        20.00000
G10  20670775.76500  20670774.06600  20670781.19600 -56014675.00547 -41167389.92145        46.00000        32.00000
G17  24273925.43300                                  -4392642.90855                        32.00000
G26  23349088.40200  23349087.84500  23349094.66300 -22238619.03946 -14745515.07743        40.00000        20.00000
G28  19622410.98600  19622409.71600  19622414.05300 -46487671.18947 -33853575.34146        45.00000        36.00000
G30  21256887.26200  21256885.97200  21256892.69300 -51752653.36147 -37649616.54745        43.00000        30.00000
S20  20586164.74300  -3474116.79515        32.00000
S33  19235538.80400  -1277518.20816        41.00000
S38  19924194.17900                        38.00000
> 2014 08 03 21 45 00.0000000  0 12
G05  20945164.00200  20945163.52300  20945169.19900 -38621485.78447 -29768481.14145        45.00000        34.00000
G07  23024104.21500  23024104.26300  23024108.28800 -48484200.54246 -37594834.99842        36.00000        14.00000
G08  22165438.85200  22165437.88500  22165442.80800 -48543974.76946 -33556382.11343        39.00000        18.00000
G10  20675595.14600  20675593.18300  20675600.78300 -55989348.79847 -41147655.34145        45.00000        30.00000
G13  23972167.57100                                 -58703632.37555                        32.00000
G26  23095048.04300  23095046.70500  23095054.55900 -23573602.84346 -15785760.60043        39.00000        22.00000
G28  19461913.81600  19461912.62400  19461916.75600 -47331085.77547 -34510780.45246        45.00000        36.00000
G30  21226193.52500  21226192.28500  21226198.71200 -51913948.33547 -37775300.55145        43.00000        30.00000
S20  20467687.37900  -4096709.90715        32.00000
S33  19114196.60100          .30316        41.00000
S35  22061276.65300    -23251.02315        33.00000
S38  19806100.05900    -69040.31316        36.00000
> 2014 08 03 21 50 00.0000000  0  9
G05  20792538.48900  20792537.87400  20792543.49100 -39423538.27547 -30393456.88845        46.00000        34.00000
G07  23036578.95100  23036578.03300  23036581.60800 -48418646.65946 -37543753.29542        37.00000        16.00000
G08  22184257.75900  22184257.59300  22184262.19400 -48445077.73746 -33479318.93543        37.00000        18.00000
G10  20688896.33900  20688894.74700  20688902.37600 -55919450.43247 -41093189.21345        45.00000        30.00000
G26  22839628.86500  22839629.20600  22839633.52400 -24915832.05646 -16831652.17043        41.00000        22.00000
G28  19313779.03600  19313777.66900  19313781.64400 -48109533.26547 -35117361.59145        45.00000        34.00000
G30  21196796.73100  21196795.65600  21196801.22400 -52068429.05547 -37895674.63244        43.00000        28.00000
S20  20349240.21900  -4719142.91515        32.00000
S33  18992918.56600   -637311.90916        41.00000
> 2014 08 03 21 55 00.0000000  0 10
G05  20650883.68100  20650883.15300  20650888.83900 -40167937.59647 -30973507.97646        46.00000        36.00000
G07  23047782.43600  23047781.59600  23047784.06800 -48359774.02445 -37497877.86342        35.00000        12.00000
G08  22202499.02100  22202498.21100  22202503.22200 -48349214.50646 -33404619.69442        38.00000        16.00000
G10  20710159.75200  20710157.70000  20710165.10500 -55807712.60147 -41006120.91144        43.00000        28.00000
G26  22583012.05900  22583011.84400  22583017.79300 -26264356.59046 -17882449.33143        40.00000        22.00000
G28  19178023.97500  19178022.56900  19178026.16400 -48822929.12747 -35673253.84146        45.00000        36.00000
G30  21168457.14200  21168455.46100  21168461.91800 -52217352.50847 -38011718.28144        43.00000        28.00000
S20  20230795.52100  -5341594.41715        33.00000
S33  18871673.23500  -1274454.41416        41.00000
S38  19570009.97200    -29928.81015        35.00000
> 2014 08 03 22 00 00.0000000  0 10
G05  20520240.62400  20520240.21300  20520245.39100 -40854469.78247 -31508467.61746        46.00000        36.00000
G07  23057664.16800  23057664.96900  23057667.47000 -48307839.85445 -37457409.26041        34.00000         8.00000
G08  22219976.70700  22219974.93900  22219980.23300 -48257372.75546 -33333054.19742        38.00000        16.00000
G10  20738879.04800  20738877.24100  20738884.81200 -55656790.71447 -40888519.54444        44.00000        28.00000
G17  23154895.19500  23154895.53700  23154903.44900  -4639386.84745   -478678.98041        32.00000         8.00000
G26  22325441.09500  22325440.13800  22325445.78400 -27617899.99946 -18937157.25744        41.00000        24.00000
G28  19054646.16200  19054644.89200  19054647.86200 -49471283.94647 -36178465.05946        45.00000        36.00000
G30  21140994.60900  21140993.47600  21140999.68900 -52361665.07647 -38124168.92444        42.00000        28.00000
S20  20112355.17900   -137832.20315        33.00000
S33  18750470.67100          .59216        41.00000
> 2014 08 03 22 05 00.0000000  0 10
G05  20400569.15000  20400568.63200  20400573.60400 -41483345.45347 -31998500.01246        46.00000        36.00000
G08  22236494.69500  22236493.36600  22236497.69400 -48170567.71246 -33265413.38342        37.00000        14.00000
G10  20774498.72000  20774497.18600  20774505.12800 -55469607.57847 -40742662.70844        42.00000        26.00000
G17  22872058.69100  22872057.50900  22872066.03700  -6125697.77845  -1636841.14141        33.00000        10.00000
G26  22067148.26500  22067148.30400  22067152.74900 -28975231.27847 -19994816.95744        42.00000        24.00000
G28  18943554.44800  18943553.02200  18943556.43100 -50055070.40147 -36633362.75346        45.00000        36.00000
G30  21114218.35600  21114217.24200  21114223.57200 -52502370.96047 -38233809.16444        42.00000        26.00000
S20  19993890.71000   -760349.01715        33.00000
S33  18629286.05100   -636829.66416        41.00000
S38  19333949.57100                        38.00000
> 2014 08 03 22 10 00.0000000  0 10
G05  21790760.75800  21790759.75200  21790764.80200 -42054939.20947 -32443897.27446        47.00000        36.00000
G08  23750862.26300  23750861.78500  23750865.31100 -48089607.15546 -33202326.70542        36.00000        12.00000
G10  22315423.00600  22315421.62900  22315428.91600 -55249097.91646 -40570837.26144        41.00000        24.00000
G17  24088041.94700  24088042.99200  24088050.55300  -7612747.80945  -2795579.02042        34.00000        12.00000
G26  23307375.35300  23307374.41600  23307379.79800 -30334891.84147 -21054291.50644        42.00000        26.00000
G28  20343583.59500  20343582.31600  20343585.48100 -50574964.24447 -37038473.99546        46.00000        36.00000
G30  22586936.86900  22586936.18500  22586941.49900 -52640280.88746 -38341270.91544        40.00000        26.00000
S20  21374371.35700  -1382971.38815        32.00000
S33  20007077.91500  -1273573.09817        42.00000
S38  20714865.71400    -32407.95216        36.00000
> 2014 08 03 22 15 00.0000000  0 12
G05  21692787.24400  21692787.20500  21692791.41500 -42569789.97947 -32845079.43746        46.00000        36.00000
G08  23765050.83800  23765049.86100  23765054.07100 -48015043.73746 -33144225.02342        36.00000        12.00000
G10  22363181.57600  22363179.92500  22363187.03700 -54998127.02646 -40375275.87744        41.00000        24.00000
G15  25636572.91300  25636572.51200  25636578.65700   -744280.02345   -300590.50841        32.00000         6.00000
G17  23805517.20300  23805515.98200  23805522.72200  -9097424.74346  -3952467.95642        36.00000        14.00000
G26  23048506.32400  23048505.96300  23048510.56400 -31695250.70647 -22114309.98644        42.00000        26.00000
G28  20256644.86700  20256643.36200  20256646.55700 -51031828.40247 -37394471.42645        45.00000        34.00000
G30  22561114.64800  22561112.38100  22561118.65300 -52775980.72646 -38447010.65344        41.00000        26.00000
S20  21255882.26100   -317909.95015        32.00000
S33  19885942.95700          .67316        40.00000
S35  22851138.69000    -74154.52815        34.00000
S38  20596829.43300    -13072.97616        38.00000
> 2014 08 03 22 20 00.0000000  0 10
G05  21605428.04400  21605427.43900  21605432.47000 -43028865.57947 -33202800.46246        47.00000        36.00000
G08  23777900.28000  23777899.48900  23777903.36700 -47947518.87445 -33091607.80442        34.00000        12.00000
G10  22416140.64100  22416138.90300  22416146.87400 -54719827.22546 -40158419.38744        41.00000        24.00000
G15  25334547.97300  25334547.01600  25334554.76200  -2331420.67145  -1537322.70141        33.00000         6.00000
G17  23524024.75400  23524024.07100  23524031.16200 -10576667.67446  -5105122.57842        36.00000        14.00000
G26  22789810.64500  22789809.82500  22789814.51400 -33054700.78947 -23173620.62844        43.00000        26.00000
G28  20181450.20700  20181448.71300  20181451.84900 -51426975.59547 -37702377.59145        45.00000        34.00000
G30  22535582.77300  22535580.98500  22535587.19800 -52910148.69947 -38551556.67944        42.00000        24.00000
S33  19764829.19800   -636461.73516        40.00000
S38  20478778.00100                        39.00000
> 2014 08 03 22 25 00.0000000  0 10
G05  21528551.52900  21528550.50300  21528555.60200 -43432855.21947 -33517597.33546        46.00000        36.00000
G08  23789414.80200  23789413.47300  23789416.34500 -47887013.08546 -33044459.84542        38.00000        14.00000
G10  22473799.41500  22473797.83300  22473806.27300 -54416828.78346 -39922317.17943        40.00000        22.00000
G15  25031119.72300  25031120.10400  25031125.85800  -3925946.45145  -2779809.27541        34.00000        10.00000
G17  23244259.87800  23244259.08700  23244265.97400 -12046832.08046  -6250702.99243        37.00000        18.00000
G26  22531714.04300  22531713.09600  22531716.90500 -34411006.07247 -24230480.93144        43.00000        28.00000
G28  20117801.61200  20117800.35100  20117802.63700 -51761449.18247 -37963005.54945        46.00000        34.00000
G30  22510335.33400  22510334.17200  22510339.22200 -53042821.81046 -38654937.74844        41.00000        24.00000
S33  19643818.81700  -1272370.08516        41.00000
S38  20360803.78800   -620946.36116        38.00000
> 2014 08 03 22 30 00.0000000  0 10
G05  21461961.61600  21461960.99100  21461965.94400 -43782785.91847 -33790270.47645        45.00000        34.00000
G08  23799597.62500  23799595.19300  23799600.23300 -47833496.81445 -33002758.34241        35.00000        10.00000
G10  22535637.37800  22535635.45400  22535643.78600 -54091872.70246 -39669105.24643        39.00000        20.00000
G15  24726639.04400  24726637.41300  24726642.79500  -5526004.58045  -4026606.79942        35.00000        12.00000
G17  22966908.49300  22966907.96500  22966914.13900 -13504313.47246  -7386400.78142        36.00000        16.00000
G26  22274642.99700  22274641.08200  22274645.55600 -35761922.80247 -25283142.60444        44.00000        28.00000
G28  20065435.07800  20065433.63300  20065436.59200 -52036632.88347 -38177433.68845        46.00000        34.00000
G30  22485366.06100  22485364.68300  22485370.38800 -53174034.35047 -38757180.99543        42.00000        22.00000
S33  19522985.26400          .75616        41.00000
S38  20242968.11100   -478555.21716        36.00000
> 2014 08 03 22 35 00.0000000  0 12
G05  21405280.35700  21405279.59600  21405284.11800 -44080646.29047 -34022369.25045        45.00000        34.00000
G08  23808338.66100  23808338.92500  23808340.44900 -47787563.46545 -32966965.76140        34.00000         2.00000
G10  22600991.21600  22600989.30100  22600996.79300 -53748439.17846 -39401495.27842        37.00000        16.00000
G15  24421339.83200  24421338.29800  24421344.34500  -7130359.72546  -5276752.76042        38.00000        16.00000
G17  22692526.85000  22692525.87300  22692531.55800 -14946194.03546  -8509941.94943        40.00000        18.00000
G26  22018904.16600  22018902.51600  22018907.58500 -37105835.71047 -26330346.91345        43.00000        30.00000
G28  20023906.90700  20023905.47100  20023908.26500 -52254864.41047 -38347483.92445        46.00000        34.00000
G30  22460548.52000  22460547.30900  22460552.34900 -53304450.82546 -38858803.89643        40.00000        20.00000
S20  20782368.68900   -224064.80815        33.00000
S33  19402251.17300   -634448.40516        40.00000
S35  22378978.44300    -11096.79415        33.00000
S38  20125205.63800   -331536.10615        35.00000
> 2014 08 03 22 40 00.0000000  0 11
G05  21358137.19700  21358136.78700  21358141.06600 -44328383.69447 -34215411.09345        45.00000        34.00000
G07  24587329.12300  24587329.59200  24587330.49100      -293.03955     -1740.90051        32.00000         6.00000
G10  22669250.18800  22669247.67700  22669257.03500 -53389739.52246 -39121989.73242        37.00000        14.00000
G15  24115527.27000  24115526.06800  24115531.98800  -8737409.48746  -6528998.19543        37.00000        18.00000
G17  22421723.44300  22421722.68100  22421728.08300 -16369268.02747  -9618829.10744        42.00000        24.00000
G26  21764872.32600  21764871.51500  21764875.24700 -38440776.15747 -27370559.38245        44.00000        30.00000
G28  19992782.14900  19992780.52700  19992783.68300 -52418424.98047 -38474933.48945        45.00000        34.00000
G30  22435823.55500  22435821.72800  22435827.21800 -53434382.64146 -38960048.96343        39.00000        20.00000
S20  20664157.00700   -234241.55615        33.00000
S33  19281601.43200  -1268454.26016        40.00000
S38  20007490.05300   -223248.75615        33.00000
> 2014 08 03 22 45 00.0000000  0 11
G05  21320184.01900  21320183.43300  21320188.72800 -44527826.77647 -34370821.11745        44.00000        32.00000
G07  24585838.95200  24585839.44100  24585840.02700     -5822.65056      -631.03351        36.00000        10.00000
G10  22739868.23000  22739864.94800  22739872.73400 -53018644.86646 -38832825.94542        38.00000        14.00000
G15  23809587.59100  23809587.15200  23809592.37800 -10345123.32646  -7781760.59542        37.00000        16.00000
G17  22155173.00600  22155171.80500  22155177.38300 -17769993.54346 -10710301.86644        41.00000        26.00000
G26  21513001.21900  21513000.12500  21513003.92500 -39764365.40747 -28401926.85545        45.00000        30.00000
G28  19971654.24400  19971653.01300  19971655.05500 -52529450.99947 -38561446.78545        46.00000        32.00000
G30  22411209.23600  22411208.48400  22411212.21600 -53563727.59946 -39060836.88943        39.00000        20.00000
S20  20546025.23900   -855009.26515        33.00000
S33  19161077.00000          .46816        40.00000
S38  19889862.58000    -74862.74415        34.00000
> 2014 08 03 22 50 00.0000000  0 11
G05  21290853.54200  21290852.60400  21290857.17600 -44681964.03747 -34490928.01045        46.00000        32.00000
G07  24583270.83800  24583270.38800  24583272.53700    -19316.66345    -11145.60940        33.00000         4.00000
G10  22812120.08800  22812117.40200  22812126.93600 -52638961.53246 -38536969.76142        36.00000        16.00000
G15  23503743.68200  23503743.41800  23503746.50500 -11952340.62246  -9034136.68142        36.00000        16.00000
G17  21893364.28200  21893363.76400  21893367.71100 -19145800.15847 -11782357.44743        42.00000        22.00000
G26  21263573.43500  21263573.05400  21263575.65200 -41075116.09647 -29423290.52745        45.00000        32.00000
G28  19959901.83200  19959900.40600  19959902.37000 -52591210.65847 -38609570.91145        45.00000        32.00000
G30  22386558.71600  22386557.10400  22386561.39200 -53693267.05846 -39161776.43743        38.00000        18.00000
S20  20427840.06800  -1476110.04215        32.00000
S33  19040535.73800   -633449.76116        40.00000
S38  19772175.94900   -111990.41516        39.00000
> 2014 08 03 22 55 00.0000000  0 11
G05  21269735.87400  21269735.43500  21269740.58300 -44792936.30947 -34577400.05445        45.00000        32.00000
G07  24579773.53200  24579771.48100  24579773.77700    -37701.25145    -25471.14340        34.00000         2.00000
G10  22885483.54200  22885481.50100  22885490.24300 -52253438.24345 -38236563.11042        34.00000        12.00000
G15  23198429.02600  23198427.61900  23198431.69200 -13556782.34046 -10284350.25143        38.00000        18.00000
G17  21636976.81000  21636975.79400  21636979.77900 -20493122.48946 -12832217.67143        38.00000        22.00000
G26  21017078.81100  21017077.84400  21017081.36000 -42370451.10847 -30432641.92145        46.00000        32.00000
G28  19957070.20500  19957069.02300  19957071.22100 -52606086.52647 -38621162.15345        45.00000        30.00000
G30  22361930.88800  22361930.27200  22361934.45300 -53822682.62346 -39262619.56643        38.00000        18.00000
S20  20309624.69300  -2097316.79515        33.00000
S33  18920027.15000  -1266735.81516        41.00000
S38  19654485.05900   -406884.72816        38.00000
> 2014 08 03 23 00 00.0000000  0 11
G05  21256336.15800  21256335.20000  21256340.61200 -44863353.89147 -34632271.09445        44.00000        32.00000
G08  23829566.33100                                      2218.62355                        32.00000
G10  22959384.70800  22959382.75400  22959391.72200 -51865085.41745 -37933951.68141        34.00000         8.00000
G15  22894032.96100  22894032.32600  22894034.49500 -15156389.11746 -11530796.01743        40.00000        20.00000
G17  21386618.86800  21386618.87800  21386622.79500 -21808752.18346 -13857382.61444        38.00000        24.00000
G26  20773960.10000  20773959.04500  20773961.54500 -43648048.31147 -31428171.64645        46.00000        32.00000
G28  19962627.06200  19962626.23200  19962628.01900 -52576884.30847 -38598406.64945        45.00000        30.00000
G30  22337342.90500  22337342.63100  22337346.10900 -53951893.66245 -39363303.42942        35.00000        14.00000
S20  20191385.13100  -2718656.56415        32.00000
S33  18799535.41400          .89116        40.00000
S38  19536785.67100   -176663.68015        34.00000
> 2014 08 03 23 05 00.0000000  0 10
G05  21250097.42700  21250096.98700  21250101.94000 -44896141.21047 -34657820.16345        44.00000        32.00000
G10  23033230.12600  23033229.16800  23033238.22400 -51477028.38445 -37631570.69441        33.00000         8.00000
G15  22590932.91000  22590931.10300  22590934.58000 -16749191.61746 -12771940.30943        39.00000        20.00000
G17  21142860.15000  21142858.53900  21142862.82700 -23089714.42946 -14855533.88243        39.00000        22.00000
G26  20534633.67000  20534632.56700  20534635.48700 -44905713.73847 -32408170.24245        46.00000        34.00000
G28  19975986.56200  19975985.30200  19975987.39300 -52506678.31247 -38543700.56744        44.00000        28.00000
G30  22312790.62500  22312787.35300  22312792.76400 -54080924.61845 -39463846.96442        34.00000        14.00000
S20  20073071.58300    -14147.34015        32.00000
S33  18679022.60600   -633313.52116        40.00000
S38  19419006.27000   -139636.53416        36.00000
> 2014 08 03 23 10 00.0000000  0 11
G05  22749339.81600  22749339.65000  22749344.32900 -44894668.93747 -34656673.45045        43.00000        30.00000
G08  25326585.50900  25326582.34400  25326584.59000     -7419.70345     -2525.83841        32.00000         6.00000
G10  24605336.09000  24605334.08800  24605344.70600 -51092663.30445 -37332066.54941        34.00000         8.00000
G15  23788420.92500  23788420.93500  23788423.59200 -18333440.29646 -14006419.11643        41.00000        22.00000
G17  22405149.29700  22405148.58300  22405151.97300 -24333433.46946 -15824664.73644        40.00000        24.00000
G26  21798428.45100  21798427.01500  21798430.34600 -46141526.79847 -33371141.25145        46.00000        34.00000
G28  21495451.24700  21495450.21200  21495452.05800 -52398937.37747 -38459746.50544        44.00000        28.00000
G30  23787176.86900  23787176.42000  23787181.39200 -54210063.25346 -39564474.48742        36.00000        16.00000
S20  21453544.59100   -636838.78815        34.00000
S33  20057333.87600  -1267323.27516        40.00000
S38  20800018.46500   -460362.39915        33.00000
> 2014 08 03 23 15 00.0000000  0 10
G05  22755595.76900  22755595.03600  22755600.02800 -44861797.63747 -34631059.92544        42.00000        28.00000
G10  24677263.98800  24677261.68300  24677272.87800 -50714682.51545 -37037537.04140        32.00000         2.00000
G15  23489024.37100  23489022.67100  23489027.66300 -19906777.07746 -15232394.83643        39.00000        22.00000
G17  22176139.56700  22176139.12700  22176142.43900 -25536885.69547 -16762419.37344        42.00000        26.00000
G26  21567893.68700  21567892.84700  21567895.70900 -47352993.14847 -34315140.84746        46.00000        36.00000
G28  21522545.52100  21522543.74300  21522545.70600 -52256556.34947 -38348800.16444        43.00000        26.00000
G30  23762653.37700  23762654.07100  23762658.07600 -54338932.08145 -39664891.80642        34.00000        12.00000
S20  21334871.17600  -1260477.45615        33.00000
S33  19936554.01000          .35316        40.00000
S38  20681898.88800    -81391.99115        35.00000
> 2014 08 03 23 20 00.0000000  0  9
G05  22767299.62100  22767299.47500  22767303.78300 -44800294.67446 -34583136.10744        41.00000        28.00000
G10  24747508.93700  24747507.86200  24747518.34400 -50345539.77445 -36749894.03241        34.00000        10.00000
G15  23192213.39700  23192212.67400  23192216.82600 -21466524.27146 -16447781.84844        40.00000        24.00000
G17  21955389.24200  21955388.34300  21955391.69300 -26696936.06647 -17666354.42044        42.00000        26.00000
G26  21342513.92700  21342512.62800  21342515.26500 -48537373.46047 -35238034.54246        47.00000        36.00000
G28  21555708.60300  21555706.56200  21555708.84800 -52082281.89447 -38213001.72544        42.00000        24.00000
G30  23738298.04800  23738299.26000  23738302.59100 -54466918.30345 -39764621.42741        35.00000        10.00000
S20  21216054.11500  -1884847.68715        34.00000
S33  19815687.55700   -635161.90516        41.00000
> 2014 08 03 23 25 00.0000000  0 10
G05  22783899.87900  22783899.58600  22783904.59700 -44713062.77047 -34515163.91044        42.00000        26.00000
G08  25313465.92100  25313465.06100  25313467.47400    -59000.19755     -1776.24051        34.00000         6.00000
G15  22898492.28800  22898491.55600  22898494.80800 -23010039.65046 -17650520.64944        41.00000        26.00000
G17  21743447.61800  21743446.90500  21743450.09900 -27810693.67047 -18534216.86244        42.00000        28.00000
G26  21122790.08600  21122789.06000  21122792.30300 -49692028.00647 -36137765.35546        47.00000        36.00000
G28  21594404.03400  21594402.88100  21594403.96600 -51878935.85247 -38054550.14444        42.00000        24.00000
G30  23714224.61600  23714221.82300  23714229.86200 -54593435.70045 -39863206.56742        34.00000        12.00000
S20  21097122.81300  -2509851.95715        34.00000
S33  19694754.28800  -1270673.41416        41.00000
S38  20445282.49900    -34882.69415        32.00000
> 2014 08 03 23 30 00.0000000  0 11
G05  22804870.88400  22804869.93600  22804876.01200 -44602861.86846 -34429293.87944        41.00000        26.00000
G12  24945046.76900  24945046.06500  24945057.46500  -1477000.92645   -331606.47941        33.00000        10.00000
G15  22608407.34200  22608406.91300  22608410.18500 -24534444.08346 -18838367.94144        41.00000        26.00000
G17  21540869.33600  21540868.77900  21540871.68000 -28875249.06447 -19363739.83144        43.00000        28.00000
G26  20909257.35400  20909256.33800  20909259.42500 -50814150.09947 -37012146.07146        47.00000        36.00000
G28  21638133.74100  21638132.09000  21638133.77000 -51649133.89346 -37875483.46243        41.00000        22.00000
G30  23690584.24700  23690582.79200  23690587.79300 -54717666.43646 -39960009.92342        36.00000        14.00000
S20  20978124.68600  -3135170.30115        33.00000
S33  19573812.03200          .01216        41.00000
S35  22579384.24100   -118961.68715        32.00000
S38  20326865.98200   -193640.67815        32.00000
> 2014 08 03 23 35 00.0000000  0 10
G05  22829748.58800  22829747.37700  22829752.36900 -44472135.69247 -34327430.07344        42.00000        24.00000
G15  22322581.54000  22322580.77800  22322583.68900 -26036470.02047 -20008777.41744        43.00000        28.00000
G17  21348236.09500  21348234.83500  21348237.67700 -29887540.96147 -20152538.14044        43.00000        28.00000
G24  24604989.37000  24604988.30500  24604998.62100  -3347323.65045  -1442759.50041        33.00000        10.00000
G26  20702507.57100  20702506.05700  20702509.44700 -51900627.10247 -37858751.32546        47.00000        36.00000
G28  21686472.19300  21686470.91300  21686472.94500 -51395114.39447 -37677546.09143        42.00000        22.00000
G30  23667606.82100  23667605.55100  23667610.34700 -54838415.44445    -16373.31141        34.00000        10.00000
S20  20859199.17600  -3760148.38415        32.00000
S33  19452984.16500   -634959.48416        41.00000
S35  22460930.22300   -741411.50115        32.00000
> 2014 08 03 23 40 00.0000000  0 11
G05  22857896.13000  22857895.24100  22857900.80000 -44324222.69447 -34212173.84944        42.00000        24.00000
G12  24384505.88800                                  -4422642.03555     -9305.35151        33.00000         8.00000
G15  22041472.03300  22041472.19900  22041474.18200 -27513705.55347 -21159869.70744        44.00000        28.00000
G17  21165923.02100  21165922.31800  21165924.25200 -30845603.05547 -20899079.82245        44.00000        30.00000
G24  24370443.07300  24370443.23900  24370452.41100  -4579860.17645  -2403174.72842        34.00000        14.00000
G26  20502954.36000  20502953.12900  20502956.10900 -52949286.09547 -38675888.06846        47.00000        36.00000
G28  21738834.18400  21738832.66000  21738834.91700 -51119947.39346 -37463130.12843        41.00000        20.00000
G30  23645358.99700  23645359.31900  23645364.37900 -54955324.37945   -107471.40442        35.00000        12.00000
S20  20740275.52300  -4385083.18215        32.00000
S33  19332223.23000  -1269564.51517        42.00000
S38  20090182.46500  -1437403.54315        32.00000
> 2014 08 03 23 45 00.0000000  0 10
G05  22888700.97300  22888700.28900  22888707.55700 -44162338.66646 -34086031.19643        39.00000        22.00000
G12  24110391.64600  24110388.99900  24110401.19900  -5863119.61245  -1131752.98241        32.00000         8.00000
G15  21765566.59600  21765565.19900  21765569.32200 -28963599.54947 -22289656.90545        43.00000        30.00000
G17  20994282.34400  20994280.98600  20994283.95600 -31747577.82847 -21601916.88245        42.00000        30.00000
G24  24134900.84700  24134900.93500  24134908.24100  -5817634.91345  -3367671.87341        33.00000        10.00000
G26  20311019.65800  20311018.65200  20311021.69000 -53957907.60747 -39461826.91746        47.00000        36.00000
G28  21794672.17500  21794670.58300  21794671.33500 -50826521.64146 -37234486.66743        41.00000        20.00000
S20  20621348.51900  -5010054.12515        32.00000
S33  19211504.65100          .27317        42.00000
S38  19971849.85900  -2059252.41815        32.00000
> 2014 08 03 23 50 00.0000000  0  9
G05  22921662.71900  22921662.62100  22921668.14000 -43989128.94546 -33951063.54143        39.00000        20.00000
G12  23840693.70100  23840694.08200  23840700.71500  -7280376.84746  -2236105.62042        36.00000        12.00000
G15  21495454.87100  21495453.83600  21495457.20600 -30383046.45147 -23395719.25745        45.00000        32.00000
G17  20833726.54400  20833725.60700  20833728.51700 -32591303.33047 -22259365.23345        43.00000        30.00000
G26  20127214.65500  20127213.63000  20127216.76500 -54923811.95648 -40214479.80446        48.00000        38.00000
G28  21853553.19200  21853551.57000  21853554.16900 -50517095.06246 -36993375.02242        38.00000        16.00000
G30  23603542.24700                                 -55175085.52155                        33.00000
S33  19090910.42400   -633726.95217        42.00000
S38  19853593.86600  -2680711.90415        33.00000
> 2014 08 03 23 55 00.0000000  0 11
G05  22955993.51700  22955993.36100  22956000.45300 -43808721.34346 -33810487.29343        38.00000        18.00000
G12  23575362.47900  23575360.19300  23575369.52200  -8674687.97145  -3322579.78041        33.00000         6.00000
G15  21231437.19700  21231436.81600  21231440.00100 -31770465.50247 -24476824.97845        44.00000        32.00000
G17  20684328.37700  20684327.62500  20684330.08700 -33376395.59247 -22871125.24745        44.00000        32.00000
G24  23660676.63300  23660676.68200  23660683.79300  -8309684.52345  -5309525.34042        35.00000        12.00000
G26  19951738.66600  19951737.76800  19951740.85500 -55845944.67447 -40933024.92846        47.00000        38.00000
G28  21914779.48600  21914778.42100  21914779.27100 -50195352.66546 -36742666.71242        40.00000        16.00000
G30  23584093.14000                                 -55277303.52155                        32.00000
S20  20383481.80300  -6260038.99815        32.00000
S33  18970232.62800  -1267899.17517        42.00000
S38  19735196.83800  -3302877.61315        32.00000
